X,Y,Index_,ACCNUM,YEAR,DATE,TIME,Hour,STREET1,STREET2,OFFSET,ROAD_CLASS,District,LATITUDE,LONGITUDE,LOCCOORD,ACCLOC,TRAFFCTL,VISIBILITY,LIGHT,RDSFCOND,ACCLASS,IMPACTYPE,INVTYPE,INVAGE,INJURY,FATAL_NO,INITDIR,VEHTYPE,MANOEUVER,DRIVACT,DRIVCOND,PEDTYPE,PEDACT,PEDCOND,CYCLISTYPE,CYCACT,CYCCOND,PEDESTRIAN,CYCLIST,AUTOMOBILE,MOTORCYCLE,TRUCK,TRSN_CITY_,EMERG_VEH,PASSENGER,SPEEDING,AG_DRIV,REDLIGHT,ALCOHOL,DISABILITY,Division,Ward_Name,Ward_ID,Hood_ID,Hood_Name,ObjectId
-79.574649,43.728125,80150470,4001467875,2014,2014-02-04T05:00:00.000Z,1255,12,KIPLING AVE,WESTHUMBER BLVD, ,Major Arterial,Etobicoke York,43.728125,-79.574649,Intersection,At Intersection,Traffic Signal,Clear,Daylight,Dry,Non-Fatal Injury,Pedestrian Collisions,Pedestrian,25 to 29,Major,0,East, , , , ,Vehicle is going straight thru inter.while ped cross with ROW,Crossing with right of way,Normal, , , ,Yes, ,Yes, , , , , , ,Yes,Yes,Yes, ,23,,,4,,2035
-79.38379,43.655745,6599491,1221014,2011,2011-01-11T05:00:00.000Z,1140,11,DUNDAS ST W,BAY ST, ,Major Arterial,Toronto and East York,43.655745,-79.38379,Intersection,At Intersection,Traffic Signal,Clear,Daylight,Dry,Non-Fatal Injury,Pedestrian Collisions,Driver,40 to 44,Minimal,0,East,"Automobile, Station Wagon",Turning Left,Failed to Yield Right of Way,Inattentive, , , , , , ,Yes, ,Yes, , , , ,Yes, ,Yes, , , ,52,,,76,,2036
-79.26119,43.752345,5338060,1028580,2008,2008-03-04T05:00:00.000Z,1230,12,2701 LAWRENCE AVE E, , ,Major Arterial,Scarborough,43.752345,-79.26119,Mid-Block, ,No Control,Clear,Daylight,Dry,Non-Fatal Injury,Pedestrian Collisions,Driver,35 to 39,Minor,0,West,"Automobile, Station Wagon",Turning Left,Driving Properly,Normal, , , , , , ,Yes, ,Yes, , , , , ,Yes,Yes, , , ,41,,,127,,2037
-79.282245,43.769412,80220494,4003101857,2014,2014-10-14T04:00:00.000Z,1255,12,KENNEDY RD,GLAMORGAN AVE, ,Major Arterial,Scarborough,43.769412,-79.282245,Intersection,At Intersection,Traffic Signal,Clear,Daylight,Wet,Non-Fatal Injury,Turning Movement,Driver,45 to 49,None,0,North,"Automobile, Station Wagon",Turning Left,Failed to Yield Right of Way,Inattentive, , , , , , , , ,Yes,Yes, , , , , ,Yes, , , ,41,,,126,,2038
-79.282245,43.769412,80220495,4003101857,2014,2014-10-14T04:00:00.000Z,1255,12,KENNEDY RD,GLAMORGAN AVE, ,Major Arterial,Scarborough,43.769412,-79.282245,Intersection,At Intersection,Traffic Signal,Clear,Daylight,Wet,Non-Fatal Injury,Turning Movement,Motorcycle Driver,50 to 54,Major,0,South,Motorcycle,Going Ahead,Driving Properly,Normal, , , , , , , , ,Yes,Yes, , , , , ,Yes, , , ,41,,,126,,2039
-79.339046,43.65108,80240607,5000935132,2015,2015-06-04T04:00:00.000Z,1255,12,COMMISSIONERS ST,BOUCHETTE ST,80 m East of,Collector,Toronto and East York,43.65108,-79.339046,Mid-Block,Non Intersection,No Control,Clear,Daylight,Dry,Non-Fatal Injury,SMV Other,Driver,45 to 49,Major,0,East,"Automobile, Station Wagon",Changing Lanes,Exceeding Speed Limit,Inattentive, , , , , , , , ,Yes, , , , , ,Yes,Yes, , , ,55,,,70,,2040
-79.439845,43.670371,80780400,7001415080,2017,2017-08-06T04:00:00.000Z,1255,12,DUFFERIN ST,BRANDON AVE,18 m South of BRANDON AV,Major Arterial,Toronto and East York,43.670371,-79.439845,Intersection,Intersection Related,No Control,Clear,Daylight,Dry,Non-Fatal Injury,Turning Movement,Driver,55 to 59,None,0,South,"Automobile, Station Wagon",Turning Left,Failed to Yield Right of Way,Normal, , , , , , , , ,Yes,Yes, , , , ,Yes,Yes, , , ,13,,,93,,2041
-79.439845,43.670371,80780401,7001415080,2017,2017-08-06T04:00:00.000Z,1255,12,DUFFERIN ST,BRANDON AVE,18 m South of BRANDON AV,Major Arterial,Toronto and East York,43.670371,-79.439845,Intersection,Intersection Related,No Control,Clear,Daylight,Dry,Non-Fatal Injury,Turning Movement,Motorcycle Driver,40 to 44,Major,0,North,Motorcycle,Going Ahead,Driving Properly,Normal, , , , , , , , ,Yes,Yes, , , , ,Yes,Yes, , , ,13,,,93,,2042
-79.358073,43.675391,80236928,5000678140,2015,2015-04-24T04:00:00.000Z,1256,12,BROADVIEW AVE,DEARBOURNE AVE,6 m South of,Minor Arterial,Toronto and East York,43.675391,-79.358073,Intersection,Intersection Related,Stop Sign,Clear,Daylight,Dry,Non-Fatal Injury,Pedestrian Collisions,Driver,60 to 64,None,0,West,"Automobile, Station Wagon",Turning Left,Failed to Yield Right of Way,Normal, , , , , , ,Yes, ,Yes, , , , , , ,Yes, , , ,55,,,68,,2043
-79.358073,43.675391,80236929,5000678140,2015,2015-04-24T04:00:00.000Z,1256,12,BROADVIEW AVE,DEARBOURNE AVE,6 m South of,Minor Arterial,Toronto and East York,43.675391,-79.358073,Intersection,Intersection Related,Stop Sign,Clear,Daylight,Dry,Non-Fatal Injury,Pedestrian Collisions,Pedestrian,90 to 94,Major,0,East, , , , ,Vehicle turns left while ped crosses with ROW at inter.,"Crossing, no Traffic Control",Normal, , , ,Yes, ,Yes, , , , , , ,Yes, , , ,55,,,68,,2044
-79.54479,43.751545,6587795,1214567,2011,2011-01-24T05:00:00.000Z,1300,13,2372 FINCH AVE W, , ,Major Arterial,Etobicoke York,43.751545,-79.54479,Mid-Block, ,No Control,Clear,Daylight,Wet,Non-Fatal Injury,Turning Movement,Passenger,35 to 39,Minor,0, ,Other, , , , , , , , , , , ,Yes, , , , ,Yes, ,Yes, , , ,31,,,22,,2045
-79.54479,43.751545,6587796,1214567,2011,2011-01-24T05:00:00.000Z,1300,13,2372 FINCH AVE W, , ,Major Arterial,Etobicoke York,43.751545,-79.54479,Mid-Block, ,No Control,Clear,Daylight,Wet,Non-Fatal Injury,Turning Movement,Passenger,55 to 59,Minor,0, ,Other, , , , , , , , , , , ,Yes, , , , ,Yes, ,Yes, , , ,31,,,22,,2046
-79.54479,43.751545,6587797,1214567,2011,2011-01-24T05:00:00.000Z,1300,13,2372 FINCH AVE W, , ,Major Arterial,Etobicoke York,43.751545,-79.54479,Mid-Block, ,No Control,Clear,Daylight,Wet,Non-Fatal Injury,Turning Movement,Driver,70 to 74,Major,0,South,"Automobile, Station Wagon",Turning Left,Failed to Yield Right of Way,Normal, , , , , , , , ,Yes, , , , ,Yes, ,Yes, , , ,31,,,22,,2047
-79.54479,43.751545,6587798,1214567,2011,2011-01-24T05:00:00.000Z,1300,13,2372 FINCH AVE W, , ,Major Arterial,Etobicoke York,43.751545,-79.54479,Mid-Block, ,No Control,Clear,Daylight,Wet,Non-Fatal Injury,Turning Movement,Driver,45 to 49,Minor,0,West,"Automobile, Station Wagon",Going Ahead,Driving Properly,Normal, , , , , , , , ,Yes, , , , ,Yes, ,Yes, , , ,31,,,22,,2048
-79.547351,43.60657,7857523,1372923,2013,2013-06-19T04:00:00.000Z,1300,13,BROWNS Line,WHALEY Dr, ,Major Arterial,Etobicoke York,43.60657,-79.547351,Intersection, ,No Control,Clear,Daylight,Dry,Non-Fatal Injury,Rear End,Passenger,85 to 89,Major,0, ,Other, , , , , , , , , , , ,Yes, , , , ,Yes,Yes,Yes, , , ,22,,,20,,2049
-79.49859,43.683745,6593306,1217753,2011,2011-02-14T05:00:00.000Z,1100,11,JANE Stre,EGLINTON Aven W, ,Major Arterial,Etobicoke York,43.683745,-79.49859,Mid-Block, ,No Control,Clear,Daylight,Dry,Non-Fatal Injury,Approaching,Vehicle Owner,unknown, ,0, ,Other, , , , , , , , , , , ,Yes, , , , ,Yes,Yes,Yes, , , ,12,,,111,,2050
-79.547351,43.60657,7857524,1372923,2013,2013-06-19T04:00:00.000Z,1300,13,BROWNS Line,WHALEY Dr, ,Major Arterial,Etobicoke York,43.60657,-79.547351,Intersection, ,No Control,Clear,Daylight,Dry,Non-Fatal Injury,Rear End,Vehicle Owner,unknown, ,0, ,Other, , , , , , , , , , , ,Yes, , , , ,Yes,Yes,Yes, , , ,22,,,20,,2051
-79.547351,43.60657,7857525,1372923,2013,2013-06-19T04:00:00.000Z,1300,13,BROWNS Line,WHALEY Dr, ,Major Arterial,Etobicoke York,43.60657,-79.547351,Intersection, ,No Control,Clear,Daylight,Dry,Non-Fatal Injury,Rear End,Driver,55 to 59,None,0,North,"Automobile, Station Wagon",Going Ahead,Speed too Fast For Condition,Normal, , , , , , , , ,Yes, , , , ,Yes,Yes,Yes, , , ,22,,,20,,2052
-79.547351,43.60657,7857526,1372923,2013,2013-06-19T04:00:00.000Z,1300,13,BROWNS Line,WHALEY Dr, ,Major Arterial,Etobicoke York,43.60657,-79.547351,Intersection, ,No Control,Clear,Daylight,Dry,Non-Fatal Injury,Rear End,Vehicle Owner,unknown, ,0, ,Other, , , , , , , , , , , ,Yes, , , , ,Yes,Yes,Yes, , , ,22,,,20,,2053
-79.547351,43.60657,7857527,1372923,2013,2013-06-19T04:00:00.000Z,1300,13,BROWNS Line,WHALEY Dr, ,Major Arterial,Etobicoke York,43.60657,-79.547351,Intersection, ,No Control,Clear,Daylight,Dry,Non-Fatal Injury,Rear End,Driver,80 to 84,None,0,North,"Automobile, Station Wagon",Stopped,Driving Properly,Normal, , , , , , , , ,Yes, , , , ,Yes,Yes,Yes, , , ,22,,,20,,2054
-79.4556,43.759635,80497224,6000111200,2016,2016-01-19T05:00:00.000Z,1300,13,COMBE AVE,WILMINGTON AVE, ,Minor Arterial,North York,43.759635,-79.4556,Intersection,At Intersection,Stop Sign,Clear,Daylight,Dry,Non-Fatal Injury,Angle,Driver,20 to 24,Major,0,West,"Automobile, Station Wagon",Going Ahead,Exceeding Speed Limit,Inattentive, , , , , , , , ,Yes, ,Yes, , , ,Yes,Yes, , , ,32,,,34,,2055
-79.4556,43.759635,80497225,6000111200,2016,2016-01-19T05:00:00.000Z,1300,13,COMBE AVE,WILMINGTON AVE, ,Minor Arterial,North York,43.759635,-79.4556,Intersection,At Intersection,Stop Sign,Clear,Daylight,Dry,Non-Fatal Injury,Angle,Truck Driver,45 to 49,Major,0,South,"Truck - Closed (Blazer, etc)",Going Ahead,Driving Properly,Normal, , , , , , , , ,Yes, ,Yes, , , ,Yes,Yes, , , ,32,,,34,,2056
-79.528804,43.626231,80721784,6001942141,2016,2016-11-01T04:00:00.000Z,1300,13,KIPLING AVE,JUTLAND RD, ,Major Arterial,Etobicoke York,43.626231,-79.528804,Intersection,At Intersection,Stop Sign,Clear,Daylight,Dry,Non-Fatal Injury,Turning Movement,Driver,40 to 44,None,0,West,"Automobile, Station Wagon",Turning Left,Failed to Yield Right of Way,Inattentive, , , , , , , , ,Yes,Yes, , , , , ,Yes, , , ,22,,,14,,2057
-79.528804,43.626231,80721785,6001942141,2016,2016-11-01T04:00:00.000Z,1300,13,KIPLING AVE,JUTLAND RD, ,Major Arterial,Etobicoke York,43.626231,-79.528804,Intersection,At Intersection,Stop Sign,Clear,Daylight,Dry,Non-Fatal Injury,Turning Movement,Motorcycle Driver,50 to 54,Major,0,North,Motorcycle,Going Ahead,Driving Properly,Normal, , , , , , , , ,Yes,Yes, , , , , ,Yes, , , ,22,,,14,,2058
-79.425082,43.661994,80972438,8001653005,2018,2018-08-02T04:00:00.000Z,1300,13,BLOOR ST W,OSSINGTON AVE,50 m East of,Major Arterial,Toronto and East York,43.661994,-79.425082,Mid-Block,Non Intersection,No Control,Clear,Daylight,Dry,Non-Fatal Injury,Cyclist Collisions,Driver,unknown,None,0,West,Pick Up Truck,Pulling Onto Shoulder or towardCurb,Failed to Yield Right of Way,Normal, , , , , , , ,Yes,Yes, , , , , , ,Yes, , , ,14,,,80,,2059
-79.425082,43.661994,80972439,8001653005,2018,2018-08-02T04:00:00.000Z,1300,13,BLOOR ST W,OSSINGTON AVE,50 m East of,Major Arterial,Toronto and East York,43.661994,-79.425082,Mid-Block,Non Intersection,No Control,Clear,Daylight,Dry,Non-Fatal Injury,Cyclist Collisions,Cyclist,45 to 49,Major,0,West,Bicycle,Going Ahead, , , , , ,Cyclist and Driver travelling in same direction. One vehicle sideswipes the other.,Driving Properly,Normal, ,Yes,Yes, , , , , , ,Yes, , , ,14,,,80,,2060
-79.61409,43.755445,5056987,1141084,2009,2009-11-11T05:00:00.000Z,1303,13,HIGHWAY 27  N,STEELES AVE W, ,Major Arterial,Etobicoke York,43.755445,-79.61409,Intersection,At Intersection,Traffic Signal,Clear,Daylight,Dry,Non-Fatal Injury,Rear End,Driver,50 to 54,Major,0,North,"Automobile, Station Wagon",Turning Right,Driving Properly,Normal, , , , , , , , ,Yes, , , , , , ,Yes, , , ,23,,,1,,2061
-79.61409,43.755445,5056988,1141084,2009,2009-11-11T05:00:00.000Z,1303,13,HIGHWAY 27  N,STEELES AVE W, ,Major Arterial,Etobicoke York,43.755445,-79.61409,Intersection,At Intersection,Traffic Signal,Clear,Daylight,Dry,Non-Fatal Injury,Rear End,Driver,55 to 59,Major,0,North,"Automobile, Station Wagon",Turning Right,Following too Close,Fatigue, , , , , , , , ,Yes, , , , , , ,Yes, , , ,23,,,1,,2062
-79.487071,43.655669,80624216,3001256436,2013,2013-12-31T05:00:00.000Z,1303,13,JANE ST,ARDAGH ST, ,Major Arterial,Toronto and East York,43.655669,-79.487071,Intersection,At Intersection,Traffic Signal,Clear,Daylight,Dry,Non-Fatal Injury,Pedestrian Collisions,Driver,45 to 49,None,0,West,"Automobile, Station Wagon",Turning Left,Failed to Yield Right of Way,Normal, , , , , , ,Yes, ,Yes, , , , , , ,Yes, , , ,11,,,89,,2063
-79.487071,43.655669,80624217,3001256436,2013,2013-12-31T05:00:00.000Z,1303,13,JANE ST,ARDAGH ST, ,Major Arterial,Toronto and East York,43.655669,-79.487071,Intersection,At Intersection,Traffic Signal,Clear,Daylight,Dry,Non-Fatal Injury,Pedestrian Collisions,Pedestrian,35 to 39,Major,0,Unknown, , , , ,Vehicle turns left while ped crosses with ROW at inter.,Crossing with right of way,Normal, , , ,Yes, ,Yes, , , , , , ,Yes, , , ,11,,,89,,2064
-79.20289,43.748245,5421633,1065481,2008,2008-09-22T04:00:00.000Z,1305,13,ROWATSON RD,FAREHAM CRES, ,Local,Scarborough,43.748245,-79.20289,Mid-Block, ,No Control,Clear,Daylight,Dry,Non-Fatal Injury,Pedestrian Collisions,Driver,75 to 79,None,0,South,"Automobile, Station Wagon",Going Ahead,Failed to Yield Right of Way,Inattentive, , , , , , ,Yes, ,Yes, , , , , , ,Yes, , , ,43,,,140,,2065
-79.20289,43.748245,5421634,1065481,2008,2008-09-22T04:00:00.000Z,1305,13,ROWATSON RD,FAREHAM CRES, ,Local,Scarborough,43.748245,-79.20289,Mid-Block, ,No Control,Clear,Daylight,Dry,Non-Fatal Injury,Pedestrian Collisions,Pedestrian,65 to 69,Major,0, ,Other, , , ,Pedestrian hit at mid-block,Other,Normal, , , ,Yes, ,Yes, , , , , , ,Yes, , , ,43,,,140,,2066
-79.41889,43.663445,6118776,1158263,2010,2010-02-11T05:00:00.000Z,1305,13,BLOOR Stre W,GRACE Stre, ,Major Arterial,Toronto and East York,43.663445,-79.41889,Intersection,At Intersection,Traffic Signal,Clear,Daylight,Dry,Non-Fatal Injury,Pedestrian Collisions,Vehicle Owner,unknown, ,0, ,Other, , , , , , , , , ,Yes, ,Yes, , , , , , ,Yes, , , ,14,,,80,,2067
-79.41889,43.663445,6118777,1158263,2010,2010-02-11T05:00:00.000Z,1305,13,BLOOR Stre W,GRACE Stre, ,Major Arterial,Toronto and East York,43.663445,-79.41889,Intersection,At Intersection,Traffic Signal,Clear,Daylight,Dry,Non-Fatal Injury,Pedestrian Collisions,Driver,40 to 44,None,0,South,"Automobile, Station Wagon",Turning Left,Failed to Yield Right of Way,Normal, , , , , , ,Yes, ,Yes, , , , , , ,Yes, , , ,14,,,80,,2068
-79.41889,43.663445,6118778,1158263,2010,2010-02-11T05:00:00.000Z,1305,13,BLOOR Stre W,GRACE Stre, ,Major Arterial,Toronto and East York,43.663445,-79.41889,Intersection,At Intersection,Traffic Signal,Clear,Daylight,Dry,Non-Fatal Injury,Pedestrian Collisions,Pedestrian,65 to 69,Major,0,South,Other, , , ,Vehicle turns left while ped crosses with ROW at inter.,Crossing with right of way,Normal, , , ,Yes, ,Yes, , , , , , ,Yes, , , ,14,,,80,,2069
-79.39149,43.708145,7523222,1335535,2012,2012-11-24T05:00:00.000Z,1305,13,EGLINTON AVE E,BROWNLOW AVE, ,Major Arterial,Toronto and East York,43.708145,-79.39149,Intersection,At Intersection,Stop Sign,Clear,Daylight,Dry,Non-Fatal Injury,Pedestrian Collisions,Vehicle Owner,unknown, ,0, ,Other, , , , , , , , , ,Yes, ,Yes, , , , , , ,Yes, , , ,53,,,104,,2070
-79.39149,43.708145,7523223,1335535,2012,2012-11-24T05:00:00.000Z,1305,13,EGLINTON AVE E,BROWNLOW AVE, ,Major Arterial,Toronto and East York,43.708145,-79.39149,Intersection,At Intersection,Stop Sign,Clear,Daylight,Dry,Non-Fatal Injury,Pedestrian Collisions,Driver,30 to 34,None,0,West,"Automobile, Station Wagon",Turning Left,Failed to Yield Right of Way,Unknown, , , , , , ,Yes, ,Yes, , , , , , ,Yes, , , ,53,,,104,,2071
-79.39149,43.708145,7523224,1335535,2012,2012-11-24T05:00:00.000Z,1305,13,EGLINTON AVE E,BROWNLOW AVE, ,Major Arterial,Toronto and East York,43.708145,-79.39149,Intersection,At Intersection,Stop Sign,Clear,Daylight,Dry,Non-Fatal Injury,Pedestrian Collisions,Pedestrian,25 to 29,Major,0,West,Other, , , ,Vehicle turns left while ped crosses with ROW at inter.,Crossing with right of way,Normal, , , ,Yes, ,Yes, , , , , , ,Yes, , , ,53,,,104,,2072
-79.279865,43.735228,7893455,1387900,2013,2013-09-29T04:00:00.000Z,1305,13,BIRCHMOUNT Rd,BERTRAND Ave, ,Major Arterial,Scarborough,43.735228,-79.279865,Intersection, ,Traffic Signal,Clear,Daylight,Dry,Non-Fatal Injury,Turning Movement,Passenger,55 to 59,Major,0, ,Other, , , , , , , , , , , ,Yes, , , , ,Yes, ,Yes, , , ,41,,,125,,2073
-79.279865,43.735228,7893456,1387900,2013,2013-09-29T04:00:00.000Z,1305,13,BIRCHMOUNT Rd,BERTRAND Ave, ,Major Arterial,Scarborough,43.735228,-79.279865,Intersection, ,Traffic Signal,Clear,Daylight,Dry,Non-Fatal Injury,Turning Movement,Driver,40 to 44,Minor,0,South,"Automobile, Station Wagon",Turning Left,Failed to Yield Right of Way,Normal, , , , , , , , ,Yes, , , , ,Yes, ,Yes, , , ,41,,,125,,2074
-79.279865,43.735228,7893457,1387900,2013,2013-09-29T04:00:00.000Z,1305,13,BIRCHMOUNT Rd,BERTRAND Ave, ,Major Arterial,Scarborough,43.735228,-79.279865,Intersection, ,Traffic Signal,Clear,Daylight,Dry,Non-Fatal Injury,Turning Movement,Passenger,70 to 74,Minor,0, ,Other, , , , , , , , , , , ,Yes, , , , ,Yes, ,Yes, , , ,41,,,125,,2075
-79.279865,43.735228,7893458,1387900,2013,2013-09-29T04:00:00.000Z,1305,13,BIRCHMOUNT Rd,BERTRAND Ave, ,Major Arterial,Scarborough,43.735228,-79.279865,Intersection, ,Traffic Signal,Clear,Daylight,Dry,Non-Fatal Injury,Turning Movement,Driver,75 to 79,Minor,0,North,"Automobile, Station Wagon",Going Ahead,Driving Properly,Normal, , , , , , , , ,Yes, , , , ,Yes, ,Yes, , , ,41,,,125,,2076
-79.457065,43.71353,80783174,7000955246,2017,2017-05-30T04:00:00.000Z,1305,13,960 LAWRENCE AVE W, ,7 m South of,Major Arterial,North York,43.71353,-79.457065,Mid-Block,At/Near Private Drive,No Control,Clear,Daylight,Dry,Non-Fatal Injury,Turning Movement,Driver,70 to 74,Major,0,East,"Automobile, Station Wagon",Turning Left,Failed to Yield Right of Way,Inattentive, , , , , , , , ,Yes, , , , ,Yes, ,Yes, , , ,"32,13",,,31,,2077
-79.457065,43.71353,80783175,7000955246,2017,2017-05-30T04:00:00.000Z,1305,13,960 LAWRENCE AVE W, ,7 m South of,Major Arterial,North York,43.71353,-79.457065,Mid-Block,At/Near Private Drive,No Control,Clear,Daylight,Dry,Non-Fatal Injury,Turning Movement,Driver,65 to 69,None,0,West,"Automobile, Station Wagon",Going Ahead,Driving Properly,Normal, , , , , , , , ,Yes, , , , ,Yes, ,Yes, , , ,"32,13",,,31,,2078
-79.457065,43.71353,80783176,7000955246,2017,2017-05-30T04:00:00.000Z,1305,13,960 LAWRENCE AVE W, ,7 m South of,Major Arterial,North York,43.71353,-79.457065,Mid-Block,At/Near Private Drive,No Control,Clear,Daylight,Dry,Non-Fatal Injury,Turning Movement,Driver,50 to 54,Minimal,0,East,Delivery Van,Slowing or Stopping,Driving Properly,Normal, , , , , , , , ,Yes, , , , ,Yes, ,Yes, , , ,"32,13",,,31,,2079
-79.457065,43.71353,80783177,7000955246,2017,2017-05-30T04:00:00.000Z,1305,13,960 LAWRENCE AVE W, ,7 m South of,Major Arterial,North York,43.71353,-79.457065,Mid-Block,At/Near Private Drive,No Control,Clear,Daylight,Dry,Non-Fatal Injury,Turning Movement,Passenger,60 to 64,Minimal,0, , , , , , , , , , , , , ,Yes, , , , ,Yes, ,Yes, , , ,"32,13",,,31,,2080
-79.457065,43.71353,80783178,7000955246,2017,2017-05-30T04:00:00.000Z,1305,13,960 LAWRENCE AVE W, ,7 m South of,Major Arterial,North York,43.71353,-79.457065,Mid-Block,At/Near Private Drive,No Control,Clear,Daylight,Dry,Non-Fatal Injury,Turning Movement,Passenger,80 to 84,Minimal,0, , , , , , , , , , , , , ,Yes, , , , ,Yes, ,Yes, , , ,"32,13",,,31,,2081
-79.439044,43.6981,7850068,1369675,2013,2013-08-09T04:00:00.000Z,1040,10,EGLINTON Ave W,WINONA Dr, ,Major Arterial,Toronto and East York,43.6981,-79.439044,Intersection,At Intersection,No Control,Clear,Daylight,Dry,Non-Fatal Injury,Turning Movement,Motorcycle Driver,40 to 44,Major,0,East,Motorcycle,Going Ahead,Driving Properly,Normal, , , , , , , , ,Yes,Yes, , , , , ,Yes, , , ,13,,,107,,2082
-79.22219,43.778545,6153008,1173217,2010,2010-05-13T04:00:00.000Z,1306,13,ELLESMERE RD,HELICON GT, ,Major Arterial,Scarborough,43.778545,-79.22219,Intersection,At Intersection,Traffic Signal,Rain,Daylight,Wet,Non-Fatal Injury,Turning Movement,Driver,55 to 59,Minor,0,East,"Automobile, Station Wagon",Turning Left,Failed to Yield Right of Way,Normal, , , , , , , , ,Yes, , , , , ,Yes,Yes, , , ,43,,,135,,2083
-79.22219,43.778545,6153009,1173217,2010,2010-05-13T04:00:00.000Z,1306,13,ELLESMERE RD,HELICON GT, ,Major Arterial,Scarborough,43.778545,-79.22219,Intersection,At Intersection,Traffic Signal,Rain,Daylight,Wet,Non-Fatal Injury,Turning Movement,Driver,40 to 44,Major,0,West,"Automobile, Station Wagon",Going Ahead,Driving Properly,Normal, , , , , , , , ,Yes, , , , , ,Yes,Yes, , , ,43,,,135,,2084
-79.48949,43.686923,80976307,8002144295,2018,2018-11-21T05:00:00.000Z,1306,13,EGLINTON  AVE W,WESTON RD,30 m East of,Major Arterial,Etobicoke York,43.686923,-79.48949,Intersection,Intersection Related,No Control,Clear,Daylight,Loose Sand or Gravel,Non-Fatal Injury,Sideswipe,Driver,45 to 49,None,0,West,Construction Equipment,Pulling Away from Shoulder or Curb,Failed to Yield Right of Way,Inattentive, , , , , , , , ,Yes, , , , , , ,Yes, , , ,12,,,115,,2085
-79.48949,43.686923,80976308,8002144295,2018,2018-11-21T05:00:00.000Z,1306,13,EGLINTON  AVE W,WESTON RD,30 m East of,Major Arterial,Etobicoke York,43.686923,-79.48949,Intersection,Intersection Related,No Control,Clear,Daylight,Loose Sand or Gravel,Non-Fatal Injury,Sideswipe,Driver,45 to 49,Major,0,West,"Automobile, Station Wagon",Going Ahead,Driving Properly,Normal, , , , , , , , ,Yes, , , , , , ,Yes, , , ,12,,,115,,2086
-79.16919,43.784045,5357937,1037585,2008,2008-04-19T04:00:00.000Z,1307,13,KINGSTON Road,OLD KINGSTON Road, ,Minor Arterial,Scarborough,43.784045,-79.16919,Intersection,At Intersection,No Control,Clear,Daylight,Dry,Non-Fatal Injury,Turning Movement,Motorcycle Driver,50 to 54,Major,0,West,Motorcycle,Going Ahead,Driving Properly,Normal, , , , , , , , ,Yes,Yes, , , , , ,Yes, , , ,43,,,133,,2087
-79.16919,43.784045,5357938,1037585,2008,2008-04-19T04:00:00.000Z,1307,13,KINGSTON Road,OLD KINGSTON Road, ,Minor Arterial,Scarborough,43.784045,-79.16919,Intersection,At Intersection,No Control,Clear,Daylight,Dry,Non-Fatal Injury,Turning Movement,Driver,40 to 44,None,0,East,"Automobile, Station Wagon",Turning Left,Failed to Yield Right of Way,Inattentive, , , , , , , , ,Yes,Yes, , , , , ,Yes, , , ,43,,,133,,2088
-79.23299,43.779445,6721657,1274629,2011,2011-11-11T05:00:00.000Z,1307,13,MARKHAM Road,TUXEDO Cour, ,Major Arterial,Scarborough,43.779445,-79.23299,Intersection,At Intersection,Traffic Signal,Clear,Daylight,Dry,Non-Fatal Injury,Rear End,Vehicle Owner,unknown, ,0, ,Other, , , , , , , , , , , ,Yes, ,Yes, , , , ,Yes, , , ,43,,,137,,2089
-79.23299,43.779445,6721658,1274629,2011,2011-11-11T05:00:00.000Z,1307,13,MARKHAM Road,TUXEDO Cour, ,Major Arterial,Scarborough,43.779445,-79.23299,Intersection,At Intersection,Traffic Signal,Clear,Daylight,Dry,Non-Fatal Injury,Rear End,Truck Driver,45 to 49,None,0,South,Truck - Open,Stopped,Driving Properly,Normal, , , , , , , , ,Yes, ,Yes, , , , ,Yes, , , ,43,,,137,,2090
-79.23299,43.779445,6721659,1274629,2011,2011-11-11T05:00:00.000Z,1307,13,MARKHAM Road,TUXEDO Cour, ,Major Arterial,Scarborough,43.779445,-79.23299,Intersection,At Intersection,Traffic Signal,Clear,Daylight,Dry,Non-Fatal Injury,Rear End,Other,unknown,None,0,South,Other,Stopped, , , , , , , , , , ,Yes, ,Yes, , , , ,Yes, , , ,43,,,137,,2091
-79.23299,43.779445,6721660,1274629,2011,2011-11-11T05:00:00.000Z,1307,13,MARKHAM Road,TUXEDO Cour, ,Major Arterial,Scarborough,43.779445,-79.23299,Intersection,At Intersection,Traffic Signal,Clear,Daylight,Dry,Non-Fatal Injury,Rear End,Driver,25 to 29,Major,0,South,"Automobile, Station Wagon",Going Ahead,Following too Close,Inattentive, , , , , , , , ,Yes, ,Yes, , , , ,Yes, , , ,43,,,137,,2092
-79.23299,43.779445,6721661,1274629,2011,2011-11-11T05:00:00.000Z,1307,13,MARKHAM Road,TUXEDO Cour, ,Major Arterial,Scarborough,43.779445,-79.23299,Intersection,At Intersection,Traffic Signal,Clear,Daylight,Dry,Non-Fatal Injury,Rear End,Vehicle Owner,unknown, ,0, ,Other, , , , , , , , , , , ,Yes, ,Yes, , , , ,Yes, , , ,43,,,137,,2093