X,Y,Index_,ACCNUM,YEAR,DATE,TIME,Hour,STREET1,STREET2,OFFSET,ROAD_CLASS,District,LATITUDE,LONGITUDE,LOCCOORD,ACCLOC,TRAFFCTL,VISIBILITY,LIGHT,RDSFCOND,ACCLASS,IMPACTYPE,INVTYPE,INVAGE,INJURY,FATAL_NO,INITDIR,VEHTYPE,MANOEUVER,DRIVACT,DRIVCOND,PEDTYPE,PEDACT,PEDCOND,CYCLISTYPE,CYCACT,CYCCOND,PEDESTRIAN,CYCLIST,AUTOMOBILE,MOTORCYCLE,TRUCK,TRSN_CITY_,EMERG_VEH,PASSENGER,SPEEDING,AG_DRIV,REDLIGHT,ALCOHOL,DISABILITY,Division,Ward_Name,Ward_ID,Hood_ID,Hood_Name,ObjectId
-79.520358,43.768756,80927111,7001457563,2017,2017-08-13T04:00:00.000Z,237,2,JANE ST,SHOREHAM DR, ,Major Arterial,Etobicoke York,43.768756,-79.520358,Intersection,At Intersection,Traffic Signal,Clear,"Dark, artificial",Dry,Non-Fatal Injury,Turning Movement,Driver,20 to 24,None,0,North,"Automobile, Station Wagon",Going Ahead,Driving Properly,Normal, , , , , , , , ,Yes, , , , , , ,Yes, ,Yes, ,31,,,24,,111
-79.520358,43.768756,80927112,7001457563,2017,2017-08-13T04:00:00.000Z,237,2,JANE ST,SHOREHAM DR, ,Major Arterial,Etobicoke York,43.768756,-79.520358,Intersection,At Intersection,Traffic Signal,Clear,"Dark, artificial",Dry,Non-Fatal Injury,Turning Movement,Driver,25 to 29,Major,0,South,"Automobile, Station Wagon",Turning Left,Failed to Yield Right of Way,"Ability Impaired, Alcohol", , , , , , , , ,Yes, , , , , , ,Yes, ,Yes, ,31,,,24,,112
-79.59799,43.686645,5243461,1106370,2009,2009-05-15T04:00:00.000Z,239,2,DIXON RD,CARLINGVIEW DR, ,Major Arterial,Etobicoke York,43.686645,-79.59799,Mid-Block, ,No Control,Clear,Dark,Dry,Non-Fatal Injury,Pedestrian Collisions,Driver,unknown,None,0,West,"Automobile, Station Wagon",Going Ahead,Exceeding Speed Limit,Unknown, , , , , , ,Yes, ,Yes, , , , , ,Yes,Yes, , , ,23,,,1,,113
-79.59799,43.686645,5243462,1106370,2009,2009-05-15T04:00:00.000Z,239,2,DIXON RD,CARLINGVIEW DR, ,Major Arterial,Etobicoke York,43.686645,-79.59799,Mid-Block, ,No Control,Clear,Dark,Dry,Non-Fatal Injury,Pedestrian Collisions,Pedestrian,35 to 39,Major,0,North,Other, , , ,Pedestrian hit at mid-block,"Crossing, no Traffic Control","Ability Impaired, Alcohol Over .80", , , ,Yes, ,Yes, , , , , ,Yes,Yes, , , ,23,,,1,,114
-79.39509,43.734745,6160564,1176586,2010,2010-05-23T04:00:00.000Z,240,2,187 TEDDINGTON PARK AVE, , ,Local,North York,43.734745,-79.39509,Mid-Block, ,No Control,Clear,Dark,Dry,Non-Fatal Injury,Pedestrian Collisions,Vehicle Owner,unknown, ,0, ,Other, , , , , , , , , ,Yes, ,Yes, , , , , , ,Yes, , , ,32,,,105,,115
-79.39509,43.734745,6160565,1176586,2010,2010-05-23T04:00:00.000Z,240,2,187 TEDDINGTON PARK AVE, , ,Local,North York,43.734745,-79.39509,Mid-Block, ,No Control,Clear,Dark,Dry,Non-Fatal Injury,Pedestrian Collisions,Driver,30 to 34,None,0,East,"Automobile, Station Wagon",Going Ahead,Following too Close,Normal, , , , , , ,Yes, ,Yes, , , , , , ,Yes, , , ,32,,,105,,116
-79.39509,43.734745,6160566,1176586,2010,2010-05-23T04:00:00.000Z,240,2,187 TEDDINGTON PARK AVE, , ,Local,North York,43.734745,-79.39509,Mid-Block, ,No Control,Clear,Dark,Dry,Non-Fatal Injury,Pedestrian Collisions,Pedestrian,20 to 24,Major,0,East,Other, , , ,Pedestrian hit at mid-block,Running onto Roadway,Had Been Drinking, , , ,Yes, ,Yes, , , , , , ,Yes, , , ,32,,,105,,117
-79.40979,43.661545,6187958,1188104,2010,2010-07-17T04:00:00.000Z,240,2,HARBORD ST,BATHURST ST, ,Major Arterial,Toronto and East York,43.661545,-79.40979,Intersection,At Intersection,Traffic Signal,Clear,Dark,Dry,Non-Fatal Injury,Pedestrian Collisions,Driver,25 to 29,None,0,South,"Automobile, Station Wagon",Going Ahead,Exceeding Speed Limit,Normal, , , , , , ,Yes, ,Yes, , , , , ,Yes,Yes, , , ,14,,,80,,118
-79.40979,43.661545,6187959,1188104,2010,2010-07-17T04:00:00.000Z,240,2,HARBORD ST,BATHURST ST, ,Major Arterial,Toronto and East York,43.661545,-79.40979,Intersection,At Intersection,Traffic Signal,Clear,Dark,Dry,Non-Fatal Injury,Pedestrian Collisions,Driver,25 to 29,None,0,North,"Automobile, Station Wagon",Turning Left,Failed to Yield Right of Way,Unknown, , , , , , ,Yes, ,Yes, , , , , ,Yes,Yes, , , ,14,,,80,,119
-79.40979,43.661545,6187960,1188104,2010,2010-07-17T04:00:00.000Z,240,2,HARBORD ST,BATHURST ST, ,Major Arterial,Toronto and East York,43.661545,-79.40979,Intersection,At Intersection,Traffic Signal,Clear,Dark,Dry,Non-Fatal Injury,Pedestrian Collisions,Pedestrian,20 to 24,Major,0,Unknown,Other, , , ,Pedestrian hit on sidewalk or shoulder,On Sidewalk or Shoulder,Inattentive, , , ,Yes, ,Yes, , , , , ,Yes,Yes, , , ,14,,,80,,120
-79.40979,43.661545,6187961,1188104,2010,2010-07-17T04:00:00.000Z,240,2,HARBORD ST,BATHURST ST, ,Major Arterial,Toronto and East York,43.661545,-79.40979,Intersection,At Intersection,Traffic Signal,Clear,Dark,Dry,Non-Fatal Injury,Pedestrian Collisions,Pedestrian,50 to 54,Major,0,Unknown,Other, , , ,Pedestrian hit on sidewalk or shoulder,On Sidewalk or Shoulder,Normal, , , ,Yes, ,Yes, , , , , ,Yes,Yes, , , ,14,,,80,,121
-79.37879,43.654345,6806984,1274476,2011,2011-10-12T04:00:00.000Z,240,2,VICTORIA ST,SHUTER ST, ,Minor Arterial,Toronto and East York,43.654345,-79.37879,Intersection, ,No Control,Clear,Dark,Dry,Non-Fatal Injury,SMV Unattended Vehicle,Vehicle Owner,unknown, ,0, ,Other, , , , , , , , , , , ,Yes, , , , , , ,Yes, , , ,51,,,75,,122
-79.37879,43.654345,6806985,1274476,2011,2011-10-12T04:00:00.000Z,240,2,VICTORIA ST,SHUTER ST, ,Minor Arterial,Toronto and East York,43.654345,-79.37879,Intersection, ,No Control,Clear,Dark,Dry,Non-Fatal Injury,SMV Unattended Vehicle,Driver,55 to 59,Major,0,North,"Automobile, Station Wagon",Going Ahead,Lost control,Inattentive, , , , , , , , ,Yes, , , , , , ,Yes, , , ,51,,,75,,123
-79.37879,43.654345,6806986,1274476,2011,2011-10-12T04:00:00.000Z,240,2,VICTORIA ST,SHUTER ST, ,Minor Arterial,Toronto and East York,43.654345,-79.37879,Intersection, ,No Control,Clear,Dark,Dry,Non-Fatal Injury,SMV Unattended Vehicle,Other,unknown,None,0,North,Other,Parked, , , , , , , , , , ,Yes, , , , , , ,Yes, , , ,51,,,75,,124
-79.490337,43.608233,80542741,6000946578,2016,2016-06-01T04:00:00.000Z,240,2,LAKE SHORE BLVD W,MILES RD,30 m West of,Major Arterial,Etobicoke York,43.608233,-79.490337,Intersection,At Intersection,No Control,Clear,"Dark, artificial",Dry,Non-Fatal Injury,SMV Other,Driver,20 to 24,Minimal,0,East,"Automobile, Station Wagon",Going Ahead,Lost control,Had Been Drinking, , , , , , , , ,Yes, , , , ,Yes,Yes,Yes, , , ,22,,,17,,125
-79.490337,43.608233,80542742,6000946578,2016,2016-06-01T04:00:00.000Z,240,2,LAKE SHORE BLVD W,MILES RD,30 m West of,Major Arterial,Etobicoke York,43.608233,-79.490337,Intersection,At Intersection,No Control,Clear,"Dark, artificial",Dry,Non-Fatal Injury,SMV Other,Passenger,25 to 29,Minimal,0, , , , , , , , , , , , , ,Yes, , , , ,Yes,Yes,Yes, , , ,22,,,17,,126
-79.490337,43.608233,80542743,6000946578,2016,2016-06-01T04:00:00.000Z,240,2,LAKE SHORE BLVD W,MILES RD,30 m West of,Major Arterial,Etobicoke York,43.608233,-79.490337,Intersection,At Intersection,No Control,Clear,"Dark, artificial",Dry,Non-Fatal Injury,SMV Other,Passenger,25 to 29,Minimal,0, , , , , , , , , , , , , ,Yes, , , , ,Yes,Yes,Yes, , , ,22,,,17,,127
-79.490337,43.608233,80542744,6000946578,2016,2016-06-01T04:00:00.000Z,240,2,LAKE SHORE BLVD W,MILES RD,30 m West of,Major Arterial,Etobicoke York,43.608233,-79.490337,Intersection,At Intersection,No Control,Clear,"Dark, artificial",Dry,Non-Fatal Injury,SMV Other,Passenger,20 to 24,Major,0, , , , , , , , , , , , , ,Yes, , , , ,Yes,Yes,Yes, , , ,22,,,17,,128
-79.421954,43.643557,80150884,4001490210,2014,2014-02-08T05:00:00.000Z,241,2,QUEEN ST W,LISGAR ST, ,Major Arterial,Toronto and East York,43.643557,-79.421954,Mid-Block,Non Intersection,No Control,Clear,"Dark, artificial",Slush,Non-Fatal Injury,Pedestrian Collisions,Driver,20 to 24,None,0,West,"Automobile, Station Wagon",Going Ahead,Exceeding Speed Limit,Unknown, , , , , , ,Yes, ,Yes, , , , ,Yes,Yes,Yes, , , ,14,,,82,,129
-79.421954,43.643557,80150885,4001490210,2014,2014-02-08T05:00:00.000Z,241,2,QUEEN ST W,LISGAR ST, ,Major Arterial,Toronto and East York,43.643557,-79.421954,Mid-Block,Non Intersection,No Control,Clear,"Dark, artificial",Slush,Non-Fatal Injury,Pedestrian Collisions,Driver,25 to 29,None,0,West,"Automobile, Station Wagon",Overtaking,Failed to Yield Right of Way,Normal, , , , , , ,Yes, ,Yes, , , , ,Yes,Yes,Yes, , , ,14,,,82,,130
-79.421954,43.643557,80150886,4001490210,2014,2014-02-08T05:00:00.000Z,241,2,QUEEN ST W,LISGAR ST, ,Major Arterial,Toronto and East York,43.643557,-79.421954,Mid-Block,Non Intersection,No Control,Clear,"Dark, artificial",Slush,Non-Fatal Injury,Pedestrian Collisions,Passenger,unknown,None,0, , , , , , , , , , , ,Yes, ,Yes, , , , ,Yes,Yes,Yes, , , ,14,,,82,,131
-79.421954,43.643557,80150887,4001490210,2014,2014-02-08T05:00:00.000Z,241,2,QUEEN ST W,LISGAR ST, ,Major Arterial,Toronto and East York,43.643557,-79.421954,Mid-Block,Non Intersection,No Control,Clear,"Dark, artificial",Slush,Non-Fatal Injury,Pedestrian Collisions,Passenger,unknown,Minimal,0, , , , , , , , , , , ,Yes, ,Yes, , , , ,Yes,Yes,Yes, , , ,14,,,82,,132
-79.421954,43.643557,80150888,4001490210,2014,2014-02-08T05:00:00.000Z,241,2,QUEEN ST W,LISGAR ST, ,Major Arterial,Toronto and East York,43.643557,-79.421954,Mid-Block,Non Intersection,No Control,Clear,"Dark, artificial",Slush,Non-Fatal Injury,Pedestrian Collisions,Pedestrian,30 to 34,Major,0,Unknown, , , , ,Pedestrian hit at mid-block,Person Getting on/off Vehicle,Normal, , , ,Yes, ,Yes, , , , ,Yes,Yes,Yes, , , ,14,,,82,,133
-79.421954,43.643557,80150889,4001490210,2014,2014-02-08T05:00:00.000Z,241,2,QUEEN ST W,LISGAR ST, ,Major Arterial,Toronto and East York,43.643557,-79.421954,Mid-Block,Non Intersection,No Control,Clear,"Dark, artificial",Slush,Non-Fatal Injury,Pedestrian Collisions,Other,unknown,None,0, ,"Automobile, Station Wagon",Parked, , , , , , , , ,Yes, ,Yes, , , , ,Yes,Yes,Yes, , , ,14,,,82,,134
-79.42469,43.649445,5287878,1125793,2009,2009-09-20T04:00:00.000Z,244,2,DUNDAS ST W,DOVERCOURT RD, ,Minor Arterial,Toronto and East York,43.649445,-79.42469,Intersection,At Intersection,Traffic Signal,Clear,Dark,Dry,Non-Fatal Injury,Rear End,Driver,45 to 49,Major,0,East,"Automobile, Station Wagon",Going Ahead,Driving Properly,Normal, , , , , , , , ,Yes, , , , , ,Yes,Yes, ,Yes, ,14,,,81,,135
-79.42469,43.649445,5287879,1125793,2009,2009-09-20T04:00:00.000Z,244,2,DUNDAS ST W,DOVERCOURT RD, ,Minor Arterial,Toronto and East York,43.649445,-79.42469,Intersection,At Intersection,Traffic Signal,Clear,Dark,Dry,Non-Fatal Injury,Rear End,Driver,65 to 69,Major,0,West,"Automobile, Station Wagon",Going Ahead,Exceeding Speed Limit,"Ability Impaired, Alcohol Over .08", , , , , , , , ,Yes, , , , , ,Yes,Yes, ,Yes, ,14,,,81,,136
-79.42469,43.649445,5287880,1125793,2009,2009-09-20T04:00:00.000Z,244,2,DUNDAS ST W,DOVERCOURT RD, ,Minor Arterial,Toronto and East York,43.649445,-79.42469,Intersection,At Intersection,Traffic Signal,Clear,Dark,Dry,Non-Fatal Injury,Rear End,Driver,15 to 19,Major,0,West,"Automobile, Station Wagon",Going Ahead,Driving Properly,Normal, , , , , , , , ,Yes, , , , , ,Yes,Yes, ,Yes, ,14,,,81,,137
-79.42469,43.649445,5287881,1125793,2009,2009-09-20T04:00:00.000Z,244,2,DUNDAS ST W,DOVERCOURT RD, ,Minor Arterial,Toronto and East York,43.649445,-79.42469,Intersection,At Intersection,Traffic Signal,Clear,Dark,Dry,Non-Fatal Injury,Rear End,Driver,45 to 49,Major,0,East,"Automobile, Station Wagon",Going Ahead,Driving Properly,Normal, , , , , , , , ,Yes, , , , , ,Yes,Yes, ,Yes, ,14,,,81,,138
-79.42559,43.649445,5287882,1125794,2009,2009-09-20T04:00:00.000Z,244,2,DUNDAS ST W,COOLMINE RD, ,Minor Arterial,Toronto and East York,43.649445,-79.42559,Intersection,At Intersection,No Control,Clear,Dark,Dry,Non-Fatal Injury,Rear End,Driver,65 to 69,Major,0,West,"Automobile, Station Wagon",Going Ahead,Exceeding Speed Limit,"Ability Impaired, Alcohol Over .08", , , , , , , , ,Yes, , , , , ,Yes,Yes, ,Yes, ,14,,,84,,139
-79.42559,43.649445,5287883,1125794,2009,2009-09-20T04:00:00.000Z,244,2,DUNDAS ST W,COOLMINE RD, ,Minor Arterial,Toronto and East York,43.649445,-79.42559,Intersection,At Intersection,No Control,Clear,Dark,Dry,Non-Fatal Injury,Rear End,Driver,40 to 44,Major,0,East,"Automobile, Station Wagon",Going Ahead,Driving Properly,Normal, , , , , , , , ,Yes, , , , , ,Yes,Yes, ,Yes, ,14,,,84,,140
-79.42559,43.649445,5287884,1125794,2009,2009-09-20T04:00:00.000Z,244,2,DUNDAS ST W,COOLMINE RD, ,Minor Arterial,Toronto and East York,43.649445,-79.42559,Intersection,At Intersection,No Control,Clear,Dark,Dry,Non-Fatal Injury,Rear End,Driver,30 to 34,Major,0,West,"Automobile, Station Wagon",Going Ahead,Driving Properly,Normal, , , , , , , , ,Yes, , , , , ,Yes,Yes, ,Yes, ,14,,,84,,141
-79.499957,43.760993,80565902,6001154162,2016,2016-07-02T04:00:00.000Z,244,2,FINCH AVE W,SENTINEL RD, ,Major Arterial,Etobicoke York,43.760993,-79.499957,Intersection,At Intersection,Traffic Signal,Clear,"Dark, artificial",Dry,Non-Fatal Injury,Pedestrian Collisions,Driver,35 to 39,None,0,West,"Automobile, Station Wagon",Going Ahead,Failed to Yield Right of Way,Unknown, , , , , , ,Yes, ,Yes, , , , , ,Yes,Yes, , , ,31,,,27,,142
-79.499957,43.760993,80565903,6001154162,2016,2016-07-02T04:00:00.000Z,244,2,FINCH AVE W,SENTINEL RD, ,Major Arterial,Etobicoke York,43.760993,-79.499957,Intersection,At Intersection,Traffic Signal,Clear,"Dark, artificial",Dry,Non-Fatal Injury,Pedestrian Collisions,Pedestrian,20 to 24,Major,0,North, , , , ,Vehicle is going straight thru inter.while ped cross with ROW,Crossing with right of way,Had Been Drinking, , , ,Yes, ,Yes, , , , , ,Yes,Yes, , , ,31,,,27,,143
-79.494228,43.743098,7873218,1379704,2013,2013-10-09T04:00:00.000Z,245,2,SHEPPARD Ave W,SEELEY Dr, ,Major Arterial,North York,43.743098,-79.494228,Intersection, ,No Control,Clear,"Dark, artificial",Dry,Non-Fatal Injury,SMV Other,Passenger,20 to 24,Minor,0, ,Other, , , , , , , , , , , ,Yes, , , , ,Yes,Yes,Yes, , , ,31,,,26,,144
-79.494228,43.743098,7873219,1379704,2013,2013-10-09T04:00:00.000Z,245,2,SHEPPARD Ave W,SEELEY Dr, ,Major Arterial,North York,43.743098,-79.494228,Intersection, ,No Control,Clear,"Dark, artificial",Dry,Non-Fatal Injury,SMV Other,Driver,20 to 24,Major,0,West,"Automobile, Station Wagon",Going Ahead,Speed too Fast For Condition,Had Been Drinking, , , , , , , , ,Yes, , , , ,Yes,Yes,Yes, , , ,31,,,26,,145
-79.36219,43.690745,6150097,1171946,2010,2010-06-05T04:00:00.000Z,246,2,BAYVIEW AVE,POTTERY RD, ,Major Arterial,Toronto and East York,43.690745,-79.36219,Mid-Block, ,No Control,Rain,Dark,Wet,Non-Fatal Injury,SMV Other,Driver,30 to 34,Major,0,South,"Automobile, Station Wagon",Going Ahead,Speed too Fast For Condition,Normal, , , , , , , , ,Yes, , , , , ,Yes,Yes, , , ,53,,,56,,146
-79.36219,43.690745,6150098,1171946,2010,2010-06-05T04:00:00.000Z,246,2,BAYVIEW AVE,POTTERY RD, ,Major Arterial,Toronto and East York,43.690745,-79.36219,Mid-Block, ,No Control,Rain,Dark,Wet,Non-Fatal Injury,SMV Other,Other Property Owner,unknown, ,0, ,Other, , , , , , , , , , , ,Yes, , , , , ,Yes,Yes, , , ,53,,,56,,147
-79.400592,43.645659,80723928,6002135820,2016,2016-12-02T05:00:00.000Z,246,2,PORTLAND ST,ADELAIDE ST W,18 m North of,Major Arterial,Toronto and East York,43.645659,-79.400592,Intersection,Intersection Related,No Control,Clear,"Dark, artificial",Dry,Non-Fatal Injury,SMV Unattended Vehicle,Driver,20 to 24,Major,0,North,"Automobile, Station Wagon",Going Ahead,Lost control,Unknown, , , , , , , , ,Yes, , , , ,Yes,Yes,Yes, , , ,14,,,77,,148
-79.400592,43.645659,80723929,6002135820,2016,2016-12-02T05:00:00.000Z,246,2,PORTLAND ST,ADELAIDE ST W,18 m North of,Major Arterial,Toronto and East York,43.645659,-79.400592,Intersection,Intersection Related,No Control,Clear,"Dark, artificial",Dry,Non-Fatal Injury,SMV Unattended Vehicle,Passenger,20 to 24,Minor,0, , , , , , , , , , , , , ,Yes, , , , ,Yes,Yes,Yes, , , ,14,,,77,,149
-79.430691,43.647708,80942880,8000275432,2018,2018-02-13T05:00:00.000Z,247,2,DUFERIN ST,BANK ST,16 m South of,Minor Arterial,Toronto and East York,43.647708,-79.430691,Mid-Block,Non Intersection,No Control,Clear,"Dark, artificial",Dry,Non-Fatal Injury,SMV Unattended Vehicle,Driver,50 to 54,None,0,South,"Automobile, Station Wagon",Making U Turn,Driving Properly,Normal, , , , , , , , ,Yes, , , , , ,Yes,Yes, , , ,"11,14",,,84,,150
-79.430691,43.647708,80942881,8000275432,2018,2018-02-13T05:00:00.000Z,247,2,DUFERIN ST,BANK ST,16 m South of,Minor Arterial,Toronto and East York,43.647708,-79.430691,Mid-Block,Non Intersection,No Control,Clear,"Dark, artificial",Dry,Non-Fatal Injury,SMV Unattended Vehicle,Driver,20 to 24,Major,0,North,"Automobile, Station Wagon",Going Ahead,Exceeding Speed Limit,Unknown, , , , , , , , ,Yes, , , , , ,Yes,Yes, , , ,"11,14",,,84,,151
-79.49929,43.666045,5394102,1053634,2008,2008-08-18T04:00:00.000Z,250,2,SCARLETT RD,ST CLAIR AVE W, ,Major Arterial,Toronto and East York,43.666045,-79.49929,Intersection, ,Traffic Signal,Clear,Dark,Dry,Non-Fatal Injury,SMV Other,Driver,80 to 84,Major,0,South,"Automobile, Station Wagon",Going Ahead,Other,Other, , , , , , , , ,Yes, , , , , ,Yes,Yes, , , ,"12,11",,,111,,152
-79.40799,43.665745,5862767,1135676,2009,2009-10-18T04:00:00.000Z,250,2,BLOOR Stre W,BRUNSWICK Aven, ,Major Arterial,Toronto and East York,43.665745,-79.40799,Mid-Block, ,No Control,Clear,Dark,Dry,Non-Fatal Injury,Rear End,Vehicle Owner,unknown, ,0, ,Other, , , , , , , , , , , ,Yes, , , , , , ,Yes, , , ,14,,,79,,153
-79.40799,43.665745,5862768,1135676,2009,2009-10-18T04:00:00.000Z,250,2,BLOOR Stre W,BRUNSWICK Aven, ,Major Arterial,Toronto and East York,43.665745,-79.40799,Mid-Block, ,No Control,Clear,Dark,Dry,Non-Fatal Injury,Rear End,Driver,45 to 49,None,0,West,"Automobile, Station Wagon",Going Ahead,Following too Close,Fatigue, , , , , , , , ,Yes, , , , , , ,Yes, , , ,14,,,79,,154
-79.40799,43.665745,5862769,1135676,2009,2009-10-18T04:00:00.000Z,250,2,BLOOR Stre W,BRUNSWICK Aven, ,Major Arterial,Toronto and East York,43.665745,-79.40799,Mid-Block, ,No Control,Clear,Dark,Dry,Non-Fatal Injury,Rear End,Other,unknown,None,0, ,Other,Parked, , , , , , , , , , ,Yes, , , , , , ,Yes, , , ,14,,,79,,155
-79.40799,43.665745,5862770,1135676,2009,2009-10-18T04:00:00.000Z,250,2,BLOOR Stre W,BRUNSWICK Aven, ,Major Arterial,Toronto and East York,43.665745,-79.40799,Mid-Block, ,No Control,Clear,Dark,Dry,Non-Fatal Injury,Rear End,Driver,20 to 24,Major,0,West,"Automobile, Station Wagon",Parked,Driving Properly,Normal, , , , , , , , ,Yes, , , , , , ,Yes, , , ,14,,,79,,156
-79.197955,43.84878,80546946,6001433140,2016,2016-08-14T04:00:00.000Z,250,2,STEELES AVE E,REESOR RD, ,Minor Arterial,Scarborough,43.84878,-79.197955,Mid-Block,Non Intersection,No Control,Clear,Dark,Dry,Fatal,Approaching,Driver,20 to 24,Fatal,52,East,"Automobile, Station Wagon",Going Ahead,Driving Properly,Normal, , , , , , , , ,Yes, , , , ,Yes,Yes,Yes, , , ,42,,,131,,157
-79.197955,43.84878,80546947,6001433140,2016,2016-08-14T04:00:00.000Z,250,2,STEELES AVE E,REESOR RD, ,Minor Arterial,Scarborough,43.84878,-79.197955,Mid-Block,Non Intersection,No Control,Clear,Dark,Dry,Fatal,Approaching,Passenger,20 to 24,Minor,0, ,"Automobile, Station Wagon", , , , , , , , , , , ,Yes, , , , ,Yes,Yes,Yes, , , ,42,,,131,,158
-79.197955,43.84878,80546948,6001433140,2016,2016-08-14T04:00:00.000Z,250,2,STEELES AVE E,REESOR RD, ,Minor Arterial,Scarborough,43.84878,-79.197955,Mid-Block,Non Intersection,No Control,Clear,Dark,Dry,Fatal,Approaching,Driver,30 to 34,Minimal,0,West,"Automobile, Station Wagon",Going Ahead,Driving Properly,Normal, , , , , , , , ,Yes, , , , ,Yes,Yes,Yes, , , ,42,,,131,,159
-79.197955,43.84878,80554861,6001433140,2016,2016-08-14T04:00:00.000Z,250,2,STEELES AVE E,REESOR RD, ,Minor Arterial,Scarborough,43.84878,-79.197955,Mid-Block,Non Intersection,No Control,Clear,Dark,Dry,Fatal,Approaching,Driver,55 to 59,Minor,0,West,Pick Up Truck,Overtaking,Improper Passing,Had Been Drinking, , , , , , , , ,Yes, , , , ,Yes,Yes,Yes, , , ,42,,,131,,160
-79.28625,43.803679,80722731,6002090598,2016,2016-11-25T05:00:00.000Z,251,2,FINCH AVE E,MIDLAND AVE, ,Major Arterial,Scarborough,43.803679,-79.28625,Intersection,At Intersection,Traffic Signal,"Fog, Mist, Smoke, Dust","Dark, artificial",Wet,Non-Fatal Injury,Turning Movement,Driver,20 to 24,None,0,West,"Automobile, Station Wagon",Going Ahead,Exceeding Speed Limit,Normal, , , , , , , , ,Yes, , , , ,Yes,Yes,Yes, , , ,42,,,129,,161
-79.28625,43.803679,80722732,6002090598,2016,2016-11-25T05:00:00.000Z,251,2,FINCH AVE E,MIDLAND AVE, ,Major Arterial,Scarborough,43.803679,-79.28625,Intersection,At Intersection,Traffic Signal,"Fog, Mist, Smoke, Dust","Dark, artificial",Wet,Non-Fatal Injury,Turning Movement,Driver,20 to 24,Major,0,East,"Automobile, Station Wagon",Turning Left,Driving Properly,Normal, , , , , , , , ,Yes, , , , ,Yes,Yes,Yes, , , ,42,,,129,,162
-79.28625,43.803679,80722733,6002090598,2016,2016-11-25T05:00:00.000Z,251,2,FINCH AVE E,MIDLAND AVE, ,Major Arterial,Scarborough,43.803679,-79.28625,Intersection,At Intersection,Traffic Signal,"Fog, Mist, Smoke, Dust","Dark, artificial",Wet,Non-Fatal Injury,Turning Movement,Passenger,20 to 24,Minimal,0, , , , , , , , , , , , , ,Yes, , , , ,Yes,Yes,Yes, , , ,42,,,129,,163
-79.28625,43.803679,80722734,6002090598,2016,2016-11-25T05:00:00.000Z,251,2,FINCH AVE E,MIDLAND AVE, ,Major Arterial,Scarborough,43.803679,-79.28625,Intersection,At Intersection,Traffic Signal,"Fog, Mist, Smoke, Dust","Dark, artificial",Wet,Non-Fatal Injury,Turning Movement,Passenger,15 to 19,None,0, , , , , , , , , , , , , ,Yes, , , , ,Yes,Yes,Yes, , , ,42,,,129,,164
-79.28625,43.803679,80722735,6002090598,2016,2016-11-25T05:00:00.000Z,251,2,FINCH AVE E,MIDLAND AVE, ,Major Arterial,Scarborough,43.803679,-79.28625,Intersection,At Intersection,Traffic Signal,"Fog, Mist, Smoke, Dust","Dark, artificial",Wet,Non-Fatal Injury,Turning Movement,Passenger,25 to 29,None,0, , , , , , , , , , , , , ,Yes, , , , ,Yes,Yes,Yes, , , ,42,,,129,,165
-79.28625,43.803679,80722736,6002090598,2016,2016-11-25T05:00:00.000Z,251,2,FINCH AVE E,MIDLAND AVE, ,Major Arterial,Scarborough,43.803679,-79.28625,Intersection,At Intersection,Traffic Signal,"Fog, Mist, Smoke, Dust","Dark, artificial",Wet,Non-Fatal Injury,Turning Movement,Passenger,15 to 19,Minimal,0, , , , , , , , , , , , , ,Yes, , , , ,Yes,Yes,Yes, , , ,42,,,129,,166
-79.43669,43.736845,5218360,1095072,2009,2009-02-21T05:00:00.000Z,255,2,STADACONA DR,WILSON AVE, ,Major Arterial,North York,43.736845,-79.43669,Intersection, ,Stop Sign,Clear,Dark,Wet,Non-Fatal Injury,Pedestrian Collisions,Driver,35 to 39,None,0,North,"Automobile, Station Wagon",Going Ahead,Failed to Yield Right of Way,"Ability Impaired, Alcohol Over .08", , , , , , ,Yes, ,Yes, , , , , , ,Yes, ,Yes, ,32,,,33,,167
-79.43669,43.736845,5218361,1095072,2009,2009-02-21T05:00:00.000Z,255,2,STADACONA DR,WILSON AVE, ,Major Arterial,North York,43.736845,-79.43669,Intersection, ,Stop Sign,Clear,Dark,Wet,Non-Fatal Injury,Pedestrian Collisions,Pedestrian,30 to 34,Major,0, ,Other,Other, , ,Vehicle is going straight thru inter.while ped cross without ROW,Crossing without right of way,Had Been Drinking, , , ,Yes, ,Yes, , , , , , ,Yes, ,Yes, ,32,,,33,,168
-79.49119,43.665745,7850500,1369861,2013,2013-08-05T04:00:00.000Z,255,2,DUNDAS St W,JANE St, ,Major Arterial,Toronto and East York,43.665745,-79.49119,Intersection,At Intersection,Traffic Signal,Clear,"Dark, artificial",Dry,Non-Fatal Injury,Pedestrian Collisions,Driver,unknown,None,0,West,"Automobile, Station Wagon",Turning Right,Failed to Yield Right of Way,Unknown, , , , , , ,Yes, ,Yes, , , , , , ,Yes, , , ,11,,,89,,169
-79.49119,43.665745,7850501,1369861,2013,2013-08-05T04:00:00.000Z,255,2,DUNDAS St W,JANE St, ,Major Arterial,Toronto and East York,43.665745,-79.49119,Intersection,At Intersection,Traffic Signal,Clear,"Dark, artificial",Dry,Non-Fatal Injury,Pedestrian Collisions,Pedestrian,20 to 24,Major,0,North,Other, , , ,Vehicle turns right while ped crosses with ROW at inter.,Crossing with right of way,Had Been Drinking, , , ,Yes, ,Yes, , , , , , ,Yes, , , ,11,,,89,,170