X,Y,Index_,ACCNUM,YEAR,DATE,TIME,Hour,STREET1,STREET2,OFFSET,ROAD_CLASS,District,LATITUDE,LONGITUDE,LOCCOORD,ACCLOC,TRAFFCTL,VISIBILITY,LIGHT,RDSFCOND,ACCLASS,IMPACTYPE,INVTYPE,INVAGE,INJURY,FATAL_NO,INITDIR,VEHTYPE,MANOEUVER,DRIVACT,DRIVCOND,PEDTYPE,PEDACT,PEDCOND,CYCLISTYPE,CYCACT,CYCCOND,PEDESTRIAN,CYCLIST,AUTOMOBILE,MOTORCYCLE,TRUCK,TRSN_CITY_,EMERG_VEH,PASSENGER,SPEEDING,AG_DRIV,REDLIGHT,ALCOHOL,DISABILITY,Division,Ward_Name,Ward_ID,Hood_ID,Hood_Name,ObjectId
-79.447826,43.689715,80949011,8001481293,2018,2018-08-12T04:00:00.000Z,26,0,DUFFERIN ST,GIBSON ST,60 m South of,Major Arterial,Toronto and East York,43.689715,-79.447826,Mid-Block,Non Intersection,No Control,Clear,"Dark, artificial",Dry,Non-Fatal Injury,Approaching,Motorcycle Passenger,25 to 29,Major,0, , , , , , , , , , , , , ,Yes,Yes, , , ,Yes,Yes,Yes, , , ,13,,,109,,232
-79.39079,43.778845,6653601,1244530,2011,2011-07-18T04:00:00.000Z,28,0,BAYVIEW Ave,MCKEE Ave, ,Major Arterial,North York,43.778845,-79.39079,Mid-Block, ,No Control,Clear,"Dark, artificial",Dry,Non-Fatal Injury,Pedestrian Collisions,Pedestrian,55 to 59,Major,0,Unknown,"Automobile, Station Wagon", , , ,Pedestrian hit at mid-block,Playing or Working on Highway,Normal, , , ,Yes, ,Yes, , , , ,Yes,Yes,Yes, , , ,"33,32",,,52,,233
-79.39079,43.778845,6653602,1244530,2011,2011-07-18T04:00:00.000Z,28,0,BAYVIEW Ave,MCKEE Ave, ,Major Arterial,North York,43.778845,-79.39079,Mid-Block, ,No Control,Clear,"Dark, artificial",Dry,Non-Fatal Injury,Pedestrian Collisions,Passenger,20 to 24,Major,0, ,Other, , , , , , , , , ,Yes, ,Yes, , , , ,Yes,Yes,Yes, , , ,"33,32",,,52,,234
-79.39079,43.778845,6653603,1244530,2011,2011-07-18T04:00:00.000Z,28,0,BAYVIEW Ave,MCKEE Ave, ,Major Arterial,North York,43.778845,-79.39079,Mid-Block, ,No Control,Clear,"Dark, artificial",Dry,Non-Fatal Injury,Pedestrian Collisions,Vehicle Owner,unknown, ,0, ,Other, , , , , , , , , ,Yes, ,Yes, , , , ,Yes,Yes,Yes, , , ,"33,32",,,52,,235
-79.39079,43.778845,6653604,1244530,2011,2011-07-18T04:00:00.000Z,28,0,BAYVIEW Ave,MCKEE Ave, ,Major Arterial,North York,43.778845,-79.39079,Mid-Block, ,No Control,Clear,"Dark, artificial",Dry,Non-Fatal Injury,Pedestrian Collisions,Passenger,25 to 29,Major,0, ,Other, , , , , , , , , ,Yes, ,Yes, , , , ,Yes,Yes,Yes, , , ,"33,32",,,52,,236
-79.39079,43.778845,6653605,1244530,2011,2011-07-18T04:00:00.000Z,28,0,BAYVIEW Ave,MCKEE Ave, ,Major Arterial,North York,43.778845,-79.39079,Mid-Block, ,No Control,Clear,"Dark, artificial",Dry,Non-Fatal Injury,Pedestrian Collisions,Passenger,20 to 24,Major,0, ,Other, , , , , , , , , ,Yes, ,Yes, , , , ,Yes,Yes,Yes, , , ,"33,32",,,52,,237
-79.39079,43.778845,6653606,1244530,2011,2011-07-18T04:00:00.000Z,28,0,BAYVIEW Ave,MCKEE Ave, ,Major Arterial,North York,43.778845,-79.39079,Mid-Block, ,No Control,Clear,"Dark, artificial",Dry,Non-Fatal Injury,Pedestrian Collisions,Driver,25 to 29,Major,0,North,"Automobile, Station Wagon",Going Ahead,Exceeding Speed Limit,Had Been Drinking, , , , , , ,Yes, ,Yes, , , , ,Yes,Yes,Yes, , , ,"33,32",,,52,,238
-79.31259,43.667245,5288063,1125870,2009,2009-08-19T04:00:00.000Z,29,0,QUEEN ST E,KINGSTON RD, ,Major Arterial,Toronto and East York,43.667245,-79.31259,Intersection,At Intersection,Traffic Signal,Clear,Dark,Dry,Non-Fatal Injury,Turning Movement,Vehicle Owner,unknown, ,0, ,Other, , , , , , , , , , , ,Yes, , , , , , ,Yes, , , ,55,,,63,,239
-79.31259,43.667245,5288064,1125870,2009,2009-08-19T04:00:00.000Z,29,0,QUEEN ST E,KINGSTON RD, ,Major Arterial,Toronto and East York,43.667245,-79.31259,Intersection,At Intersection,Traffic Signal,Clear,Dark,Dry,Non-Fatal Injury,Turning Movement,Driver,30 to 34,None,0,East,"Automobile, Station Wagon",Turning Left,Failed to Yield Right of Way,Normal, , , , , , , , ,Yes, , , , , , ,Yes, , , ,55,,,63,,240
-79.31259,43.667245,5288065,1125870,2009,2009-08-19T04:00:00.000Z,29,0,QUEEN ST E,KINGSTON RD, ,Major Arterial,Toronto and East York,43.667245,-79.31259,Intersection,At Intersection,Traffic Signal,Clear,Dark,Dry,Non-Fatal Injury,Turning Movement,Driver,60 to 64,Major,0,West,"Automobile, Station Wagon",Going Ahead,Driving Properly,Normal, , , , , , , , ,Yes, , , , , , ,Yes, , , ,55,,,63,,241
-79.519672,43.604773,80631671,7000303904,2017,2017-02-18T05:00:00.000Z,29,0,KIPLING AVE,NEW TORONTO ST,112 m North,Major Arterial,Etobicoke York,43.604773,-79.519672,Mid-Block,Underpass or Tunnel,No Control,Clear,"Dark, artificial",Dry,Fatal,SMV Other,Passenger,30 to 34,Minor,0, , , , , , , , , , , , , ,Yes, , , , ,Yes,Yes,Yes, , , ,22,,,17,,242
-79.519672,43.604773,80632485,7000303904,2017,2017-02-18T05:00:00.000Z,29,0,KIPLING AVE,NEW TORONTO ST,112 m North,Major Arterial,Etobicoke York,43.604773,-79.519672,Mid-Block,Underpass or Tunnel,No Control,Clear,"Dark, artificial",Dry,Fatal,SMV Other,Driver,30 to 34,Fatal,7,South,Pick Up Truck,Going Ahead,Failed to Yield Right of Way,Had Been Drinking, , , , , , , , ,Yes, , , , ,Yes,Yes,Yes, , , ,22,,,17,,243
-79.367893,43.677146,5363175,1039861,2008,2008-05-24T04:00:00.000Z,30,0,BAYVIEW Aven,BLOOR Ramp, ,Major Arterial,Toronto and East York,43.677146,-79.367893,Mid-Block, ,No Control,Clear,Dark,Dry,Fatal,SMV Other,Motorcycle Driver,25 to 29,Fatal,21,North,Motorcycle,Going Ahead,Exceeding Speed Limit,Unknown, , , , , , , , , ,Yes, , , , ,Yes,Yes, , , ,53,,,98,,244
-79.281932,43.768611,80487535,5001313535,2015,2015-08-01T04:00:00.000Z,31,0,1939 KENNEDY RD, ,18 m South of,Major Arterial,Scarborough,43.768611,-79.281932,Mid-Block,Non Intersection,No Control,Clear,Dark,Dry,Non-Fatal Injury,Rear End,Driver,40 to 44,None,0,North,"Automobile, Station Wagon",Going Ahead,Following too Close,Had Been Drinking, , , , , , , , ,Yes,Yes, , , ,Yes, ,Yes, , , ,41,,,126,,245
-79.281932,43.768611,80487536,5001313535,2015,2015-08-01T04:00:00.000Z,31,0,1939 KENNEDY RD, ,18 m South of,Major Arterial,Scarborough,43.768611,-79.281932,Mid-Block,Non Intersection,No Control,Clear,Dark,Dry,Non-Fatal Injury,Rear End,Motorcycle Driver,35 to 39,Major,0,North,Motorcycle,Going Ahead,Driving Properly,Normal, , , , , , , , ,Yes,Yes, , , ,Yes, ,Yes, , , ,41,,,126,,246
-79.281932,43.768611,80487537,5001313535,2015,2015-08-01T04:00:00.000Z,31,0,1939 KENNEDY RD, ,18 m South of,Major Arterial,Scarborough,43.768611,-79.281932,Mid-Block,Non Intersection,No Control,Clear,Dark,Dry,Non-Fatal Injury,Rear End,Motorcycle Passenger,35 to 39,Major,0, , , , , , , , , , , , , ,Yes,Yes, , , ,Yes, ,Yes, , , ,41,,,126,,247
-79.401897,43.637377,80721937,6001965886,2016,2016-11-05T04:00:00.000Z,32,0,BRUYERES  MEWS,IANNUZZI  ST,40 m West of,Pending,Toronto and East York,43.637377,-79.401897,Mid-Block,Non Intersection,No Control,Clear,Dark,Dry,Non-Fatal Injury,Turning Movement,Driver,20 to 24,None,0,West,"Automobile, Station Wagon",Going Ahead,Disobeyed Traffic Control,Unknown, , , , , , , , ,Yes, , , , ,Yes,Yes,Yes, , , ,14,,,82,,248
-79.401897,43.637377,80721938,6001965886,2016,2016-11-05T04:00:00.000Z,32,0,BRUYERES  MEWS,IANNUZZI  ST,40 m West of,Pending,Toronto and East York,43.637377,-79.401897,Mid-Block,Non Intersection,No Control,Clear,Dark,Dry,Non-Fatal Injury,Turning Movement,Driver,30 to 34,None,0,West,Pick Up Truck,Making U Turn,Driving Properly,Normal, , , , , , , , ,Yes, , , , ,Yes,Yes,Yes, , , ,14,,,82,,249
-79.401897,43.637377,80721939,6001965886,2016,2016-11-05T04:00:00.000Z,32,0,BRUYERES  MEWS,IANNUZZI  ST,40 m West of,Pending,Toronto and East York,43.637377,-79.401897,Mid-Block,Non Intersection,No Control,Clear,Dark,Dry,Non-Fatal Injury,Turning Movement,Driver,50 to 54,None,0,East,"Automobile, Station Wagon",Stopped,Driving Properly,Normal, , , , , , , , ,Yes, , , , ,Yes,Yes,Yes, , , ,14,,,82,,250
-79.401897,43.637377,80721940,6001965886,2016,2016-11-05T04:00:00.000Z,32,0,BRUYERES  MEWS,IANNUZZI  ST,40 m West of,Pending,Toronto and East York,43.637377,-79.401897,Mid-Block,Non Intersection,No Control,Clear,Dark,Dry,Non-Fatal Injury,Turning Movement,Passenger,20 to 24,Major,0, , , , , , , , , , , , , ,Yes, , , , ,Yes,Yes,Yes, , , ,14,,,82,,251
-79.19979,43.801945,5242857,1106122,2009,2009-04-30T04:00:00.000Z,33,0,SHEPPARD AVE E,MORNINGSIDE AVE, ,Major Arterial,Scarborough,43.801945,-79.19979,Intersection,At Intersection,Traffic Signal,Clear,Dark,Dry,Non-Fatal Injury,Pedestrian Collisions,Driver,20 to 24,None,0,South,"Automobile, Station Wagon",Turning Left,Failed to Yield Right of Way,Normal, , , , , , ,Yes, ,Yes, , , , , , ,Yes, , , ,42,,,132,,252
-79.19979,43.801945,5242858,1106122,2009,2009-04-30T04:00:00.000Z,33,0,SHEPPARD AVE E,MORNINGSIDE AVE, ,Major Arterial,Scarborough,43.801945,-79.19979,Intersection,At Intersection,Traffic Signal,Clear,Dark,Dry,Non-Fatal Injury,Pedestrian Collisions,Pedestrian,25 to 29,Major,0,North,Other, , , ,Vehicle turns left while ped crosses with ROW at inter.,Crossing with right of way,Normal, , , ,Yes, ,Yes, , , , , , ,Yes, , , ,42,,,132,,253
-79.405978,43.652239,80942703,8000256570,2018,2018-02-10T05:00:00.000Z,34,0,BATHURST ST,DUNDAS ST W,25 m South of,Major Arterial,Toronto and East York,43.652239,-79.405978,Intersection,Intersection Related,No Control,Drifting Snow,"Dark, artificial",Wet,Non-Fatal Injury,Pedestrian Collisions,Pedestrian,40 to 44,Major,0,West, , , , ,Pedestrian hit at mid-block,"Crossing, no Traffic Control",Inattentive, , , ,Yes, ,Yes, , , , , ,Yes,Yes, ,Yes, ,14,,,78,,254
-79.405978,43.652239,80942704,8000256570,2018,2018-02-10T05:00:00.000Z,34,0,BATHURST ST,DUNDAS ST W,25 m South of,Major Arterial,Toronto and East York,43.652239,-79.405978,Intersection,Intersection Related,No Control,Drifting Snow,"Dark, artificial",Wet,Non-Fatal Injury,Pedestrian Collisions,Driver,30 to 34,None,0,South,"Automobile, Station Wagon",Going Ahead,Speed too Fast For Condition,"Ability Impaired, Alcohol Over .08", , , , , , ,Yes, ,Yes, , , , , ,Yes,Yes, ,Yes, ,14,,,78,,255
-79.400638,43.638827,80497446,6000133147,2016,2016-01-23T05:00:00.000Z,35,0,BATHURST ST,FORT YORK BLVD, ,Major Arterial,Toronto and East York,43.638827,-79.400638,Intersection,At Intersection,Traffic Signal,Clear,"Dark, artificial",Dry,Non-Fatal Injury,Turning Movement,Driver,45 to 49,Major,0,South,"Automobile, Station Wagon",Turning Left,Improper Turn,Inattentive, , , , , , , , ,Yes, , , , ,Yes,Yes,Yes, , , ,14,,,77,,256
-79.400638,43.638827,80497447,6000133147,2016,2016-01-23T05:00:00.000Z,35,0,BATHURST ST,FORT YORK BLVD, ,Major Arterial,Toronto and East York,43.638827,-79.400638,Intersection,At Intersection,Traffic Signal,Clear,"Dark, artificial",Dry,Non-Fatal Injury,Turning Movement,Driver,20 to 24,None,0,North,"Automobile, Station Wagon",Going Ahead,Exceeding Speed Limit,Inattentive, , , , , , , , ,Yes, , , , ,Yes,Yes,Yes, , , ,14,,,77,,257
-79.400638,43.638827,80497448,6000133147,2016,2016-01-23T05:00:00.000Z,35,0,BATHURST ST,FORT YORK BLVD, ,Major Arterial,Toronto and East York,43.638827,-79.400638,Intersection,At Intersection,Traffic Signal,Clear,"Dark, artificial",Dry,Non-Fatal Injury,Turning Movement,Driver,20 to 24,None,0,South,"Automobile, Station Wagon",Slowing or Stopping,Driving Properly,Normal, , , , , , , , ,Yes, , , , ,Yes,Yes,Yes, , , ,14,,,77,,258
-79.400638,43.638827,80497449,6000133147,2016,2016-01-23T05:00:00.000Z,35,0,BATHURST ST,FORT YORK BLVD, ,Major Arterial,Toronto and East York,43.638827,-79.400638,Intersection,At Intersection,Traffic Signal,Clear,"Dark, artificial",Dry,Non-Fatal Injury,Turning Movement,Driver,25 to 29,None,0,South,"Automobile, Station Wagon",Slowing or Stopping,Driving Properly,Normal, , , , , , , , ,Yes, , , , ,Yes,Yes,Yes, , , ,14,,,77,,259
-79.400638,43.638827,80497450,6000133147,2016,2016-01-23T05:00:00.000Z,35,0,BATHURST ST,FORT YORK BLVD, ,Major Arterial,Toronto and East York,43.638827,-79.400638,Intersection,At Intersection,Traffic Signal,Clear,"Dark, artificial",Dry,Non-Fatal Injury,Turning Movement,Driver,35 to 39,None,0,North,"Automobile, Station Wagon",Going Ahead,Driving Properly,Unknown, , , , , , , , ,Yes, , , , ,Yes,Yes,Yes, , , ,14,,,77,,260
-79.400638,43.638827,80497451,6000133147,2016,2016-01-23T05:00:00.000Z,35,0,BATHURST ST,FORT YORK BLVD, ,Major Arterial,Toronto and East York,43.638827,-79.400638,Intersection,At Intersection,Traffic Signal,Clear,"Dark, artificial",Dry,Non-Fatal Injury,Turning Movement,Driver,40 to 44,None,0,South,"Automobile, Station Wagon",Slowing or Stopping,Driving Properly,Unknown, , , , , , , , ,Yes, , , , ,Yes,Yes,Yes, , , ,14,,,77,,261
-79.400638,43.638827,80497452,6000133147,2016,2016-01-23T05:00:00.000Z,35,0,BATHURST ST,FORT YORK BLVD, ,Major Arterial,Toronto and East York,43.638827,-79.400638,Intersection,At Intersection,Traffic Signal,Clear,"Dark, artificial",Dry,Non-Fatal Injury,Turning Movement,Passenger,20 to 24,Minimal,0, , , , , , , , , , , , , ,Yes, , , , ,Yes,Yes,Yes, , , ,14,,,77,,262
-79.400638,43.638827,80497453,6000133147,2016,2016-01-23T05:00:00.000Z,35,0,BATHURST ST,FORT YORK BLVD, ,Major Arterial,Toronto and East York,43.638827,-79.400638,Intersection,At Intersection,Traffic Signal,Clear,"Dark, artificial",Dry,Non-Fatal Injury,Turning Movement,Passenger,15 to 19,Minimal,0, , , , , , , , , , , , , ,Yes, , , , ,Yes,Yes,Yes, , , ,14,,,77,,263
-79.400638,43.638827,80497454,6000133147,2016,2016-01-23T05:00:00.000Z,35,0,BATHURST ST,FORT YORK BLVD, ,Major Arterial,Toronto and East York,43.638827,-79.400638,Intersection,At Intersection,Traffic Signal,Clear,"Dark, artificial",Dry,Non-Fatal Injury,Turning Movement,Passenger,15 to 19,Minimal,0, , , , , , , , , , , , , ,Yes, , , , ,Yes,Yes,Yes, , , ,14,,,77,,264
-79.400638,43.638827,80497455,6000133147,2016,2016-01-23T05:00:00.000Z,35,0,BATHURST ST,FORT YORK BLVD, ,Major Arterial,Toronto and East York,43.638827,-79.400638,Intersection,At Intersection,Traffic Signal,Clear,"Dark, artificial",Dry,Non-Fatal Injury,Turning Movement,Passenger,20 to 24,Minimal,0, , , , , , , , , , , , , ,Yes, , , , ,Yes,Yes,Yes, , , ,14,,,77,,265
-79.400638,43.638827,80497456,6000133147,2016,2016-01-23T05:00:00.000Z,35,0,BATHURST ST,FORT YORK BLVD, ,Major Arterial,Toronto and East York,43.638827,-79.400638,Intersection,At Intersection,Traffic Signal,Clear,"Dark, artificial",Dry,Non-Fatal Injury,Turning Movement,Passenger,20 to 24,Minimal,0, , , , , , , , , , , , , ,Yes, , , , ,Yes,Yes,Yes, , , ,14,,,77,,266
-79.400638,43.638827,80497457,6000133147,2016,2016-01-23T05:00:00.000Z,35,0,BATHURST ST,FORT YORK BLVD, ,Major Arterial,Toronto and East York,43.638827,-79.400638,Intersection,At Intersection,Traffic Signal,Clear,"Dark, artificial",Dry,Non-Fatal Injury,Turning Movement,Passenger,20 to 24,None,0, , , , , , , , , , , , , ,Yes, , , , ,Yes,Yes,Yes, , , ,14,,,77,,267
-79.34879,43.689445,7475181,1319682,2012,2012-09-01T04:00:00.000Z,36,0,PAPE AVE,COSBURN AVE, ,Major Arterial,Toronto and East York,43.689445,-79.34879,Intersection,At Intersection,Traffic Signal,Clear,"Dark, artificial",Dry,Non-Fatal Injury,Pedestrian Collisions,Driver,20 to 24,None,0,North,"Automobile, Station Wagon",Going Ahead,Failed to Yield Right of Way,"Ability Impaired, Alcohol", , , , , , ,Yes, ,Yes, , , , , , ,Yes, ,Yes, ,54,,,58,,268
-79.34879,43.689445,7475182,1319682,2012,2012-09-01T04:00:00.000Z,36,0,PAPE AVE,COSBURN AVE, ,Major Arterial,Toronto and East York,43.689445,-79.34879,Intersection,At Intersection,Traffic Signal,Clear,"Dark, artificial",Dry,Non-Fatal Injury,Pedestrian Collisions,Pedestrian,25 to 29,Major,0,North,Other, , , ,Vehicle is going straight thru inter.while ped cross with ROW,Crossing with right of way,Had Been Drinking, , , ,Yes, ,Yes, , , , , , ,Yes, ,Yes, ,54,,,58,,269
-79.236697,43.810794,80769408,6001592206,2016,2016-09-08T04:00:00.000Z,37,0,MELFORD DR,TAPSCOTT RD,80 m West of,Collector,Scarborough,43.810794,-79.236697,Mid-Block,Non Intersection,No Control,Rain,"Dark, artificial",Wet,Non-Fatal Injury,SMV Unattended Vehicle,Driver,50 to 54,None,0,East,"Automobile, Station Wagon",Going Ahead,Speed too Fast For Condition,Inattentive, , , , , , , , ,Yes, ,Yes, , ,Yes,Yes,Yes, , , ,42,,,132,,270
-79.236697,43.810794,80769437,6001592206,2016,2016-09-08T04:00:00.000Z,37,0,MELFORD DR,TAPSCOTT RD,80 m West of,Collector,Scarborough,43.810794,-79.236697,Mid-Block,Non Intersection,No Control,Rain,"Dark, artificial",Wet,Non-Fatal Injury,SMV Unattended Vehicle,Other,unknown,None,0,East,Truck - Dump,Parked, , , , , , , , , , ,Yes, ,Yes, , ,Yes,Yes,Yes, , , ,42,,,132,,271
-79.236697,43.810794,80769438,6001592206,2016,2016-09-08T04:00:00.000Z,37,0,MELFORD DR,TAPSCOTT RD,80 m West of,Collector,Scarborough,43.810794,-79.236697,Mid-Block,Non Intersection,No Control,Rain,"Dark, artificial",Wet,Non-Fatal Injury,SMV Unattended Vehicle,Passenger,45 to 49,Major,0, , , , , , , , , , , , , ,Yes, ,Yes, , ,Yes,Yes,Yes, , , ,42,,,132,,272
-79.51949,43.694745,5380705,1047657,2008,2008-07-12T04:00:00.000Z,38,0,688 SCARLETT RD, , ,Major Arterial,Etobicoke York,43.694745,-79.51949,Intersection, ,No Control,Clear,Dark,Dry,Fatal,SMV Other,Driver,25 to 29,Fatal,31,South,"Automobile, Station Wagon",Overtaking,Exceeding Speed Limit,Unknown, , , , , , , , ,Yes, , , , , ,Yes,Yes, , , ,23,,,8,,273
-79.51949,43.694745,5380706,1047657,2008,2008-07-12T04:00:00.000Z,38,0,688 SCARLETT RD, , ,Major Arterial,Etobicoke York,43.694745,-79.51949,Intersection, ,No Control,Clear,Dark,Dry,Fatal,SMV Other,Other,unknown,None,0,West,"Automobile, Station Wagon",Parked, , , , , , , , , , ,Yes, , , , , ,Yes,Yes, , , ,23,,,8,,274
-79.51949,43.694745,5380707,1047657,2008,2008-07-12T04:00:00.000Z,38,0,688 SCARLETT RD, , ,Major Arterial,Etobicoke York,43.694745,-79.51949,Intersection, ,No Control,Clear,Dark,Dry,Fatal,SMV Other,Other,unknown, ,0,West,"Automobile, Station Wagon",Parked, , , , , , , , , , ,Yes, , , , , ,Yes,Yes, , , ,23,,,8,,275
-79.51949,43.694745,5380708,1047657,2008,2008-07-12T04:00:00.000Z,38,0,688 SCARLETT RD, , ,Major Arterial,Etobicoke York,43.694745,-79.51949,Intersection, ,No Control,Clear,Dark,Dry,Fatal,SMV Other,Other,unknown,None,0,East,"Automobile, Station Wagon",Parked, , , , , , , , , , ,Yes, , , , , ,Yes,Yes, , , ,23,,,8,,276
-79.570819,43.69158,80237343,5000706229,2015,2015-04-29T04:00:00.000Z,40,0,MARTIN GROVE RD,DIXON RD, ,Major Arterial,Etobicoke York,43.69158,-79.570819,Intersection,At Intersection,Traffic Signal,Clear,"Dark, artificial",Dry,Non-Fatal Injury,Pedestrian Collisions,Driver,55 to 59,None,0,South,Passenger Van,Turning Left,Failed to Yield Right of Way,Inattentive, , , , , , ,Yes, ,Yes, , , , , , ,Yes, , , ,23,,,1,,277
-79.570819,43.69158,80237344,5000706229,2015,2015-04-29T04:00:00.000Z,40,0,MARTIN GROVE RD,DIXON RD, ,Major Arterial,Etobicoke York,43.69158,-79.570819,Intersection,At Intersection,Traffic Signal,Clear,"Dark, artificial",Dry,Non-Fatal Injury,Pedestrian Collisions,Pedestrian,25 to 29,Major,0,North, , , , ,Vehicle turns left while ped crosses with ROW at inter.,Crossing with right of way,Normal, , , ,Yes, ,Yes, , , , , , ,Yes, , , ,23,,,1,,278
-79.582095,43.743254,80247200,5001361534,2015,2015-08-09T04:00:00.000Z,40,0,KIPLING AVE,FINCH AVE W,18 m North of,Major Arterial,Etobicoke York,43.743254,-79.582095,Intersection,At Intersection,Traffic Signal,Clear,"Dark, artificial",Dry,Non-Fatal Injury,Rear End,Driver,60 to 64,None,0,South,"Automobile, Station Wagon",Going Ahead,Following too Close,Fatigue, , , , , , , , ,Yes, , , , ,Yes, ,Yes, , , ,23,,,3,,279
-79.582095,43.743254,80247201,5001361534,2015,2015-08-09T04:00:00.000Z,40,0,KIPLING AVE,FINCH AVE W,18 m North of,Major Arterial,Etobicoke York,43.743254,-79.582095,Intersection,At Intersection,Traffic Signal,Clear,"Dark, artificial",Dry,Non-Fatal Injury,Rear End,Driver,30 to 34,Minimal,0,South,"Automobile, Station Wagon",Stopped,Driving Properly,Normal, , , , , , , , ,Yes, , , , ,Yes, ,Yes, , , ,23,,,3,,280
-79.582095,43.743254,80247202,5001361534,2015,2015-08-09T04:00:00.000Z,40,0,KIPLING AVE,FINCH AVE W,18 m North of,Major Arterial,Etobicoke York,43.743254,-79.582095,Intersection,At Intersection,Traffic Signal,Clear,"Dark, artificial",Dry,Non-Fatal Injury,Rear End,Passenger,30 to 34,Minimal,0, , , , , , , , , , , , , ,Yes, , , , ,Yes, ,Yes, , , ,23,,,3,,281
-79.582095,43.743254,80247203,5001361534,2015,2015-08-09T04:00:00.000Z,40,0,KIPLING AVE,FINCH AVE W,18 m North of,Major Arterial,Etobicoke York,43.743254,-79.582095,Intersection,At Intersection,Traffic Signal,Clear,"Dark, artificial",Dry,Non-Fatal Injury,Rear End,Passenger,55 to 59,Minimal,0, , , , , , , , , , , , , ,Yes, , , , ,Yes, ,Yes, , , ,23,,,3,,282
-79.582095,43.743254,80247204,5001361534,2015,2015-08-09T04:00:00.000Z,40,0,KIPLING AVE,FINCH AVE W,18 m North of,Major Arterial,Etobicoke York,43.743254,-79.582095,Intersection,At Intersection,Traffic Signal,Clear,"Dark, artificial",Dry,Non-Fatal Injury,Rear End,Passenger,5 to 9,Minimal,0, , , , , , , , , , , , , ,Yes, , , , ,Yes, ,Yes, , , ,23,,,3,,283
-79.582095,43.743254,80247205,5001361534,2015,2015-08-09T04:00:00.000Z,40,0,KIPLING AVE,FINCH AVE W,18 m North of,Major Arterial,Etobicoke York,43.743254,-79.582095,Intersection,At Intersection,Traffic Signal,Clear,"Dark, artificial",Dry,Non-Fatal Injury,Rear End,Passenger,25 to 29,Major,0, , , , , , , , , , , , , ,Yes, , , , ,Yes, ,Yes, , , ,23,,,3,,284
-79.542079,43.592673,80609330,7000125598,2017,2017-01-21T05:00:00.000Z,40,0,BROWNS LINE,LAKESHORE W BROWNS LI RAMP,20 m North,Major Arterial,Etobicoke York,43.592673,-79.542079,Mid-Block,Non Intersection,No Control,"Fog, Mist, Smoke, Dust","Dark, artificial",Wet,Fatal,SMV Other,Driver,20 to 24,Fatal,3,South,Delivery Van,Going Ahead,Lost control,Had Been Drinking, , , , , , , , ,Yes, , , , , ,Yes,Yes, , , ,22,,,19,,285
-79.20592,43.749583,80790885,7003211588,2017,2017-12-17T05:00:00.000Z,41,0,KINGSTON RD,GUILDWOOD PKWY, ,Major Arterial,Scarborough,43.749583,-79.20592,Intersection,At Intersection,Traffic Signal,Other,Dark,Other,Fatal,SMV Other,Driver,50 to 54,Fatal,58,East, ,Going Ahead,Exceeding Speed Limit,Unknown, , , , , , , , , , , , , , ,Yes,Yes, , , ,43,,,140,,286
-79.35589,43.664645,6120127,1158874,2010,2010-03-24T04:00:00.000Z,42,0,GERRARD ST E,DON VALLEY PARKWAY Stre S, ,Expressway,Toronto and East York,43.664645,-79.35589,Mid-Block, ,No Control,Clear,Dark,Dry,Non-Fatal Injury,Pedestrian Collisions,Vehicle Owner,unknown, ,0, ,Other, , , , , , , , , ,Yes, ,Yes, , ,Yes, , , ,Yes, , , ,55,,,68,,287
-79.35589,43.664645,6120128,1158874,2010,2010-03-24T04:00:00.000Z,42,0,GERRARD ST E,DON VALLEY PARKWAY Stre S, ,Expressway,Toronto and East York,43.664645,-79.35589,Mid-Block, ,No Control,Clear,Dark,Dry,Non-Fatal Injury,Pedestrian Collisions,Pedestrian,40 to 44,Major,0,Unknown,Other, , , ,Pedestrian involved in a collision with transit vehicle anywhere along roadway,Playing or Working on Highway,Normal, , , ,Yes, ,Yes, , ,Yes, , , ,Yes, , , ,55,,,68,,288
-79.35589,43.664645,6120129,1158874,2010,2010-03-24T04:00:00.000Z,42,0,GERRARD ST E,DON VALLEY PARKWAY Stre S, ,Expressway,Toronto and East York,43.664645,-79.35589,Mid-Block, ,No Control,Clear,Dark,Dry,Non-Fatal Injury,Pedestrian Collisions,Driver,55 to 59,Major,0,West,"Automobile, Station Wagon",Stopped,Driving Properly,Normal, , , , , , ,Yes, ,Yes, , ,Yes, , , ,Yes, , , ,55,,,68,,289
-79.35589,43.664645,6120130,1158874,2010,2010-03-24T04:00:00.000Z,42,0,GERRARD ST E,DON VALLEY PARKWAY Stre S, ,Expressway,Toronto and East York,43.664645,-79.35589,Mid-Block, ,No Control,Clear,Dark,Dry,Non-Fatal Injury,Pedestrian Collisions,Vehicle Owner,unknown, ,0, ,Other, , , , , , , , , ,Yes, ,Yes, , ,Yes, , , ,Yes, , , ,55,,,68,,290
-79.35589,43.664645,6120131,1158874,2010,2010-03-24T04:00:00.000Z,42,0,GERRARD ST E,DON VALLEY PARKWAY Stre S, ,Expressway,Toronto and East York,43.664645,-79.35589,Mid-Block, ,No Control,Clear,Dark,Dry,Non-Fatal Injury,Pedestrian Collisions,Driver,55 to 59,None,0,West,"Automobile, Station Wagon",Stopped,Driving Properly,Normal, , , , , , ,Yes, ,Yes, , ,Yes, , , ,Yes, , , ,55,,,68,,291