X,Y,Index_,ACCNUM,YEAR,DATE,TIME,Hour,STREET1,STREET2,OFFSET,ROAD_CLASS,District,LATITUDE,LONGITUDE,LOCCOORD,ACCLOC,TRAFFCTL,VISIBILITY,LIGHT,RDSFCOND,ACCLASS,IMPACTYPE,INVTYPE,INVAGE,INJURY,FATAL_NO,INITDIR,VEHTYPE,MANOEUVER,DRIVACT,DRIVCOND,PEDTYPE,PEDACT,PEDCOND,CYCLISTYPE,CYCACT,CYCCOND,PEDESTRIAN,CYCLIST,AUTOMOBILE,MOTORCYCLE,TRUCK,TRSN_CITY_,EMERG_VEH,PASSENGER,SPEEDING,AG_DRIV,REDLIGHT,ALCOHOL,DISABILITY,Division,Ward_Name,Ward_ID,Hood_ID,Hood_Name,ObjectId
-79.35619,43.665345,5449939,1078367,2008,2008-12-31T05:00:00.000Z,52,0,DON VALLEY PARKWAY  S,GERRARD ST E, ,Expressway,Toronto and East York,43.665345,-79.35619,Mid-Block, ,No Control,Snow,Dark,Loose Snow,Non-Fatal Injury,SMV Other,Vehicle Owner,unknown, ,0, ,Other, , , , , , , , , , , ,Yes, , , , ,Yes,Yes,Yes, , , ,55,,,68,,355
-79.35619,43.665345,5449940,1078367,2008,2008-12-31T05:00:00.000Z,52,0,DON VALLEY PARKWAY  S,GERRARD ST E, ,Expressway,Toronto and East York,43.665345,-79.35619,Mid-Block, ,No Control,Snow,Dark,Loose Snow,Non-Fatal Injury,SMV Other,Driver,20 to 24,Minimal,0,South,"Automobile, Station Wagon",Going Ahead,Speed too Fast For Condition,Normal, , , , , , , , ,Yes, , , , ,Yes,Yes,Yes, , , ,55,,,68,,356
-79.35619,43.665345,5449941,1078367,2008,2008-12-31T05:00:00.000Z,52,0,DON VALLEY PARKWAY  S,GERRARD ST E, ,Expressway,Toronto and East York,43.665345,-79.35619,Mid-Block, ,No Control,Snow,Dark,Loose Snow,Non-Fatal Injury,SMV Other,Passenger,45 to 49,None,0, ,Other, , , , , , , , , , , ,Yes, , , , ,Yes,Yes,Yes, , , ,55,,,68,,357
-79.35619,43.665345,5449942,1078367,2008,2008-12-31T05:00:00.000Z,52,0,DON VALLEY PARKWAY  S,GERRARD ST E, ,Expressway,Toronto and East York,43.665345,-79.35619,Mid-Block, ,No Control,Snow,Dark,Loose Snow,Non-Fatal Injury,SMV Other,Passenger,45 to 49,Minimal,0, ,Other, , , , , , , , , , , ,Yes, , , , ,Yes,Yes,Yes, , , ,55,,,68,,358
-79.35619,43.665345,5449943,1078367,2008,2008-12-31T05:00:00.000Z,52,0,DON VALLEY PARKWAY  S,GERRARD ST E, ,Expressway,Toronto and East York,43.665345,-79.35619,Mid-Block, ,No Control,Snow,Dark,Loose Snow,Non-Fatal Injury,SMV Other,Passenger,40 to 44,Major,0, ,Other, , , , , , , , , , , ,Yes, , , , ,Yes,Yes,Yes, , , ,55,,,68,,359
-79.35619,43.665345,5449944,1078367,2008,2008-12-31T05:00:00.000Z,52,0,DON VALLEY PARKWAY  S,GERRARD ST E, ,Expressway,Toronto and East York,43.665345,-79.35619,Mid-Block, ,No Control,Snow,Dark,Loose Snow,Non-Fatal Injury,SMV Other,Driver,40 to 44,None,0,South,"Automobile, Station Wagon",Going Ahead,Driving Properly,Normal, , , , , , , , ,Yes, , , , ,Yes,Yes,Yes, , , ,55,,,68,,360
-79.35619,43.665345,5449945,1078367,2008,2008-12-31T05:00:00.000Z,52,0,DON VALLEY PARKWAY  S,GERRARD ST E, ,Expressway,Toronto and East York,43.665345,-79.35619,Mid-Block, ,No Control,Snow,Dark,Loose Snow,Non-Fatal Injury,SMV Other,Other,unknown,None,0, ,Other, , , , , , , , , , , ,Yes, , , , ,Yes,Yes,Yes, , , ,55,,,68,,361
-79.442981,43.650614,80632243,6001735682,2016,2016-09-30T04:00:00.000Z,52,0,DUNDAS ST W,STERLING RD, ,Minor Arterial,Toronto and East York,43.650614,-79.442981,Intersection,At Intersection,Traffic Signal,Clear,"Dark, artificial",Dry,Non-Fatal Injury,Turning Movement,Driver,15 to 19,None,0,South,"Automobile, Station Wagon",Turning Left,Disobeyed Traffic Control,Inattentive, , , , , , , , ,Yes, , , , ,Yes, ,Yes,Yes, , ,11,,,84,,362
-79.442981,43.650614,80632244,6001735682,2016,2016-09-30T04:00:00.000Z,52,0,DUNDAS ST W,STERLING RD, ,Minor Arterial,Toronto and East York,43.650614,-79.442981,Intersection,At Intersection,Traffic Signal,Clear,"Dark, artificial",Dry,Non-Fatal Injury,Turning Movement,Driver,25 to 29,None,0,West,"Automobile, Station Wagon",Going Ahead,Driving Properly,Normal, , , , , , , , ,Yes, , , , ,Yes, ,Yes,Yes, , ,11,,,84,,363
-79.442981,43.650614,80632245,6001735682,2016,2016-09-30T04:00:00.000Z,52,0,DUNDAS ST W,STERLING RD, ,Minor Arterial,Toronto and East York,43.650614,-79.442981,Intersection,At Intersection,Traffic Signal,Clear,"Dark, artificial",Dry,Non-Fatal Injury,Turning Movement,Passenger,30 to 34,Major,0, , , , , , , , , , , , , ,Yes, , , , ,Yes, ,Yes,Yes, , ,11,,,84,,364
-79.40189,43.636045,5375121,1045221,2008,2008-06-27T04:00:00.000Z,53,0,FLEET ST,STADIUM RD, ,Major Arterial,Toronto and East York,43.636045,-79.40189,Intersection, ,No Control,Clear,Dark,Dry,Fatal,Approaching,Vehicle Owner,unknown, ,0, ,Other, , , , , , , , , , , ,Yes, , ,Yes, ,Yes,Yes,Yes, ,Yes, ,14,,,82,,365
-79.40189,43.636045,5375122,1045221,2008,2008-06-27T04:00:00.000Z,53,0,FLEET ST,STADIUM RD, ,Major Arterial,Toronto and East York,43.636045,-79.40189,Intersection, ,No Control,Clear,Dark,Dry,Fatal,Approaching,Driver,30 to 34,None,0,East,Municipal Transit Bus (TTC),Going Ahead,Driving Properly,Normal, , , , , , , , ,Yes, , ,Yes, ,Yes,Yes,Yes, ,Yes, ,14,,,82,,366
-79.40189,43.636045,5375123,1045221,2008,2008-06-27T04:00:00.000Z,53,0,FLEET ST,STADIUM RD, ,Major Arterial,Toronto and East York,43.636045,-79.40189,Intersection, ,No Control,Clear,Dark,Dry,Fatal,Approaching,Passenger,20 to 24,Major,0, ,Other, , , , , , , , , , , ,Yes, , ,Yes, ,Yes,Yes,Yes, ,Yes, ,14,,,82,,367
-79.40189,43.636045,5375124,1045221,2008,2008-06-27T04:00:00.000Z,53,0,FLEET ST,STADIUM RD, ,Major Arterial,Toronto and East York,43.636045,-79.40189,Intersection, ,No Control,Clear,Dark,Dry,Fatal,Approaching,Driver,20 to 24,Fatal,28,West,"Automobile, Station Wagon",Going Ahead,Wrong Way on One Way Road,"Ability Impaired, Alcohol", , , , , , , , ,Yes, , ,Yes, ,Yes,Yes,Yes, ,Yes, ,14,,,82,,368
-79.325191,43.741919,80493171,5001995659,2015,2015-11-21T05:00:00.000Z,55,0,UNDERHILL DR,ROANOKE RD, ,Collector,North York,43.741919,-79.325191,Intersection,Intersection Related,Stop Sign,Clear,"Dark, artificial",Dry,Non-Fatal Injury,Turning Movement,Driver,70 to 74,Major,0,South,"Automobile, Station Wagon",Going Ahead,Speed too Fast For Condition,"Ability Impaired, Alcohol Over .08", , , , , , , , ,Yes, , , , , ,Yes,Yes, ,Yes, ,33,,,45,,369
-79.325191,43.741919,80493172,5001995659,2015,2015-11-21T05:00:00.000Z,55,0,UNDERHILL DR,ROANOKE RD, ,Collector,North York,43.741919,-79.325191,Intersection,Intersection Related,Stop Sign,Clear,"Dark, artificial",Dry,Non-Fatal Injury,Turning Movement,Driver,25 to 29,Minimal,0,East,"Automobile, Station Wagon",Turning Left,Improper Turn,Normal, , , , , , , , ,Yes, , , , , ,Yes,Yes, ,Yes, ,33,,,45,,370
-79.439349,43.69797,80948667,8001362922,2018,2018-07-26T04:00:00.000Z,58,0,EGLINTON AVE W,MARLEE AVE, ,Major Arterial,Toronto and East York,43.69797,-79.439349,Intersection,At Intersection,Traffic Signal,Clear,Dark,Dry,Fatal,Pedestrian Collisions,Driver,35 to 39,None,0,West,Truck - Dump,Going Ahead,Failed to Yield Right of Way,Unknown, , , , , , ,Yes, , , ,Yes, , , , ,Yes, , , ,13,,,107,,371
-79.439349,43.69797,80948669,8001362922,2018,2018-07-26T04:00:00.000Z,58,0,EGLINTON AVE W,MARLEE AVE, ,Major Arterial,Toronto and East York,43.69797,-79.439349,Intersection,At Intersection,Traffic Signal,Clear,Dark,Dry,Fatal,Pedestrian Collisions,Pedestrian,55 to 59,Fatal,37,South, , , , ,Vehicle is going straight thru inter.while ped cross with ROW,Crossing with right of way,Unknown, , , ,Yes, , , ,Yes, , , , ,Yes, , , ,13,,,107,,372
-79.44159,43.686545,7516724,1329833,2012,2012-11-02T04:00:00.000Z,100,1,GLENHOLME AVE,ROGERS RD, ,Minor Arterial,Toronto and East York,43.686545,-79.44159,Intersection,At Intersection,Traffic Signal,Clear,Daylight,Dry,Non-Fatal Injury,Pedestrian Collisions,Driver,55 to 59,None,0,South,"Automobile, Station Wagon",Turning Left,Failed to Yield Right of Way,Inattentive, , , , , , ,Yes, ,Yes, , , , , , ,Yes, , , ,13,,,107,,373
-79.44159,43.686545,7516725,1329833,2012,2012-11-02T04:00:00.000Z,100,1,GLENHOLME AVE,ROGERS RD, ,Minor Arterial,Toronto and East York,43.686545,-79.44159,Intersection,At Intersection,Traffic Signal,Clear,Daylight,Dry,Non-Fatal Injury,Pedestrian Collisions,Pedestrian,50 to 54,Major,0,North,Other, , , ,Vehicle turns left while ped crosses with ROW at inter.,Crossing with right of way,Normal, , , ,Yes, ,Yes, , , , , , ,Yes, , , ,13,,,107,,374
-79.36584,43.671626,80000126,5000756531,2015,2015-05-07T04:00:00.000Z,100,1,ROSEDALE VALLEY RD,BAYVIEW AVE, ,Minor Arterial,Toronto and East York,43.671626,-79.36584,Mid-Block,Non Intersection,No Control,Clear,"Dark, artificial",Dry,Fatal,SMV Other,Motorcycle Passenger,20 to 24,Major,0, , , , , , , , , , , , , , ,Yes, , , ,Yes,Yes,Yes, , , ,51,,,71,,375
-79.36584,43.671626,80000127,5000756531,2015,2015-05-07T04:00:00.000Z,100,1,ROSEDALE VALLEY RD,BAYVIEW AVE, ,Minor Arterial,Toronto and East York,43.671626,-79.36584,Mid-Block,Non Intersection,No Control,Clear,"Dark, artificial",Dry,Fatal,SMV Other,Motorcycle Driver,25 to 29,Fatal,20,West,Motorcycle,Going Ahead,Lost control,Unknown, , , , , , , , , ,Yes, , , ,Yes,Yes,Yes, , , ,51,,,71,,376
-79.310367,43.671492,80236768,5000663068,2015,2015-04-22T04:00:00.000Z,100,1,KINGSTON RD,COLUMBINE AVE,9 m West of,Major Arterial,Toronto and East York,43.671492,-79.310367,Intersection,Non Intersection,No Control,Rain,Dark,Wet,Non-Fatal Injury,SMV Unattended Vehicle,Driver,45 to 49,Major,0,West,"Automobile, Station Wagon",Going Ahead,Lost control,Unknown, , , , , , , , ,Yes, , , , , ,Yes,Yes, , , ,55,,,63,,377
-79.43259,43.674545,7528633,1321287,2012,2012-09-16T04:00:00.000Z,101,1,DAVENPORT Rd,MOUNT ROYAL Ave, ,Minor Arterial,Toronto and East York,43.674545,-79.43259,Intersection,At Intersection,No Control,Clear,"Dark, artificial",Dry,Non-Fatal Injury,Cyclist Collisions,Moped Driver,60 to 64,Major,0,East,Moped,Going Ahead,Following too Close,Had Been Drinking, , , , , , , ,Yes, , , , , , , ,Yes, , , ,13,,,94,,378
-79.43259,43.674545,7528634,1321287,2012,2012-09-16T04:00:00.000Z,101,1,DAVENPORT Rd,MOUNT ROYAL Ave, ,Minor Arterial,Toronto and East York,43.674545,-79.43259,Intersection,At Intersection,No Control,Clear,"Dark, artificial",Dry,Non-Fatal Injury,Cyclist Collisions,Cyclist,30 to 34,Minor,0,East,Bicycle,Turning Left, , , , , ,Cyclist and Driver travelling in same direction. One vehicle rear-ended the other.,Driving Properly,Had Been Drinking, ,Yes, , , , , , , ,Yes, , , ,13,,,94,,379
-79.53449,43.594245,5331655,1025521,2008,2008-02-18T05:00:00.000Z,103,1,LAKE SHORE BLVD W,THIRTY FIFTH ST, ,Major Arterial,Etobicoke York,43.594245,-79.53449,Mid-Block, ,No Control,Rain,Dark,Wet,Non-Fatal Injury,SMV Other,Driver,60 to 64,Major,0,East,"Automobile, Station Wagon",Other,Lost control,"Ability Impaired, Alcohol Over .08", , , , , , , , ,Yes, , , , , ,Yes,Yes, ,Yes, ,22,,,19,,380
-79.35819,43.661145,7516111,1326699,2012,2012-11-18T05:00:00.000Z,104,1,DUNDAS ST E,RIVER ST, ,Major Arterial,Toronto and East York,43.661145,-79.35819,Intersection,At Intersection,Traffic Controller,Clear,"Dark, artificial",Dry,Non-Fatal Injury,Pedestrian Collisions,Vehicle Owner,unknown, ,0, ,Other, , , , , , , , , ,Yes, ,Yes, , , , , , ,Yes, , , ,51,,,72,,381
-79.35819,43.661145,7516112,1326699,2012,2012-11-18T05:00:00.000Z,104,1,DUNDAS ST E,RIVER ST, ,Major Arterial,Toronto and East York,43.661145,-79.35819,Intersection,At Intersection,Traffic Controller,Clear,"Dark, artificial",Dry,Non-Fatal Injury,Pedestrian Collisions,Driver,unknown,None,0,North,"Automobile, Station Wagon",Turning Left,Failed to Yield Right of Way,Normal, , , , , , ,Yes, ,Yes, , , , , , ,Yes, , , ,51,,,72,,382
-79.35819,43.661145,7516113,1326699,2012,2012-11-18T05:00:00.000Z,104,1,DUNDAS ST E,RIVER ST, ,Major Arterial,Toronto and East York,43.661145,-79.35819,Intersection,At Intersection,Traffic Controller,Clear,"Dark, artificial",Dry,Non-Fatal Injury,Pedestrian Collisions,Pedestrian,40 to 44,Major,0,North,Other, , , ,Vehicle turns left while ped crosses with ROW at inter.,Crossing with right of way,Normal, , , ,Yes, ,Yes, , , , , , ,Yes, , , ,51,,,72,,383
-79.370799,43.65774,80496364,5000286208,2015,2015-02-18T05:00:00.000Z,104,1,SHERBOURNE ST,DUNDAS ST E,50 m South of,Minor Arterial,Toronto and East York,43.65774,-79.370799,Mid-Block,Intersection Related,No Control,Clear,"Dark, artificial",Wet,Fatal,Pedestrian Collisions,Driver,30 to 34,None,0,South,"Automobile, Station Wagon",Going Ahead,Exceeding Speed Limit,Had Been Drinking, , , , , , ,Yes, ,Yes, , , , , ,Yes,Yes, , , ,51,,,73,,384
-79.370799,43.65774,80496365,5000286208,2015,2015-02-18T05:00:00.000Z,104,1,SHERBOURNE ST,DUNDAS ST E,50 m South of,Minor Arterial,Toronto and East York,43.65774,-79.370799,Mid-Block,Intersection Related,No Control,Clear,"Dark, artificial",Wet,Fatal,Pedestrian Collisions,Pedestrian,55 to 59,Fatal,7,Unknown, , , , ,Pedestrian hit at mid-block,"Crossing, no Traffic Control",Other, , , ,Yes, ,Yes, , , , , ,Yes,Yes, , , ,51,,,73,,385
-79.25149,43.772045,6178878,1184369,2010,2010-07-12T04:00:00.000Z,105,1,ELLESMERE Road,MCCOWAN Road, ,Major Arterial,Scarborough,43.772045,-79.25149,Intersection,At Intersection,Traffic Signal,Clear,Dark,Dry,Non-Fatal Injury,SMV Other,Driver,20 to 24,Major,0,East,"Automobile, Station Wagon",Going Ahead,Exceeding Speed Limit,Had Been Drinking, , , , , , , , ,Yes, , , , , ,Yes,Yes, , , ,43,,,127,,386
-79.25149,43.772045,6178879,1184369,2010,2010-07-12T04:00:00.000Z,105,1,ELLESMERE Road,MCCOWAN Road, ,Major Arterial,Scarborough,43.772045,-79.25149,Intersection,At Intersection,Traffic Signal,Clear,Dark,Dry,Non-Fatal Injury,SMV Other,Other Property Owner,unknown, ,0, ,Other, , , , , , , , , , , ,Yes, , , , , ,Yes,Yes, , , ,43,,,127,,387
-79.25149,43.772145,6581562,1210132,2011,2011-01-02T05:00:00.000Z,105,1,MCCOWAN RD,ELLESMERE RD, ,Major Arterial,Scarborough,43.772145,-79.25149,Intersection,At Intersection,Traffic Signal,Clear,Dark,Dry,Non-Fatal Injury,Turning Movement,Driver,55 to 59,None,0,South,"Automobile, Station Wagon",Turning Left,Improper Turn,Normal, , , , , , , , ,Yes,Yes, , , , ,Yes,Yes, , , ,43,,,137,,388
-79.25149,43.772145,6581563,1210132,2011,2011-01-02T05:00:00.000Z,105,1,MCCOWAN RD,ELLESMERE RD, ,Major Arterial,Scarborough,43.772145,-79.25149,Intersection,At Intersection,Traffic Signal,Clear,Dark,Dry,Non-Fatal Injury,Turning Movement,Motorcycle Driver,20 to 24,Major,0,North,Motorcycle,Going Ahead,Exceeding Speed Limit,Normal, , , , , , , , ,Yes,Yes, , , , ,Yes,Yes, , , ,43,,,137,,389
-79.523265,43.698176,80973692,8000743389,2018,2018-04-26T04:00:00.000Z,105,1,SCARLETT RD,LAWRENCE AVE E, ,Major Arterial,Etobicoke York,43.698176,-79.523265,Intersection,At Intersection,Traffic Signal,Rain,"Dark, artificial",Wet,Non-Fatal Injury,Turning Movement,Driver,20 to 24,Major,0,North,"Automobile, Station Wagon",Going Ahead,Exceeding Speed Limit,Inattentive, , , , , , , , ,Yes, , ,Yes, ,Yes,Yes,Yes, , , ,23,,,8,,390
-79.523265,43.698176,80973693,8000743389,2018,2018-04-26T04:00:00.000Z,105,1,SCARLETT RD,LAWRENCE AVE E, ,Major Arterial,Etobicoke York,43.698176,-79.523265,Intersection,At Intersection,Traffic Signal,Rain,"Dark, artificial",Wet,Non-Fatal Injury,Turning Movement,Driver,50 to 54,None,0,South,Municipal Transit Bus (TTC),Turning Left,Driving Properly,Normal, , , , , , , , ,Yes, , ,Yes, ,Yes,Yes,Yes, , , ,23,,,8,,391
-79.523265,43.698176,80973694,8000743389,2018,2018-04-26T04:00:00.000Z,105,1,SCARLETT RD,LAWRENCE AVE E, ,Major Arterial,Etobicoke York,43.698176,-79.523265,Intersection,At Intersection,Traffic Signal,Rain,"Dark, artificial",Wet,Non-Fatal Injury,Turning Movement,Passenger,0 to 4,Minor,0, , , , , , , , , , , , , ,Yes, , ,Yes, ,Yes,Yes,Yes, , , ,23,,,8,,392
-79.523265,43.698176,80973695,8000743389,2018,2018-04-26T04:00:00.000Z,105,1,SCARLETT RD,LAWRENCE AVE E, ,Major Arterial,Etobicoke York,43.698176,-79.523265,Intersection,At Intersection,Traffic Signal,Rain,"Dark, artificial",Wet,Non-Fatal Injury,Turning Movement,Passenger,20 to 24,Minor,0, , , , , , , , , , , , , ,Yes, , ,Yes, ,Yes,Yes,Yes, , , ,23,,,8,,393
-79.523265,43.698176,80973696,8000743389,2018,2018-04-26T04:00:00.000Z,105,1,SCARLETT RD,LAWRENCE AVE E, ,Major Arterial,Etobicoke York,43.698176,-79.523265,Intersection,At Intersection,Traffic Signal,Rain,"Dark, artificial",Wet,Non-Fatal Injury,Turning Movement,Passenger,60 to 64,Minor,0, , , , , , , , , , , , , ,Yes, , ,Yes, ,Yes,Yes,Yes, , , ,23,,,8,,394
-79.422572,43.693701,80210509,4002237751,2014,2014-06-07T04:00:00.000Z,110,1,BATHURST ST,ARDMORE RD, ,Major Arterial,Toronto and East York,43.693701,-79.422572,Intersection,At Intersection,No Control,Clear,"Dark, artificial",Dry,Non-Fatal Injury,Rear End,Driver,25 to 29,None,0,North,Pick Up Truck,Slowing or Stopping,Following too Close,Normal, , , , , , , , ,Yes, , , , ,Yes, ,Yes, , , ,13,,,101,,395
-79.422572,43.693701,80210510,4002237751,2014,2014-06-07T04:00:00.000Z,110,1,BATHURST ST,ARDMORE RD, ,Major Arterial,Toronto and East York,43.693701,-79.422572,Intersection,At Intersection,No Control,Clear,"Dark, artificial",Dry,Non-Fatal Injury,Rear End,Driver,50 to 54,None,0,North,"Automobile, Station Wagon",Stopped,Driving Properly,Normal, , , , , , , , ,Yes, , , , ,Yes, ,Yes, , , ,13,,,101,,396
-79.422572,43.693701,80210511,4002237751,2014,2014-06-07T04:00:00.000Z,110,1,BATHURST ST,ARDMORE RD, ,Major Arterial,Toronto and East York,43.693701,-79.422572,Intersection,At Intersection,No Control,Clear,"Dark, artificial",Dry,Non-Fatal Injury,Rear End,Driver,35 to 39,Minimal,0,North,Delivery Van,Stopped,Driving Properly,Normal, , , , , , , , ,Yes, , , , ,Yes, ,Yes, , , ,13,,,101,,397
-79.422572,43.693701,80210512,4002237751,2014,2014-06-07T04:00:00.000Z,110,1,BATHURST ST,ARDMORE RD, ,Major Arterial,Toronto and East York,43.693701,-79.422572,Intersection,At Intersection,No Control,Clear,"Dark, artificial",Dry,Non-Fatal Injury,Rear End,Passenger,45 to 49,Major,0, , , , , , , , , , , , , ,Yes, , , , ,Yes, ,Yes, , , ,13,,,101,,398
-79.493755,43.603362,80489685,5001648951,2015,2015-09-24T04:00:00.000Z,110,1,LAKE SHORE BLVD W,ROYAL YORK RD,40 m West of,Major Arterial,Etobicoke York,43.603362,-79.493755,Mid-Block,Non Intersection,No Control,Clear,"Dark, artificial",Dry,Non-Fatal Injury,SMV Other,Driver,30 to 34,Major,0,West,Pick Up Truck,Going Ahead,Speed too Fast For Condition,Unknown, , , , , , , , ,Yes, , , , , ,Yes,Yes, , , ,22,,,17,,399
-79.39159,43.665745,6114342,1156323,2010,2010-01-19T05:00:00.000Z,115,1,QUEENS PARK CRES E,ST JOSEPH ST, ,Major Arterial,Toronto and East York,43.665745,-79.39159,Mid-Block, ,No Control,Clear,Dark,Wet,Non-Fatal Injury,SMV Other,Driver,40 to 44,Major,0,North,"Automobile, Station Wagon",Going Ahead,Speed too Fast For Condition,Had Been Drinking, , , , , , , , ,Yes, , , , , ,Yes,Yes, , , ,52,,,76,,400
-79.39719,43.726145,5303663,1133515,2009,2009-10-04T04:00:00.000Z,348,3,LAWRENCE Aven E,MOUNT PLEASANT Road, ,Major Arterial,North York,43.726145,-79.39719,Intersection, ,Traffic Signal,Clear,Dark,Dry,Non-Fatal Injury,Rear End,Vehicle Owner,unknown, ,0, ,Other, , , , , , , , , , , ,Yes, , , , ,Yes,Yes,Yes, , , ,"32,53",,,103,,401
-79.39719,43.726145,5303664,1133515,2009,2009-10-04T04:00:00.000Z,348,3,LAWRENCE Aven E,MOUNT PLEASANT Road, ,Major Arterial,North York,43.726145,-79.39719,Intersection, ,Traffic Signal,Clear,Dark,Dry,Non-Fatal Injury,Rear End,Driver,20 to 24,None,0,East,Other,Stopped,Driving Properly,Normal, , , , , , , , ,Yes, , , , ,Yes,Yes,Yes, , , ,"32,53",,,103,,402
-79.21059,43.737845,5214089,1093203,2009,2009-03-08T05:00:00.000Z,350,3,HILL CRES,HEATHFIELD DR, ,Collector,Scarborough,43.737845,-79.21059,Intersection, ,No Control,Rain,Dark,Wet,Fatal,SMV Other,Other,unknown,None,0,North,Other,Parked, , , , , , , , , , ,Yes, , , , ,Yes,Yes,Yes, ,Yes, ,43,,,139,,403
-79.21059,43.737845,5214090,1093203,2009,2009-03-08T05:00:00.000Z,350,3,HILL CRES,HEATHFIELD DR, ,Collector,Scarborough,43.737845,-79.21059,Intersection, ,No Control,Rain,Dark,Wet,Fatal,SMV Other,Passenger,20 to 24,Fatal,6, ,Other, , , , , , , , , , , ,Yes, , , , ,Yes,Yes,Yes, ,Yes, ,43,,,139,,404
-79.21059,43.737845,5214091,1093203,2009,2009-03-08T05:00:00.000Z,350,3,HILL CRES,HEATHFIELD DR, ,Collector,Scarborough,43.737845,-79.21059,Intersection, ,No Control,Rain,Dark,Wet,Fatal,SMV Other,Driver,20 to 24,Major,0,East,"Automobile, Station Wagon",Going Ahead,Exceeding Speed Limit,"Ability Impaired, Alcohol Over .08", , , , , , , , ,Yes, , , , ,Yes,Yes,Yes, ,Yes, ,43,,,139,,405
-79.30979,43.742145,5751164,1116082,2009,2009-07-25T04:00:00.000Z,350,3,VICTORIA PARK AVE,LAWRENCE AVE E, ,Major Arterial,Scarborough,43.742145,-79.30979,Intersection, ,Traffic Signal,Rain,Dark,Wet,Non-Fatal Injury,SMV Other,Passenger,20 to 24,Major,0, ,Other, , , , , , , , , , , ,Yes, , , , ,Yes,Yes,Yes, , , ,"33,41",,,119,,406
-79.30979,43.742145,5751165,1116082,2009,2009-07-25T04:00:00.000Z,350,3,VICTORIA PARK AVE,LAWRENCE AVE E, ,Major Arterial,Scarborough,43.742145,-79.30979,Intersection, ,Traffic Signal,Rain,Dark,Wet,Non-Fatal Injury,SMV Other,Driver,unknown,Major,0,North,"Automobile, Station Wagon",Going Ahead,Exceeding Speed Limit,Had Been Drinking, , , , , , , , ,Yes, , , , ,Yes,Yes,Yes, , , ,"33,41",,,119,,407
-79.349437,43.697508,8000203,143357519,2014,2014-11-24T05:00:00.000Z,350,3,DON VALLEY PARKWAY  N,LEASIDE BDGE, ,Major Arterial,Toronto and East York,43.697508,-79.349437,Mid-Block, ,No Control,Rain,"Dark, artificial",Wet,Fatal,SMV Other,Driver,20 to 24,Fatal,43,North,"Automobile, Station Wagon",Going Ahead,Exceeding Speed Limit,"Ability Impaired, Alcohol", , , , , , , , ,Yes, , , , , ,Yes,Yes, ,Yes, ,54,,,58,,408
-79.50769,43.717045,5751159,1116081,2009,2009-07-25T04:00:00.000Z,351,3,JANE ST,GORDON MACKAY RD, ,Major Arterial,Etobicoke York,43.717045,-79.50769,Mid-Block, ,No Control,Clear,Dark,Dry,Non-Fatal Injury,Approaching,Driver,30 to 34,None,0,South, ,Going Ahead,Lost control,Fatigue, , , , , , , , ,Yes, , , , ,Yes, ,Yes, , , ,12,,,23,,409
-79.50769,43.717045,5751160,1116081,2009,2009-07-25T04:00:00.000Z,351,3,JANE ST,GORDON MACKAY RD, ,Major Arterial,Etobicoke York,43.717045,-79.50769,Mid-Block, ,No Control,Clear,Dark,Dry,Non-Fatal Injury,Approaching,Passenger,15 to 19,Major,0, ,Other, , , , , , , , , , , ,Yes, , , , ,Yes, ,Yes, , , ,12,,,23,,410
-79.50769,43.717045,5751161,1116081,2009,2009-07-25T04:00:00.000Z,351,3,JANE ST,GORDON MACKAY RD, ,Major Arterial,Etobicoke York,43.717045,-79.50769,Mid-Block, ,No Control,Clear,Dark,Dry,Non-Fatal Injury,Approaching,Passenger,15 to 19,Major,0, ,Other, , , , , , , , , , , ,Yes, , , , ,Yes, ,Yes, , , ,12,,,23,,411
-79.50769,43.717045,5751162,1116081,2009,2009-07-25T04:00:00.000Z,351,3,JANE ST,GORDON MACKAY RD, ,Major Arterial,Etobicoke York,43.717045,-79.50769,Mid-Block, ,No Control,Clear,Dark,Dry,Non-Fatal Injury,Approaching,Vehicle Owner,unknown, ,0, ,Other, , , , , , , , , , , ,Yes, , , , ,Yes, ,Yes, , , ,12,,,23,,412
-79.50769,43.717045,5751163,1116081,2009,2009-07-25T04:00:00.000Z,351,3,JANE ST,GORDON MACKAY RD, ,Major Arterial,Etobicoke York,43.717045,-79.50769,Mid-Block, ,No Control,Clear,Dark,Dry,Non-Fatal Injury,Approaching,Driver,15 to 19,Major,0,North,"Automobile, Station Wagon",Going Ahead,Driving Properly,Normal, , , , , , , , ,Yes, , , , ,Yes, ,Yes, , , ,12,,,23,,413
-79.540759,43.650695,80490006,5001705355,2015,2015-10-03T04:00:00.000Z,351,3,BURNHAMTHORPE RD,PRENNAN AVE,1 m East of,Major Arterial,Etobicoke York,43.650695,-79.540759,Intersection,Non Intersection,No Control,Clear,Dark,Dry,Fatal,SMV Other,Driver,35 to 39,Major,0,West,"Automobile, Station Wagon",Going Ahead,Speed too Fast For Condition,Had Been Drinking, , , , , , , , ,Yes, , , , ,Yes,Yes,Yes, , , ,22,,,14,,414
-79.540759,43.650695,80490007,5001705355,2015,2015-10-03T04:00:00.000Z,351,3,BURNHAMTHORPE RD,PRENNAN AVE,1 m East of,Major Arterial,Etobicoke York,43.650695,-79.540759,Intersection,Non Intersection,No Control,Clear,Dark,Dry,Fatal,SMV Other,Passenger,40 to 44,Fatal,48, , , , , , , , , , , , , ,Yes, , , , ,Yes,Yes,Yes, , , ,22,,,14,,415
-79.478046,43.708651,80228913,5000131237,2015,2015-01-23T05:00:00.000Z,352,3,KEELE ST,LAWRENCE AVE W, ,Major Arterial,Etobicoke York,43.708651,-79.478046,Intersection,At Intersection,Traffic Signal,Clear,"Dark, artificial",Dry,Non-Fatal Injury,Turning Movement,Driver,20 to 24,None,0,South,"Automobile, Station Wagon",Turning Left,Disobeyed Traffic Control,Inattentive, , , , , , , , ,Yes, , , , ,Yes, ,Yes,Yes, , ,12,,,30,,416