X,Y,Index_,ACCNUM,YEAR,DATE,TIME,Hour,STREET1,STREET2,OFFSET,ROAD_CLASS,District,LATITUDE,LONGITUDE,LOCCOORD,ACCLOC,TRAFFCTL,VISIBILITY,LIGHT,RDSFCOND,ACCLASS,IMPACTYPE,INVTYPE,INVAGE,INJURY,FATAL_NO,INITDIR,VEHTYPE,MANOEUVER,DRIVACT,DRIVCOND,PEDTYPE,PEDACT,PEDCOND,CYCLISTYPE,CYCACT,CYCCOND,PEDESTRIAN,CYCLIST,AUTOMOBILE,MOTORCYCLE,TRUCK,TRSN_CITY_,EMERG_VEH,PASSENGER,SPEEDING,AG_DRIV,REDLIGHT,ALCOHOL,DISABILITY,Division,Ward_Name,Ward_ID,Hood_ID,Hood_Name,ObjectId
-79.29839,43.754345,7496962,1328909,2012,2012-11-29T05:00:00.000Z,125,1,WARDEN AVE,TOWER DR, ,Major Arterial,Scarborough,43.754345,-79.29839,Intersection,At Intersection,Traffic Signal,Clear,Dark,Dry,Non-Fatal Injury,Rear End,Driver,20 to 24,Minor,0,South,"Automobile, Station Wagon",Stopped,Driving Properly,Normal, , , , , , , , ,Yes, , , , , ,Yes,Yes, , , ,41,,,119,,540
-79.29839,43.754345,7496963,1328909,2012,2012-11-29T05:00:00.000Z,125,1,WARDEN AVE,TOWER DR, ,Major Arterial,Scarborough,43.754345,-79.29839,Intersection,At Intersection,Traffic Signal,Clear,Dark,Dry,Non-Fatal Injury,Rear End,Vehicle Owner,unknown, ,0, ,Other, , , , , , , , , , , ,Yes, , , , , ,Yes,Yes, , , ,41,,,119,,541
-79.29839,43.754345,7496964,1328909,2012,2012-11-29T05:00:00.000Z,125,1,WARDEN AVE,TOWER DR, ,Major Arterial,Scarborough,43.754345,-79.29839,Intersection,At Intersection,Traffic Signal,Clear,Dark,Dry,Non-Fatal Injury,Rear End,Driver,30 to 34,Major,0,South,"Automobile, Station Wagon",Going Ahead,Exceeding Speed Limit,Fatigue, , , , , , , , ,Yes, , , , , ,Yes,Yes, , , ,41,,,119,,542
-79.361987,43.692008,80792372,8000000539,2018,2018-01-01T05:00:00.000Z,125,1,BAYVIEW AVE,POTTERY RD,403 m N of,Major Arterial,Toronto and East York,43.692008,-79.361987,Mid-Block,Non Intersection,No Control,Clear,"Dark, artificial",Dry,Fatal,SMV Other,Driver,35 to 39,Fatal,1,South,"Automobile, Station Wagon",Going Ahead,Speed too Fast For Condition,Unknown, , , , , , , , ,Yes, , , , , ,Yes,Yes, , , ,53,,,56,,543
-79.131595,43.780631,80972657,8001845570,2018,2018-10-06T04:00:00.000Z,125,1,LAWRENCE AVE E,EAST AVE, ,Collector,Scarborough,43.780631,-79.131595,Intersection,At Intersection,Traffic Signal,Clear,"Dark, artificial",Dry,Non-Fatal Injury,SMV Other,Driver,20 to 24,Major,0,East,"Automobile, Station Wagon",Unknown,Lost control,Unknown, , , , , , , , ,Yes, , , , ,Yes,Yes,Yes, , , ,43,,,131,,544
-79.131595,43.780631,80972658,8001845570,2018,2018-10-06T04:00:00.000Z,125,1,LAWRENCE AVE E,EAST AVE, ,Collector,Scarborough,43.780631,-79.131595,Intersection,At Intersection,Traffic Signal,Clear,"Dark, artificial",Dry,Non-Fatal Injury,SMV Other,Passenger,20 to 24,Minor,0, , , , , , , , , , , , , ,Yes, , , , ,Yes,Yes,Yes, , , ,43,,,131,,545
-79.38659,43.650845,6617310,1229063,2011,2011-03-18T04:00:00.000Z,130,1,UNIVERSITY Aven,QUEEN Stre W, ,Major Arterial,Toronto and East York,43.650845,-79.38659,Intersection,At Intersection,Traffic Signal,Clear,Dark,Dry,Non-Fatal Injury,Angle,Driver,45 to 49,Major,0,North,"Automobile, Station Wagon",Going Ahead,Disobeyed Traffic Control,Inattentive, , , , , , , , ,Yes, , , , , , ,Yes,Yes, , ,52,,,76,,546
-79.38659,43.650845,6617311,1229063,2011,2011-03-18T04:00:00.000Z,130,1,UNIVERSITY Aven,QUEEN Stre W, ,Major Arterial,Toronto and East York,43.650845,-79.38659,Intersection,At Intersection,Traffic Signal,Clear,Dark,Dry,Non-Fatal Injury,Angle,Vehicle Owner,unknown, ,0, ,Other, , , , , , , , , , , ,Yes, , , , , , ,Yes,Yes, , ,52,,,76,,547
-79.38659,43.650845,6617312,1229063,2011,2011-03-18T04:00:00.000Z,130,1,UNIVERSITY Aven,QUEEN Stre W, ,Major Arterial,Toronto and East York,43.650845,-79.38659,Intersection,At Intersection,Traffic Signal,Clear,Dark,Dry,Non-Fatal Injury,Angle,Driver,40 to 44,None,0,West,"Automobile, Station Wagon",Going Ahead,Driving Properly,Normal, , , , , , , , ,Yes, , , , , , ,Yes,Yes, , ,52,,,76,,548
-79.471133,43.72782,80198452,3001022701,2013,2013-11-23T05:00:00.000Z,130,1,WINSTON PARK BLVD,ANTHONY RD, ,Local,North York,43.72782,-79.471133,Intersection,At/Near Private Drive,Stop Sign,Clear,"Dark, artificial",Dry,Non-Fatal Injury,SMV Unattended Vehicle,Driver,25 to 29,Major,0,West,"Automobile, Station Wagon",Turning Left,Lost control,Unknown, , , , , , , , ,Yes, , , , , ,Yes,Yes, , , ,32,,,26,,549
-79.451022,43.665156,80902355,7001021387,2017,2017-06-09T04:00:00.000Z,135,1,SYMINGTON AVE,DUPONT ST,50 m South of,Collector,Toronto and East York,43.665156,-79.451022,Mid-Block,Non Intersection,No Control,Clear,"Dark, artificial",Dry,Non-Fatal Injury,SMV Unattended Vehicle,Driver,20 to 24,Major,0,South,"Automobile, Station Wagon",Going Ahead,Lost control,Unknown, , , , , , , , ,Yes, , , , , ,Yes,Yes, , , ,11,,,93,,550
-79.216319,43.795016,80942458,8000000595,2018,2018-01-01T05:00:00.000Z,137,1,NEILSON RD,401 C W NEILSON RAMP RD, ,Expressway,Scarborough,43.795016,-79.216319,Intersection,At Intersection,Traffic Signal,Clear,"Dark, artificial",Dry,Non-Fatal Injury,Angle,Passenger,20 to 24,Major,0, , , , , , , , , , , , , ,Yes, , , , ,Yes,Yes,Yes,Yes, , ,42,,,132,,551
-79.216319,43.795016,80942459,8000000595,2018,2018-01-01T05:00:00.000Z,137,1,NEILSON RD,401 C W NEILSON RAMP RD, ,Expressway,Scarborough,43.795016,-79.216319,Intersection,At Intersection,Traffic Signal,Clear,"Dark, artificial",Dry,Non-Fatal Injury,Angle,Passenger,75 to 79,Minimal,0, , , , , , , , , , , , , ,Yes, , , , ,Yes,Yes,Yes,Yes, , ,42,,,132,,552
-79.216319,43.795016,80942460,8000000595,2018,2018-01-01T05:00:00.000Z,137,1,NEILSON RD,401 C W NEILSON RAMP RD, ,Expressway,Scarborough,43.795016,-79.216319,Intersection,At Intersection,Traffic Signal,Clear,"Dark, artificial",Dry,Non-Fatal Injury,Angle,Passenger,75 to 79,Minimal,0, , , , , , , , , , , , , ,Yes, , , , ,Yes,Yes,Yes,Yes, , ,42,,,132,,553
-79.216319,43.795016,80942461,8000000595,2018,2018-01-01T05:00:00.000Z,137,1,NEILSON RD,401 C W NEILSON RAMP RD, ,Expressway,Scarborough,43.795016,-79.216319,Intersection,At Intersection,Traffic Signal,Clear,"Dark, artificial",Dry,Non-Fatal Injury,Angle,Passenger,75 to 79,Minimal,0, , , , , , , , , , , , , ,Yes, , , , ,Yes,Yes,Yes,Yes, , ,42,,,132,,554
-79.216319,43.795016,80942462,8000000595,2018,2018-01-01T05:00:00.000Z,137,1,NEILSON RD,401 C W NEILSON RAMP RD, ,Expressway,Scarborough,43.795016,-79.216319,Intersection,At Intersection,Traffic Signal,Clear,"Dark, artificial",Dry,Non-Fatal Injury,Angle,Passenger,30 to 34,Major,0, , , , , , , , , , , , , ,Yes, , , , ,Yes,Yes,Yes,Yes, , ,42,,,132,,555
-79.216319,43.795016,80942463,8000000595,2018,2018-01-01T05:00:00.000Z,137,1,NEILSON RD,401 C W NEILSON RAMP RD, ,Expressway,Scarborough,43.795016,-79.216319,Intersection,At Intersection,Traffic Signal,Clear,"Dark, artificial",Dry,Non-Fatal Injury,Angle,Driver,75 to 79,Minimal,0,North,"Automobile, Station Wagon",Going Ahead,Driving Properly,Normal, , , , , , , , ,Yes, , , , ,Yes,Yes,Yes,Yes, , ,42,,,132,,556
-79.216319,43.795016,80942464,8000000595,2018,2018-01-01T05:00:00.000Z,137,1,NEILSON RD,401 C W NEILSON RAMP RD, ,Expressway,Scarborough,43.795016,-79.216319,Intersection,At Intersection,Traffic Signal,Clear,"Dark, artificial",Dry,Non-Fatal Injury,Angle,Driver,20 to 24,Major,0,West,"Automobile, Station Wagon",Going Ahead,Disobeyed Traffic Control,Had Been Drinking, , , , , , , , ,Yes, , , , ,Yes,Yes,Yes,Yes, , ,42,,,132,,557
-79.425502,43.634085,7515524,1321409,2012,2012-09-16T04:00:00.000Z,138,1,DUFFERIN St,SPRINGHURST Ave, ,Expressway,Toronto and East York,43.634085,-79.425502,Mid-Block, ,Traffic Signal,Clear,"Dark, artificial",Dry,Non-Fatal Injury,SMV Other,Vehicle Owner,unknown, ,0, ,Other, , , , , , , , , , , ,Yes, , , , ,Yes,Yes,Yes, ,Yes, ,14,,,82,,558
-79.425502,43.634085,7515525,1321409,2012,2012-09-16T04:00:00.000Z,138,1,DUFFERIN St,SPRINGHURST Ave, ,Expressway,Toronto and East York,43.634085,-79.425502,Mid-Block, ,Traffic Signal,Clear,"Dark, artificial",Dry,Non-Fatal Injury,SMV Other,Driver,35 to 39,Minimal,0,North,"Automobile, Station Wagon",Going Ahead,Lost control,"Ability Impaired, Alcohol", , , , , , , , ,Yes, , , , ,Yes,Yes,Yes, ,Yes, ,14,,,82,,559
-79.425502,43.634085,7515526,1321409,2012,2012-09-16T04:00:00.000Z,138,1,DUFFERIN St,SPRINGHURST Ave, ,Expressway,Toronto and East York,43.634085,-79.425502,Mid-Block, ,Traffic Signal,Clear,"Dark, artificial",Dry,Non-Fatal Injury,SMV Other,Passenger,40 to 44,Major,0, ,Other, , , , , , , , , , , ,Yes, , , , ,Yes,Yes,Yes, ,Yes, ,14,,,82,,560
-79.425502,43.634085,7515527,1321409,2012,2012-09-16T04:00:00.000Z,138,1,DUFFERIN St,SPRINGHURST Ave, ,Expressway,Toronto and East York,43.634085,-79.425502,Mid-Block, ,Traffic Signal,Clear,"Dark, artificial",Dry,Non-Fatal Injury,SMV Other,Other Property Owner,unknown, ,0, ,Other, , , , , , , , , , , ,Yes, , , , ,Yes,Yes,Yes, ,Yes, ,14,,,82,,561
-79.442966,43.773787,80934479,7001372110,2017,2017-07-31T04:00:00.000Z,139,1,BATHURST ST,FINCH AVE W, ,Major Arterial,North York,43.773787,-79.442966,Intersection,At Intersection,Traffic Signal,Clear,"Daylight, artificial",Dry,Non-Fatal Injury,Angle,Passenger,70 to 74,Major,0, , , , , , , , , , , , , ,Yes, , , , ,Yes, ,Yes,Yes, , ,32,,,37,,562
-79.442966,43.773787,80934480,7001372110,2017,2017-07-31T04:00:00.000Z,139,1,BATHURST ST,FINCH AVE W, ,Major Arterial,North York,43.773787,-79.442966,Intersection,At Intersection,Traffic Signal,Clear,"Daylight, artificial",Dry,Non-Fatal Injury,Angle,Passenger,25 to 29,None,0, , , , , , , , , , , , , ,Yes, , , , ,Yes, ,Yes,Yes, , ,32,,,37,,563
-79.442966,43.773787,80934481,7001372110,2017,2017-07-31T04:00:00.000Z,139,1,BATHURST ST,FINCH AVE W, ,Major Arterial,North York,43.773787,-79.442966,Intersection,At Intersection,Traffic Signal,Clear,"Daylight, artificial",Dry,Non-Fatal Injury,Angle,Driver,75 to 79,Major,0,South,"Automobile, Station Wagon",Going Ahead,Driving Properly,Normal, , , , , , , , ,Yes, , , , ,Yes, ,Yes,Yes, , ,32,,,37,,564
-79.442966,43.773787,80934482,7001372110,2017,2017-07-31T04:00:00.000Z,139,1,BATHURST ST,FINCH AVE W, ,Major Arterial,North York,43.773787,-79.442966,Intersection,At Intersection,Traffic Signal,Clear,"Daylight, artificial",Dry,Non-Fatal Injury,Angle,Driver,30 to 34,None,0,West,"Automobile, Station Wagon",Going Ahead,Disobeyed Traffic Control,Normal, , , , , , , , ,Yes, , , , ,Yes, ,Yes,Yes, , ,32,,,37,,565
-79.57079,43.691545,6915025,1178852,2010,2010-06-01T04:00:00.000Z,143,1,DIXON RD,MARTIN GROVE RD, ,Major Arterial,Etobicoke York,43.691545,-79.57079,Intersection,At Intersection,Traffic Signal,Rain,Dark,Wet,Non-Fatal Injury,Angle,Vehicle Owner,unknown, ,0, ,Other, , , , , , , , , , , ,Yes, , , , , , ,Yes,Yes, , ,23,,,1,,566
-79.57079,43.691545,6915026,1178852,2010,2010-06-01T04:00:00.000Z,143,1,DIXON RD,MARTIN GROVE RD, ,Major Arterial,Etobicoke York,43.691545,-79.57079,Intersection,At Intersection,Traffic Signal,Rain,Dark,Wet,Non-Fatal Injury,Angle,Driver,20 to 24,Minimal,0,South,"Automobile, Station Wagon",Going Ahead,Driving Properly,Normal, , , , , , , , ,Yes, , , , , , ,Yes,Yes, , ,23,,,1,,567
-79.57079,43.691545,6915027,1178852,2010,2010-06-01T04:00:00.000Z,143,1,DIXON RD,MARTIN GROVE RD, ,Major Arterial,Etobicoke York,43.691545,-79.57079,Intersection,At Intersection,Traffic Signal,Rain,Dark,Wet,Non-Fatal Injury,Angle,Driver,60 to 64,Major,0,East,"Automobile, Station Wagon",Going Ahead,Disobeyed Traffic Control,Unknown, , , , , , , , ,Yes, , , , , , ,Yes,Yes, , ,23,,,1,,568
-79.55149,43.638145,6107080,1152926,2010,2010-02-13T05:00:00.000Z,144,1,BLOOR ST W,LAUREL AVE, ,Major Arterial,Etobicoke York,43.638145,-79.55149,Intersection, ,Stop Sign,Clear,Dark,Dry,Non-Fatal Injury,Angle,Vehicle Owner,unknown, ,0, ,Other, , , , , , , , , , , ,Yes,Yes, , , , , ,Yes, , , ,22,,,14,,569
-79.55149,43.638145,6107081,1152926,2010,2010-02-13T05:00:00.000Z,144,1,BLOOR ST W,LAUREL AVE, ,Major Arterial,Etobicoke York,43.638145,-79.55149,Intersection, ,Stop Sign,Clear,Dark,Dry,Non-Fatal Injury,Angle,Driver,40 to 44,None,0,West,Taxi,Going Ahead,Driving Properly,Normal, , , , , , , , ,Yes,Yes, , , , , ,Yes, , , ,22,,,14,,570
-79.55149,43.638145,6107082,1152926,2010,2010-02-13T05:00:00.000Z,144,1,BLOOR ST W,LAUREL AVE, ,Major Arterial,Etobicoke York,43.638145,-79.55149,Intersection, ,Stop Sign,Clear,Dark,Dry,Non-Fatal Injury,Angle,Motorcycle Driver,15 to 19,Major,0,South,Motorcycle,Going Ahead,Disobeyed Traffic Control,Had Been Drinking, , , , , , , , ,Yes,Yes, , , , , ,Yes, , , ,22,,,14,,571
-79.380786,43.795336,80741713,7000649054,2017,2017-04-13T04:00:00.000Z,144,1,CUMMER AVE,SNOWCREST AVE,150 m East,Collector,North York,43.795336,-79.380786,Mid-Block,Non Intersection,No Control,Clear,"Dark, artificial",Dry,Fatal,SMV Other,Passenger,25 to 29,Major,0, , , , , , , , , , , , , ,Yes, , , , ,Yes,Yes,Yes, , , ,33,,,49,,572
-79.380786,43.795336,80741716,7000649054,2017,2017-04-13T04:00:00.000Z,144,1,CUMMER AVE,SNOWCREST AVE,150 m East,Collector,North York,43.795336,-79.380786,Mid-Block,Non Intersection,No Control,Clear,"Dark, artificial",Dry,Fatal,SMV Other,Driver,25 to 29,Fatal,17,East,"Automobile, Station Wagon",Going Ahead,Lost control,Unknown, , , , , , , , ,Yes, , , , ,Yes,Yes,Yes, , , ,33,,,49,,573
-79.25809,43.734545,5417990,1063951,2008,2008-10-13T04:00:00.000Z,145,1,EGLINTON Ave E,MIDLAND Ave, ,Major Arterial,Scarborough,43.734545,-79.25809,Intersection,At Intersection,Traffic Signal,Clear,Dark,Dry,Non-Fatal Injury,Angle,Vehicle Owner,unknown, ,0, ,Other, , , , , , , , , , , ,Yes, , , , , ,Yes,Yes,Yes, , ,41,,,138,,574
-79.25809,43.734545,5417991,1063951,2008,2008-10-13T04:00:00.000Z,145,1,EGLINTON Ave E,MIDLAND Ave, ,Major Arterial,Scarborough,43.734545,-79.25809,Intersection,At Intersection,Traffic Signal,Clear,Dark,Dry,Non-Fatal Injury,Angle,Driver,30 to 34,None,0,West,"Automobile, Station Wagon",Going Ahead,Driving Properly,Normal, , , , , , , , ,Yes, , , , , ,Yes,Yes,Yes, , ,41,,,138,,575
-79.25809,43.734545,5417992,1063951,2008,2008-10-13T04:00:00.000Z,145,1,EGLINTON Ave E,MIDLAND Ave, ,Major Arterial,Scarborough,43.734545,-79.25809,Intersection,At Intersection,Traffic Signal,Clear,Dark,Dry,Non-Fatal Injury,Angle,Vehicle Owner,unknown, ,0, ,Other, , , , , , , , , , , ,Yes, , , , , ,Yes,Yes,Yes, , ,41,,,138,,576
-79.25809,43.734545,5417993,1063951,2008,2008-10-13T04:00:00.000Z,145,1,EGLINTON Ave E,MIDLAND Ave, ,Major Arterial,Scarborough,43.734545,-79.25809,Intersection,At Intersection,Traffic Signal,Clear,Dark,Dry,Non-Fatal Injury,Angle,Driver,35 to 39,Major,0,South,"Automobile, Station Wagon",Going Ahead,Disobeyed Traffic Control,Unknown, , , , , , , , ,Yes, , , , , ,Yes,Yes,Yes, , ,41,,,138,,577
-79.40899,43.656245,5444718,1075854,2008,2008-11-23T05:00:00.000Z,145,1,COLLEGE ST,MARKHAM ST, ,Major Arterial,Toronto and East York,43.656245,-79.40899,Intersection,At Intersection,Stop Sign,Clear,Dark,Dry,Non-Fatal Injury,Pedestrian Collisions,Driver,45 to 49,None,0,East,"Automobile, Station Wagon",Turning Right,Failed to Yield Right of Way,Inattentive, , , , , , ,Yes, ,Yes, , , , , , ,Yes, , , ,14,,,80,,578
-79.40899,43.656245,5444719,1075854,2008,2008-11-23T05:00:00.000Z,145,1,COLLEGE ST,MARKHAM ST, ,Major Arterial,Toronto and East York,43.656245,-79.40899,Intersection,At Intersection,Stop Sign,Clear,Dark,Dry,Non-Fatal Injury,Pedestrian Collisions,Pedestrian,30 to 34,Major,0,East,Other, , , ,Vehicle turns right while ped crosses with ROW at inter.,Crossing with right of way,Normal, , , ,Yes, ,Yes, , , , , , ,Yes, , , ,14,,,80,,579
-79.40859,43.754145,6660096,1247270,2011,2011-06-21T04:00:00.000Z,145,1,YONGE Stre,HIGHWAY 401 C  E, ,Expressway,North York,43.754145,-79.40859,Mid-Block, ,No Control,Clear,Dark,Dry,Non-Fatal Injury,SMV Other,Driver,25 to 29,Major,0,South,"Automobile, Station Wagon",Going Ahead,Lost control,Fatigue, , , , , , , , ,Yes, , , , , ,Yes,Yes, , , ,32,,,38,,580
-79.40859,43.754145,6660097,1247270,2011,2011-06-21T04:00:00.000Z,145,1,YONGE Stre,HIGHWAY 401 C  E, ,Expressway,North York,43.754145,-79.40859,Mid-Block, ,No Control,Clear,Dark,Dry,Non-Fatal Injury,SMV Other,Other Property Owner,unknown, ,0, ,Other, , , , , , , , , , , ,Yes, , , , , ,Yes,Yes, , , ,32,,,38,,581
-79.537532,43.593527,80253414,5001792532,2015,2015-10-18T04:00:00.000Z,145,1,LAKE SHORE BLVD W,THIRTY SEVENTH ST,51 m East of,Major Arterial,Etobicoke York,43.593527,-79.537532,Mid-Block,Non Intersection,No Control,Clear,"Dark, artificial",Dry,Non-Fatal Injury,SMV Other,Driver,20 to 24,Major,0,West,"Automobile, Station Wagon",Going Ahead,Speed too Fast For Condition,Had Been Drinking, , , , , , , , ,Yes, , , , , ,Yes,Yes, , , ,22,,,19,,582
-79.234683,43.78385,80790482,7003025582,2017,2017-11-19T05:00:00.000Z,145,1,MARKHAM RD,HIGHWAY 401 C E, ,Expressway,Scarborough,43.78385,-79.234683,Intersection,At Intersection,Traffic Signal,Rain,"Dark, artificial",Wet,Non-Fatal Injury,Turning Movement,Driver,30 to 34,Minor,0,South,"Automobile, Station Wagon",Going Ahead,Disobeyed Traffic Control,Normal, , , , , , , , ,Yes, , , , , , ,Yes,Yes, , ,43,,,137,,583
-79.234683,43.78385,80790483,7003025582,2017,2017-11-19T05:00:00.000Z,145,1,MARKHAM RD,HIGHWAY 401 C E, ,Expressway,Scarborough,43.78385,-79.234683,Intersection,At Intersection,Traffic Signal,Rain,"Dark, artificial",Wet,Non-Fatal Injury,Turning Movement,Driver,30 to 34,Minimal,0,East,"Automobile, Station Wagon",Turning Left,Driving Properly,Normal, , , , , , , , ,Yes, , , , , , ,Yes,Yes, , ,43,,,137,,584
-79.234683,43.78385,80790484,7003025582,2017,2017-11-19T05:00:00.000Z,145,1,MARKHAM RD,HIGHWAY 401 C E, ,Expressway,Scarborough,43.78385,-79.234683,Intersection,At Intersection,Traffic Signal,Rain,"Dark, artificial",Wet,Non-Fatal Injury,Turning Movement,Driver,35 to 39,None,0,East,"Automobile, Station Wagon",Turning Left,Driving Properly,Normal, , , , , , , , ,Yes, , , , , , ,Yes,Yes, , ,43,,,137,,585
-79.234683,43.78385,80790485,7003025582,2017,2017-11-19T05:00:00.000Z,145,1,MARKHAM RD,HIGHWAY 401 C E, ,Expressway,Scarborough,43.78385,-79.234683,Intersection,At Intersection,Traffic Signal,Rain,"Dark, artificial",Wet,Non-Fatal Injury,Turning Movement,Other,5 to 9,Minor,0, , , , , , , , , , , , , ,Yes, , , , , , ,Yes,Yes, , ,43,,,137,,586
-79.234683,43.78385,80790486,7003025582,2017,2017-11-19T05:00:00.000Z,145,1,MARKHAM RD,HIGHWAY 401 C E, ,Expressway,Scarborough,43.78385,-79.234683,Intersection,At Intersection,Traffic Signal,Rain,"Dark, artificial",Wet,Non-Fatal Injury,Turning Movement,Other,0 to 4,Major,0, , , , , , , , , , , , , ,Yes, , , , , , ,Yes,Yes, , ,43,,,137,,587
-79.54079,43.650745,6097398,1147555,2010,2010-01-14T05:00:00.000Z,148,1,BURNHAMTHORPE RD,PRENNAN AVE, ,Major Arterial,Etobicoke York,43.650745,-79.54079,Intersection,At Intersection,No Control,Clear,Dark,Wet,Non-Fatal Injury,SMV Other,Driver,20 to 24,Major,0,West,"Automobile, Station Wagon",Going Ahead,Lost control,Had Been Drinking, , , , , , , , ,Yes, , , , , ,Yes,Yes, , , ,22,,,14,,588
-79.46349,43.637045,7414433,1293932,2012,2012-04-20T04:00:00.000Z,149,1,LAKE SHORE BLVD W,ELLIS AVE, ,Major Arterial,Toronto and East York,43.637045,-79.46349,Mid-Block, ,No Control,Clear,"Dark, artificial",Dry,Non-Fatal Injury,SMV Other,Passenger,20 to 24,Major,0, ,Other, , , , , , , , , , , ,Yes, , , , ,Yes,Yes,Yes, , , ,11,,,85,,589
-79.46349,43.637045,7414434,1293932,2012,2012-04-20T04:00:00.000Z,149,1,LAKE SHORE BLVD W,ELLIS AVE, ,Major Arterial,Toronto and East York,43.637045,-79.46349,Mid-Block, ,No Control,Clear,"Dark, artificial",Dry,Non-Fatal Injury,SMV Other,Vehicle Owner,unknown, ,0, ,Other, , , , , , , , , , , ,Yes, , , , ,Yes,Yes,Yes, , , ,11,,,85,,590
-79.46349,43.637045,7414435,1293932,2012,2012-04-20T04:00:00.000Z,149,1,LAKE SHORE BLVD W,ELLIS AVE, ,Major Arterial,Toronto and East York,43.637045,-79.46349,Mid-Block, ,No Control,Clear,"Dark, artificial",Dry,Non-Fatal Injury,SMV Other,Driver,20 to 24,Minimal,0,East,"Automobile, Station Wagon",Going Ahead,Lost control,Normal, , , , , , , , ,Yes, , , , ,Yes,Yes,Yes, , , ,11,,,85,,591
-79.510593,43.698035,80948205,8001397714,2018,2018-07-31T04:00:00.000Z,150,1,WESTON RD,WRIGHT AVE,50 m South of,Minor Arterial,Etobicoke York,43.698035,-79.510593,Mid-Block,At/Near Private Drive,No Control,Clear,"Dark, artificial",Dry,Non-Fatal Injury,SMV Unattended Vehicle,Motorcycle Driver,25 to 29,Major,0,North,Motorcycle,Going Ahead,Exceeding Speed Limit,Inattentive, , , , , , , , ,Yes,Yes, , , , ,Yes,Yes, , , ,12,,,113,,592
-79.510593,43.698035,80948206,8001397714,2018,2018-07-31T04:00:00.000Z,150,1,WESTON RD,WRIGHT AVE,50 m South of,Minor Arterial,Etobicoke York,43.698035,-79.510593,Mid-Block,At/Near Private Drive,No Control,Clear,"Dark, artificial",Dry,Non-Fatal Injury,SMV Unattended Vehicle,Driver,unknown,None,0,North,"Automobile, Station Wagon",Parked,Driving Properly,Unknown, , , , , , , , ,Yes,Yes, , , , ,Yes,Yes, , , ,12,,,113,,593
-79.516185,43.700148,7484785,1323691,2012,2012-09-21T04:00:00.000Z,152,1,WESTON Rd,LAWRENCE Ave W, ,Major Arterial,Etobicoke York,43.700148,-79.516185,Intersection,At Intersection,Traffic Signal,Rain,"Dark, artificial",Wet,Non-Fatal Injury,Angle,Driver,30 to 34,Minor,0,South,"Automobile, Station Wagon",Going Ahead,Disobeyed Traffic Control,"Ability Impaired, Alcohol Over .08", , , , , , , , ,Yes, , , , , ,Yes,Yes,Yes,Yes, ,12,,,113,,594
-79.516185,43.700148,7484786,1323691,2012,2012-09-21T04:00:00.000Z,152,1,WESTON Rd,LAWRENCE Ave W, ,Major Arterial,Etobicoke York,43.700148,-79.516185,Intersection,At Intersection,Traffic Signal,Rain,"Dark, artificial",Wet,Non-Fatal Injury,Angle,Other Property Owner,unknown, ,0, ,Other, , , , , , , , , , , ,Yes, , , , , ,Yes,Yes,Yes,Yes, ,12,,,113,,595
-79.516185,43.700148,7484787,1323691,2012,2012-09-21T04:00:00.000Z,152,1,WESTON Rd,LAWRENCE Ave W, ,Major Arterial,Etobicoke York,43.700148,-79.516185,Intersection,At Intersection,Traffic Signal,Rain,"Dark, artificial",Wet,Non-Fatal Injury,Angle,Vehicle Owner,unknown, ,0, ,Other, , , , , , , , , , , ,Yes, , , , , ,Yes,Yes,Yes,Yes, ,12,,,113,,596
-79.516185,43.700148,7484788,1323691,2012,2012-09-21T04:00:00.000Z,152,1,WESTON Rd,LAWRENCE Ave W, ,Major Arterial,Etobicoke York,43.700148,-79.516185,Intersection,At Intersection,Traffic Signal,Rain,"Dark, artificial",Wet,Non-Fatal Injury,Angle,Driver,40 to 44,Major,0,East,"Automobile, Station Wagon",Going Ahead,Driving Properly,Normal, , , , , , , , ,Yes, , , , , ,Yes,Yes,Yes,Yes, ,12,,,113,,597
-79.47869,43.682845,6253694,1172906,2010,2010-06-11T04:00:00.000Z,155,1,WESTON RD,PORTER AVE, ,Major Arterial,Etobicoke York,43.682845,-79.47869,Intersection,At Intersection,No Control,Clear,Dark,Dry,Non-Fatal Injury,Pedestrian Collisions,Driver,55 to 59,None,0,North,"Automobile, Station Wagon",Going Ahead,Disobeyed Traffic Control,Normal, , , , , , ,Yes, ,Yes, , , , , , ,Yes, , , ,12,,,111,,598
-79.47869,43.682845,6253695,1172906,2010,2010-06-11T04:00:00.000Z,155,1,WESTON RD,PORTER AVE, ,Major Arterial,Etobicoke York,43.682845,-79.47869,Intersection,At Intersection,No Control,Clear,Dark,Dry,Non-Fatal Injury,Pedestrian Collisions,Pedestrian,20 to 24,Major,0,South,Other, , , ,Vehicle is going straight thru inter.while ped cross without ROW,"Crossing, no Traffic Control",Had Been Drinking, , , ,Yes, ,Yes, , , , , , ,Yes, , , ,12,,,111,,599
-79.584605,43.748488,80885193,7000487672,2017,2017-03-19T04:00:00.000Z,155,1,2677 KIPLING  AVE, ,6 m East of,Major Arterial,Etobicoke York,43.748488,-79.584605,Mid-Block,At/Near Private Drive,No Control,Snow,"Dark, artificial",Wet,Non-Fatal Injury,SMV Other,Driver,30 to 34,Major,0,South,"Automobile, Station Wagon",Going Ahead,Speed too Fast For Condition,"Ability Impaired, Alcohol", , , , , , , , ,Yes, , , , , ,Yes,Yes, ,Yes, ,23,,,2,,600
-79.213687,43.817847,80566283,6001348693,2016,2016-08-01T04:00:00.000Z,156,1,MORNINGSIDE AVE,HALFWAY AVE,15 m East of,Minor Arterial,Scarborough,43.817847,-79.213687,Intersection,At Intersection,No Control,Clear,"Dark, artificial",Dry,Non-Fatal Injury,Rear End,Driver,20 to 24,None,0,West,"Automobile, Station Wagon",Going Ahead,Following too Close,Normal, , , , , , , , ,Yes, , ,Yes, ,Yes, ,Yes, , , ,42,,,132,,601