X,Y,Index_,ACCNUM,YEAR,DATE,TIME,Hour,STREET1,STREET2,OFFSET,ROAD_CLASS,District,LATITUDE,LONGITUDE,LOCCOORD,ACCLOC,TRAFFCTL,VISIBILITY,LIGHT,RDSFCOND,ACCLASS,IMPACTYPE,INVTYPE,INVAGE,INJURY,FATAL_NO,INITDIR,VEHTYPE,MANOEUVER,DRIVACT,DRIVCOND,PEDTYPE,PEDACT,PEDCOND,CYCLISTYPE,CYCACT,CYCCOND,PEDESTRIAN,CYCLIST,AUTOMOBILE,MOTORCYCLE,TRUCK,TRSN_CITY_,EMERG_VEH,PASSENGER,SPEEDING,AG_DRIV,REDLIGHT,ALCOHOL,DISABILITY,Division,Ward_Name,Ward_ID,Hood_ID,Hood_Name,ObjectId
-79.45249,43.656345,6153559,1173449,2010,2010-06-06T04:00:00.000Z,325,3,DUNDAS ST W,BLOOR ST W, ,Major Arterial,Toronto and East York,43.656345,-79.45249,Intersection,At Intersection,Traffic Signal,Rain,Dark,Wet,Non-Fatal Injury,Pedestrian Collisions,Pedestrian,25 to 29,Major,0,South,Other, , , ,Vehicle turns left while ped crosses with ROW at inter.,Crossing with right of way,Normal, , , ,Yes, ,Yes, , , , , , ,Yes, , , ,11,,,88,,726
-79.314189,43.807944,7515508,1321216,2012,2012-10-21T04:00:00.000Z,325,3,MCNICOLL AVE,BIRCHMOUNT RD, ,Minor Arterial,Scarborough,43.807944,-79.314189,Mid-Block,At Intersection,No Control,Clear,"Dark, artificial",Dry,Fatal,SMV Other,Passenger,20 to 24,Fatal,36, ,Other, , , , , , , , , , , ,Yes, , , , ,Yes,Yes,Yes, ,Yes, ,42,,,116,,727
-79.314189,43.807944,7515509,1321216,2012,2012-10-21T04:00:00.000Z,325,3,MCNICOLL AVE,BIRCHMOUNT RD, ,Minor Arterial,Scarborough,43.807944,-79.314189,Mid-Block,At Intersection,No Control,Clear,"Dark, artificial",Dry,Fatal,SMV Other,Vehicle Owner,unknown, ,0, ,Other, , , , , , , , , , , ,Yes, , , , ,Yes,Yes,Yes, ,Yes, ,42,,,116,,728
-79.314189,43.807944,7515510,1321216,2012,2012-10-21T04:00:00.000Z,325,3,MCNICOLL AVE,BIRCHMOUNT RD, ,Minor Arterial,Scarborough,43.807944,-79.314189,Mid-Block,At Intersection,No Control,Clear,"Dark, artificial",Dry,Fatal,SMV Other,Driver,20 to 24,Minor,0,East,"Automobile, Station Wagon",Going Ahead,Exceeding Speed Limit,"Ability Impaired, Alcohol Over .08", , , , , , , , ,Yes, , , , ,Yes,Yes,Yes, ,Yes, ,42,,,116,,729
-79.513202,43.739379,80503019,6000607400,2016,2016-04-10T04:00:00.000Z,326,3,JANE ST,SHEPPARD AVE W, ,Major Arterial,North York,43.739379,-79.513202,Intersection,Intersection Related,Traffic Signal,Clear,"Dark, artificial",Dry,Fatal,Rear End,Passenger,20 to 24,Fatal,23, , , , , , , , , , , , , ,Yes, , , , ,Yes,Yes,Yes, , , ,31,,,25,,730
-79.513202,43.739379,80503077,6000607400,2016,2016-04-10T04:00:00.000Z,326,3,JANE ST,SHEPPARD AVE W, ,Major Arterial,North York,43.739379,-79.513202,Intersection,Intersection Related,Traffic Signal,Clear,"Dark, artificial",Dry,Fatal,Rear End,Passenger,20 to 24,Fatal,24, , , , , , , , , , , , , ,Yes, , , , ,Yes,Yes,Yes, , , ,31,,,25,,731
-79.513202,43.739379,80503078,6000607400,2016,2016-04-10T04:00:00.000Z,326,3,JANE ST,SHEPPARD AVE W, ,Major Arterial,North York,43.739379,-79.513202,Intersection,Intersection Related,Traffic Signal,Clear,"Dark, artificial",Dry,Fatal,Rear End,Passenger,15 to 19,Fatal,22, , , , , , , , , , , , , ,Yes, , , , ,Yes,Yes,Yes, , , ,31,,,25,,732
-79.513202,43.739379,80503079,6000607400,2016,2016-04-10T04:00:00.000Z,326,3,JANE ST,SHEPPARD AVE W, ,Major Arterial,North York,43.739379,-79.513202,Intersection,Intersection Related,Traffic Signal,Clear,"Dark, artificial",Dry,Fatal,Rear End,Passenger,20 to 24,Major,0, , , , , , , , , , , , , ,Yes, , , , ,Yes,Yes,Yes, , , ,31,,,25,,733
-79.513202,43.739379,80503080,6000607400,2016,2016-04-10T04:00:00.000Z,326,3,JANE ST,SHEPPARD AVE W, ,Major Arterial,North York,43.739379,-79.513202,Intersection,Intersection Related,Traffic Signal,Clear,"Dark, artificial",Dry,Fatal,Rear End,Driver,20 to 24,Major,0,South,"Automobile, Station Wagon",Changing Lanes,Speed too Fast For Condition,Had Been Drinking, , , , , , , , ,Yes, , , , ,Yes,Yes,Yes, , , ,31,,,25,,734
-79.513202,43.739379,80503081,6000607400,2016,2016-04-10T04:00:00.000Z,326,3,JANE ST,SHEPPARD AVE W, ,Major Arterial,North York,43.739379,-79.513202,Intersection,Intersection Related,Traffic Signal,Clear,"Dark, artificial",Dry,Fatal,Rear End,Driver,45 to 49,Minor,0,South,"Automobile, Station Wagon",Stopped,Driving Properly,Normal, , , , , , , , ,Yes, , , , ,Yes,Yes,Yes, , , ,31,,,25,,735
-79.247775,43.823924,80935083,7003072414,2017,2017-11-26T05:00:00.000Z,327,3,MARKHAM  RD,MCNICOLL AVE, ,Major Arterial,Scarborough,43.823924,-79.247775,Intersection,At Intersection,Traffic Signal,Clear,"Dark, artificial",Dry,Non-Fatal Injury,Turning Movement,Passenger,55 to 59,Major,0, , , , , , , , , , , , , ,Yes, , , , ,Yes,Yes,Yes, , , ,42,,,131,,736
-79.247775,43.823924,80935084,7003072414,2017,2017-11-26T05:00:00.000Z,327,3,MARKHAM  RD,MCNICOLL AVE, ,Major Arterial,Scarborough,43.823924,-79.247775,Intersection,At Intersection,Traffic Signal,Clear,"Dark, artificial",Dry,Non-Fatal Injury,Turning Movement,Passenger,85 to 89,Minor,0, , , , , , , , , , , , , ,Yes, , , , ,Yes,Yes,Yes, , , ,42,,,131,,737
-79.247775,43.823924,80935085,7003072414,2017,2017-11-26T05:00:00.000Z,327,3,MARKHAM  RD,MCNICOLL AVE, ,Major Arterial,Scarborough,43.823924,-79.247775,Intersection,At Intersection,Traffic Signal,Clear,"Dark, artificial",Dry,Non-Fatal Injury,Turning Movement,Driver,60 to 64,Minor,0,North,"Automobile, Station Wagon",Going Ahead,Driving Properly,Normal, , , , , , , , ,Yes, , , , ,Yes,Yes,Yes, , , ,42,,,131,,738
-79.247775,43.823924,80935086,7003072414,2017,2017-11-26T05:00:00.000Z,327,3,MARKHAM  RD,MCNICOLL AVE, ,Major Arterial,Scarborough,43.823924,-79.247775,Intersection,At Intersection,Traffic Signal,Clear,"Dark, artificial",Dry,Non-Fatal Injury,Turning Movement,Driver,unknown,None,0,South,"Automobile, Station Wagon",Turning Left,Improper Turn,Unknown, , , , , , , , ,Yes, , , , ,Yes,Yes,Yes, , , ,42,,,131,,739
-79.42369,43.687645,5319794,1019958,2008,2008-01-11T05:00:00.000Z,328,3,VAUGHAN RD,KENWOOD AVE, ,Minor Arterial,Toronto and East York,43.687645,-79.42369,Intersection,At Intersection,Traffic Signal,Rain,Dark,Wet,Non-Fatal Injury,Angle,Passenger,15 to 19,Minor,0, ,Other, , , , , , , , , , , ,Yes, , , , ,Yes,Yes,Yes,Yes, , ,13,,,106,,740
-79.42369,43.687645,5319795,1019958,2008,2008-01-11T05:00:00.000Z,328,3,VAUGHAN RD,KENWOOD AVE, ,Minor Arterial,Toronto and East York,43.687645,-79.42369,Intersection,At Intersection,Traffic Signal,Rain,Dark,Wet,Non-Fatal Injury,Angle,Passenger,20 to 24,Major,0, ,Other, , , , , , , , , , , ,Yes, , , , ,Yes,Yes,Yes,Yes, , ,13,,,106,,741
-79.42369,43.687645,5319796,1019958,2008,2008-01-11T05:00:00.000Z,328,3,VAUGHAN RD,KENWOOD AVE, ,Minor Arterial,Toronto and East York,43.687645,-79.42369,Intersection,At Intersection,Traffic Signal,Rain,Dark,Wet,Non-Fatal Injury,Angle,Driver,20 to 24,Minor,0,West,"Automobile, Station Wagon",Going Ahead,Exceeding Speed Limit,Normal, , , , , , , , ,Yes, , , , ,Yes,Yes,Yes,Yes, , ,13,,,106,,742
-79.42369,43.687645,5319797,1019958,2008,2008-01-11T05:00:00.000Z,328,3,VAUGHAN RD,KENWOOD AVE, ,Minor Arterial,Toronto and East York,43.687645,-79.42369,Intersection,At Intersection,Traffic Signal,Rain,Dark,Wet,Non-Fatal Injury,Angle,Other Property Owner,unknown, ,0, ,Other, , , , , , , , , , , ,Yes, , , , ,Yes,Yes,Yes,Yes, , ,13,,,106,,743
-79.42369,43.687645,5319798,1019958,2008,2008-01-11T05:00:00.000Z,328,3,VAUGHAN RD,KENWOOD AVE, ,Minor Arterial,Toronto and East York,43.687645,-79.42369,Intersection,At Intersection,Traffic Signal,Rain,Dark,Wet,Non-Fatal Injury,Angle,Other Property Owner,unknown, ,0, ,Other, , , , , , , , , , , ,Yes, , , , ,Yes,Yes,Yes,Yes, , ,13,,,106,,744
-79.42369,43.687645,5319799,1019958,2008,2008-01-11T05:00:00.000Z,328,3,VAUGHAN RD,KENWOOD AVE, ,Minor Arterial,Toronto and East York,43.687645,-79.42369,Intersection,At Intersection,Traffic Signal,Rain,Dark,Wet,Non-Fatal Injury,Angle,Driver,unknown,None,0,North,"Automobile, Station Wagon",Going Ahead,Disobeyed Traffic Control,Unknown, , , , , , , , ,Yes, , , , ,Yes,Yes,Yes,Yes, , ,13,,,106,,745
-79.36319,43.652745,6253428,1146864,2010,2010-01-10T05:00:00.000Z,329,3,KING ST E,PARLIAMENT ST, ,Major Arterial,Toronto and East York,43.652745,-79.36319,Intersection,At Intersection,Traffic Signal,Clear,Dark,Dry,Fatal,Approaching,Driver,35 to 39,Fatal,1,East,"Automobile, Station Wagon",Going Ahead,Lost control,Had Been Drinking, , , , , , , , ,Yes, , , , , ,Yes,Yes, , , ,51,,,73,,746
-79.36319,43.652745,6253429,1146864,2010,2010-01-10T05:00:00.000Z,329,3,KING ST E,PARLIAMENT ST, ,Major Arterial,Toronto and East York,43.652745,-79.36319,Intersection,At Intersection,Traffic Signal,Clear,Dark,Dry,Fatal,Approaching,Vehicle Owner,unknown, ,0, ,Other, , , , , , , , , , , ,Yes, , , , , ,Yes,Yes, , , ,51,,,73,,747
-79.36319,43.652745,6253430,1146864,2010,2010-01-10T05:00:00.000Z,329,3,KING ST E,PARLIAMENT ST, ,Major Arterial,Toronto and East York,43.652745,-79.36319,Intersection,At Intersection,Traffic Signal,Clear,Dark,Dry,Fatal,Approaching,Driver,35 to 39,Minor,0,West,"Automobile, Station Wagon",Going Ahead,Driving Properly,Normal, , , , , , , , ,Yes, , , , , ,Yes,Yes, , , ,51,,,73,,748
-79.577121,43.705172,80943472,8000973371,2018,2018-05-30T04:00:00.000Z,329,3,MARTIN GROVE RD,VULCAN ST, ,Major Arterial,Etobicoke York,43.705172,-79.577121,Intersection,At Intersection,Traffic Signal, ,Dark, ,Fatal,Turning Movement,Driver,50 to 54,None,0,North,"Truck - Closed (Blazer, etc)",Turning Left,Driving Properly,Normal, , , , , , , , , ,Yes,Yes, , , ,Yes,Yes, , , ,23,,,1,,749
-79.577121,43.705172,80943990,8000973371,2018,2018-05-30T04:00:00.000Z,329,3,MARTIN GROVE RD,VULCAN ST, ,Major Arterial,Etobicoke York,43.705172,-79.577121,Intersection,At Intersection,Traffic Signal, ,Dark, ,Fatal,Turning Movement,Motorcycle Driver,20 to 24,Fatal,27,South,Motorcycle,Going Ahead,Exceeding Speed Limit,Unknown, , , , , , , , , ,Yes,Yes, , , ,Yes,Yes, , , ,23,,,1,,750
-79.40389,43.666645,6225151,1203754,2010,2010-11-14T05:00:00.000Z,330,3,SPADINA Rd,BLOOR St W, ,Major Arterial,Toronto and East York,43.666645,-79.40389,Intersection,At Intersection,Traffic Signal,Clear,Dark,Dry,Non-Fatal Injury,Pedestrian Collisions,Driver,unknown,None,0,North,"Automobile, Station Wagon",Going Ahead,Failed to Yield Right of Way,Unknown, , , , , , ,Yes, ,Yes, , , , , , ,Yes, , , ,"14,53,52",,,79,,751
-79.40389,43.666645,6225152,1203754,2010,2010-11-14T05:00:00.000Z,330,3,SPADINA Rd,BLOOR St W, ,Major Arterial,Toronto and East York,43.666645,-79.40389,Intersection,At Intersection,Traffic Signal,Clear,Dark,Dry,Non-Fatal Injury,Pedestrian Collisions,Pedestrian,20 to 24,Major,0,North,Other, , , ,Vehicle is going straight thru inter.while ped cross with ROW,Crossing with right of way,Had Been Drinking, , , ,Yes, ,Yes, , , , , , ,Yes, , , ,"14,53,52",,,79,,752
-79.491008,43.76343,80947985,8001384948,2018,2018-07-29T04:00:00.000Z,330,3,FINCH AVE W,KEELE ST, ,Major Arterial,North York,43.76343,-79.491008,Intersection,At Intersection,Traffic Signal,Clear,Daylight,Dry,Non-Fatal Injury,Pedestrian Collisions,Driver,unknown,None,0,West,"Automobile, Station Wagon",Turning Left,Failed to Yield Right of Way,Unknown, , , , , , ,Yes, ,Yes, , , , , , ,Yes, , , ,31,,,27,,753
-79.491008,43.76343,80947986,8001384948,2018,2018-07-29T04:00:00.000Z,330,3,FINCH AVE W,KEELE ST, ,Major Arterial,North York,43.76343,-79.491008,Intersection,At Intersection,Traffic Signal,Clear,Daylight,Dry,Non-Fatal Injury,Pedestrian Collisions,Pedestrian,15 to 19,Major,0,West, , , , ,Vehicle turns left while ped crosses with ROW at inter.,Crossing with right of way,Normal, , , ,Yes, ,Yes, , , , , , ,Yes, , , ,31,,,27,,754
-79.21789,43.805645,6809038,1282222,2011,2011-12-29T05:00:00.000Z,331,3,NEILSON Rd,TAPSCOTT Rd, ,Minor Arterial,Scarborough,43.805645,-79.21789,Mid-Block, ,No Control,Clear,Dark,Dry,Non-Fatal Injury,SMV Other,Passenger,20 to 24,Major,0, ,Other, , , , , , , , , , , ,Yes, , , , ,Yes,Yes,Yes, ,Yes, ,42,,,132,,755
-79.21789,43.805645,6809039,1282222,2011,2011-12-29T05:00:00.000Z,331,3,NEILSON Rd,TAPSCOTT Rd, ,Minor Arterial,Scarborough,43.805645,-79.21789,Mid-Block, ,No Control,Clear,Dark,Dry,Non-Fatal Injury,SMV Other,Driver,20 to 24,None,0,North,"Automobile, Station Wagon",Going Ahead,Exceeding Speed Limit,"Ability Impaired, Alcohol", , , , , , , , ,Yes, , , , ,Yes,Yes,Yes, ,Yes, ,42,,,132,,756
-79.21789,43.805645,6809040,1282222,2011,2011-12-29T05:00:00.000Z,331,3,NEILSON Rd,TAPSCOTT Rd, ,Minor Arterial,Scarborough,43.805645,-79.21789,Mid-Block, ,No Control,Clear,Dark,Dry,Non-Fatal Injury,SMV Other,Other Property Owner,unknown, ,0, ,Other, , , , , , , , , , , ,Yes, , , , ,Yes,Yes,Yes, ,Yes, ,42,,,132,,757
-79.499957,43.623107,80875488,8000510129,2018,2018-03-21T04:00:00.000Z,331,3,F G GARDINER XY  W,ROYAL YORK RD, ,Expressway,Etobicoke York,43.623107,-79.499957,Mid-Block,Non Intersection,No Control,Clear,"Dark, artificial",Dry,Fatal,Rear End,Passenger,25 to 29,Minimal,0, , , , , , , , , , , , , ,Yes, , , , ,Yes,Yes,Yes, , , ,22,,,17,,758
-79.499957,43.623107,80875489,8000510129,2018,2018-03-21T04:00:00.000Z,331,3,F G GARDINER XY  W,ROYAL YORK RD, ,Expressway,Etobicoke York,43.623107,-79.499957,Mid-Block,Non Intersection,No Control,Clear,"Dark, artificial",Dry,Fatal,Rear End,Passenger,25 to 29,Fatal,16, , , , , , , , , , , , , ,Yes, , , , ,Yes,Yes,Yes, , , ,22,,,17,,759
-79.499957,43.623107,80875490,8000510129,2018,2018-03-21T04:00:00.000Z,331,3,F G GARDINER XY  W,ROYAL YORK RD, ,Expressway,Etobicoke York,43.623107,-79.499957,Mid-Block,Non Intersection,No Control,Clear,"Dark, artificial",Dry,Fatal,Rear End,Driver,30 to 34,Minor,0,West,"Automobile, Station Wagon",Going Ahead,Exceeding Speed Limit,Normal, , , , , , , , ,Yes, , , , ,Yes,Yes,Yes, , , ,22,,,17,,760
-79.499957,43.623107,80875563,8000510129,2018,2018-03-21T04:00:00.000Z,331,3,F G GARDINER XY  W,ROYAL YORK RD, ,Expressway,Etobicoke York,43.623107,-79.499957,Mid-Block,Non Intersection,No Control,Clear,"Dark, artificial",Dry,Fatal,Rear End,Driver,20 to 24,Minor,0,West,"Automobile, Station Wagon",Pulling Away from Shoulder or Curb,Improper Lane Change,Inattentive, , , , , , , , ,Yes, , , , ,Yes,Yes,Yes, , , ,22,,,17,,761
-79.28379,43.773045,7411365,1292618,2012,2012-05-05T04:00:00.000Z,332,3,KENNEDY RD,WILLIAM KITCHEN RD, ,Expressway,Scarborough,43.773045,-79.28379,Intersection,At Intersection,Traffic Signal,Clear,"Dark, artificial",Dry,Non-Fatal Injury,Angle,Motorcycle Driver,35 to 39,Major,0,East,Motorcycle,Going Ahead,Disobeyed Traffic Control,Normal, , , , , , , , ,Yes,Yes, , , , , ,Yes,Yes,Yes, ,41,,,126,,762
-79.28379,43.773045,7411366,1292618,2012,2012-05-05T04:00:00.000Z,332,3,KENNEDY RD,WILLIAM KITCHEN RD, ,Expressway,Scarborough,43.773045,-79.28379,Intersection,At Intersection,Traffic Signal,Clear,"Dark, artificial",Dry,Non-Fatal Injury,Angle,Driver,55 to 59,None,0,North,"Automobile, Station Wagon",Going Ahead,Driving Properly,"Ability Impaired, Alcohol Over .08", , , , , , , , ,Yes,Yes, , , , , ,Yes,Yes,Yes, ,41,,,126,,763
-79.41559,43.722245,6599776,1221131,2011,2011-01-12T05:00:00.000Z,334,3,AVENUE RD,LAWRENCE AVE W, ,Major Arterial,North York,43.722245,-79.41559,Intersection,At Intersection,Traffic Signal,Snow,Dark,Packed Snow,Non-Fatal Injury,Angle,Passenger,35 to 39,Minimal,0, ,Other, , , , , , , , , , , ,Yes, , ,Yes, ,Yes, ,Yes,Yes, , ,"32,53",,,39,,764
-79.41559,43.722245,6599777,1221131,2011,2011-01-12T05:00:00.000Z,334,3,AVENUE RD,LAWRENCE AVE W, ,Major Arterial,North York,43.722245,-79.41559,Intersection,At Intersection,Traffic Signal,Snow,Dark,Packed Snow,Non-Fatal Injury,Angle,Vehicle Owner,unknown, ,0, ,Other, , , , , , , , , , , ,Yes, , ,Yes, ,Yes, ,Yes,Yes, , ,"32,53",,,39,,765
-79.41559,43.722245,6599778,1221131,2011,2011-01-12T05:00:00.000Z,334,3,AVENUE RD,LAWRENCE AVE W, ,Major Arterial,North York,43.722245,-79.41559,Intersection,At Intersection,Traffic Signal,Snow,Dark,Packed Snow,Non-Fatal Injury,Angle,Driver,25 to 29,Major,0,North,"Automobile, Station Wagon",Going Ahead,Driving Properly,Normal, , , , , , , , ,Yes, , ,Yes, ,Yes, ,Yes,Yes, , ,"32,53",,,39,,766
-79.41559,43.722245,6599779,1221131,2011,2011-01-12T05:00:00.000Z,334,3,AVENUE RD,LAWRENCE AVE W, ,Major Arterial,North York,43.722245,-79.41559,Intersection,At Intersection,Traffic Signal,Snow,Dark,Packed Snow,Non-Fatal Injury,Angle,Vehicle Owner,unknown, ,0, ,Other, , , , , , , , , , , ,Yes, , ,Yes, ,Yes, ,Yes,Yes, , ,"32,53",,,39,,767
-79.41559,43.722245,6599780,1221131,2011,2011-01-12T05:00:00.000Z,334,3,AVENUE RD,LAWRENCE AVE W, ,Major Arterial,North York,43.722245,-79.41559,Intersection,At Intersection,Traffic Signal,Snow,Dark,Packed Snow,Non-Fatal Injury,Angle,Driver,45 to 49,None,0,East,Municipal Transit Bus (TTC),Going Ahead,Disobeyed Traffic Control,Normal, , , , , , , , ,Yes, , ,Yes, ,Yes, ,Yes,Yes, , ,"32,53",,,39,,768
-79.634021,43.751216,80204589,4001678969,2014,2014-03-11T04:00:00.000Z,335,3,7001 STEELES AVE W, , ,Major Arterial,Etobicoke York,43.751216,-79.634021,Mid-Block,Non Intersection,No Control,Clear,Dark,Dry,Non-Fatal Injury,SMV Other,Driver,45 to 49,Major,0,East,"Automobile, Station Wagon",Going Ahead,Exceeding Speed Limit,Fatigue, , , , , , , , ,Yes, , , , , ,Yes,Yes, , , ,23,,,1,,769
-79.50559,43.709245,5188773,1078881,2009,2009-01-03T05:00:00.000Z,339,3,JANE St,CHURCH St, ,Major Arterial,Etobicoke York,43.709245,-79.50559,Intersection, ,Traffic Controller,Clear,Dark,Wet,Non-Fatal Injury,Rear End,Driver,25 to 29,Minor,0,South,"Automobile, Station Wagon",Stopped,Driving Properly,Normal, , , , , , , , ,Yes, , , , , , ,Yes, , , ,12,,,113,,770
-79.50559,43.709245,5188774,1078881,2009,2009-01-03T05:00:00.000Z,339,3,JANE St,CHURCH St, ,Major Arterial,Etobicoke York,43.709245,-79.50559,Intersection, ,Traffic Controller,Clear,Dark,Wet,Non-Fatal Injury,Rear End,Driver,20 to 24,Major,0,South,"Automobile, Station Wagon",Going Ahead,Following too Close,Normal, , , , , , , , ,Yes, , , , , , ,Yes, , , ,12,,,113,,771
-79.38559,43.648845,7420674,1296711,2012,2012-04-05T04:00:00.000Z,340,3,UNIVERSITY AVE,ADELAIDE ST W, ,Major Arterial,Toronto and East York,43.648845,-79.38559,Intersection,At Intersection,Traffic Signal,Clear,"Dark, artificial",Dry,Non-Fatal Injury,Angle,Vehicle Owner,unknown, ,0, ,Other, , , , , , , , , , , ,Yes, ,Yes, , ,Yes, ,Yes,Yes, , ,52,,,76,,772
-79.38559,43.648845,7420675,1296711,2012,2012-04-05T04:00:00.000Z,340,3,UNIVERSITY AVE,ADELAIDE ST W, ,Major Arterial,Toronto and East York,43.648845,-79.38559,Intersection,At Intersection,Traffic Signal,Clear,"Dark, artificial",Dry,Non-Fatal Injury,Angle,Vehicle Owner,unknown, ,0, ,Other, , , , , , , , , , , ,Yes, ,Yes, , ,Yes, ,Yes,Yes, , ,52,,,76,,773
-79.38559,43.648845,7420676,1296711,2012,2012-04-05T04:00:00.000Z,340,3,UNIVERSITY AVE,ADELAIDE ST W, ,Major Arterial,Toronto and East York,43.648845,-79.38559,Intersection,At Intersection,Traffic Signal,Clear,"Dark, artificial",Dry,Non-Fatal Injury,Angle,Truck Driver,50 to 54,None,0,South,Truck - Open,Going Ahead,Disobeyed Traffic Control,Inattentive, , , , , , , , ,Yes, ,Yes, , ,Yes, ,Yes,Yes, , ,52,,,76,,774
-79.38559,43.648845,7420677,1296711,2012,2012-04-05T04:00:00.000Z,340,3,UNIVERSITY AVE,ADELAIDE ST W, ,Major Arterial,Toronto and East York,43.648845,-79.38559,Intersection,At Intersection,Traffic Signal,Clear,"Dark, artificial",Dry,Non-Fatal Injury,Angle,Passenger,25 to 29,Minimal,0, ,Other, , , , , , , , , , , ,Yes, ,Yes, , ,Yes, ,Yes,Yes, , ,52,,,76,,775
-79.38559,43.648845,7420678,1296711,2012,2012-04-05T04:00:00.000Z,340,3,UNIVERSITY AVE,ADELAIDE ST W, ,Major Arterial,Toronto and East York,43.648845,-79.38559,Intersection,At Intersection,Traffic Signal,Clear,"Dark, artificial",Dry,Non-Fatal Injury,Angle,Passenger,35 to 39,Major,0, ,Other, , , , , , , , , , , ,Yes, ,Yes, , ,Yes, ,Yes,Yes, , ,52,,,76,,776
-79.38559,43.648845,7420679,1296711,2012,2012-04-05T04:00:00.000Z,340,3,UNIVERSITY AVE,ADELAIDE ST W, ,Major Arterial,Toronto and East York,43.648845,-79.38559,Intersection,At Intersection,Traffic Signal,Clear,"Dark, artificial",Dry,Non-Fatal Injury,Angle,Driver,45 to 49,Minimal,0,East,"Automobile, Station Wagon",Going Ahead,Driving Properly,Normal, , , , , , , , ,Yes, ,Yes, , ,Yes, ,Yes,Yes, , ,52,,,76,,777
-79.32706,43.69826,80502726,6000478008,2016,2016-03-20T04:00:00.000Z,340,3,O CONNOR DR,RALSTON AVE, ,Major Arterial,Toronto and East York,43.69826,-79.32706,Intersection,At Intersection,No Control,Clear,Daylight,Dry,Non-Fatal Injury,Rear End,Driver,45 to 49,None,0,East,"Automobile, Station Wagon",Going Ahead,Following too Close,Inattentive, , , , , , , , ,Yes, , , , ,Yes,Yes,Yes, , , ,54,,,58,,778
-79.32706,43.69826,80502727,6000478008,2016,2016-03-20T04:00:00.000Z,340,3,O CONNOR DR,RALSTON AVE, ,Major Arterial,Toronto and East York,43.69826,-79.32706,Intersection,At Intersection,No Control,Clear,Daylight,Dry,Non-Fatal Injury,Rear End,Driver,25 to 29,None,0,East,"Automobile, Station Wagon",Slowing or Stopping,Driving Properly,Normal, , , , , , , , ,Yes, , , , ,Yes,Yes,Yes, , , ,54,,,58,,779
-79.32706,43.69826,80502728,6000478008,2016,2016-03-20T04:00:00.000Z,340,3,O CONNOR DR,RALSTON AVE, ,Major Arterial,Toronto and East York,43.69826,-79.32706,Intersection,At Intersection,No Control,Clear,Daylight,Dry,Non-Fatal Injury,Rear End,Driver,40 to 44,None,0,West,Passenger Van,Going Ahead,Driving Properly,Normal, , , , , , , , ,Yes, , , , ,Yes,Yes,Yes, , , ,54,,,58,,780
-79.32706,43.69826,80502729,6000478008,2016,2016-03-20T04:00:00.000Z,340,3,O CONNOR DR,RALSTON AVE, ,Major Arterial,Toronto and East York,43.69826,-79.32706,Intersection,At Intersection,No Control,Clear,Daylight,Dry,Non-Fatal Injury,Rear End,Passenger,20 to 24,Major,0, , , , , , , , , , , , , ,Yes, , , , ,Yes,Yes,Yes, , , ,54,,,58,,781
-79.32706,43.69826,80502730,6000478008,2016,2016-03-20T04:00:00.000Z,340,3,O CONNOR DR,RALSTON AVE, ,Major Arterial,Toronto and East York,43.69826,-79.32706,Intersection,At Intersection,No Control,Clear,Daylight,Dry,Non-Fatal Injury,Rear End,Passenger,40 to 44,None,0, , , , , , , , , , , , , ,Yes, , , , ,Yes,Yes,Yes, , , ,54,,,58,,782
-79.25119,43.836545,5326661,1023204,2008,2008-02-03T05:00:00.000Z,343,3,STEELES AVE E,MARKHAM RD, ,Major Arterial,Scarborough,43.836545,-79.25119,Intersection,At Intersection,Traffic Signal,Clear,Dark,Dry,Non-Fatal Injury,Angle,Passenger,30 to 34,Major,0, ,Other, , , , , , , , , , , ,Yes, , , , ,Yes,Yes,Yes,Yes,Yes, ,42,,,130,,783
-79.25119,43.836545,5326662,1023204,2008,2008-02-03T05:00:00.000Z,343,3,STEELES AVE E,MARKHAM RD, ,Major Arterial,Scarborough,43.836545,-79.25119,Intersection,At Intersection,Traffic Signal,Clear,Dark,Dry,Non-Fatal Injury,Angle,Passenger,35 to 39,Minor,0, ,Other, , , , , , , , , , , ,Yes, , , , ,Yes,Yes,Yes,Yes,Yes, ,42,,,130,,784
-79.25119,43.836545,5326663,1023204,2008,2008-02-03T05:00:00.000Z,343,3,STEELES AVE E,MARKHAM RD, ,Major Arterial,Scarborough,43.836545,-79.25119,Intersection,At Intersection,Traffic Signal,Clear,Dark,Dry,Non-Fatal Injury,Angle,Driver,35 to 39,Minor,0,West,"Automobile, Station Wagon",Going Ahead,Driving Properly,Normal, , , , , , , , ,Yes, , , , ,Yes,Yes,Yes,Yes,Yes, ,42,,,130,,785
-79.25119,43.836545,5326664,1023204,2008,2008-02-03T05:00:00.000Z,343,3,STEELES AVE E,MARKHAM RD, ,Major Arterial,Scarborough,43.836545,-79.25119,Intersection,At Intersection,Traffic Signal,Clear,Dark,Dry,Non-Fatal Injury,Angle,Driver,15 to 19,None,0,South,"Automobile, Station Wagon",Going Ahead,Disobeyed Traffic Control,"Ability Impaired, Alcohol Over .08", , , , , , , , ,Yes, , , , ,Yes,Yes,Yes,Yes,Yes, ,42,,,130,,786
-79.43996,43.650939,80503244,6000478020,2016,2016-03-20T04:00:00.000Z,344,3,COLLEGE ST,LANSDOWNE AVE, ,Minor Arterial,Toronto and East York,43.650939,-79.43996,Intersection,At Intersection,Traffic Signal,Clear,"Dark, artificial",Dry,Non-Fatal Injury,Cyclist Collisions,Driver,40 to 44,None,0,West,"Automobile, Station Wagon",Turning Left,Failed to Yield Right of Way,Inattentive, , , , , , , ,Yes,Yes, , , , ,Yes, ,Yes, , , ,11,,,83,,787