X,Y,Index_,ACCNUM,YEAR,DATE,TIME,Hour,STREET1,STREET2,OFFSET,ROAD_CLASS,District,LATITUDE,LONGITUDE,LOCCOORD,ACCLOC,TRAFFCTL,VISIBILITY,LIGHT,RDSFCOND,ACCLASS,IMPACTYPE,INVTYPE,INVAGE,INJURY,FATAL_NO,INITDIR,VEHTYPE,MANOEUVER,DRIVACT,DRIVCOND,PEDTYPE,PEDACT,PEDCOND,CYCLISTYPE,CYCACT,CYCCOND,PEDESTRIAN,CYCLIST,AUTOMOBILE,MOTORCYCLE,TRUCK,TRSN_CITY_,EMERG_VEH,PASSENGER,SPEEDING,AG_DRIV,REDLIGHT,ALCOHOL,DISABILITY,Division,Ward_Name,Ward_ID,Hood_ID,Hood_Name,ObjectId
-79.29509,43.774245,6689121,1259893,2011,2011-10-19T04:00:00.000Z,1946,19,BIRCHMOUNT RD,ALLANFORD RD, ,Major Arterial,Scarborough,43.774245,-79.29509,Intersection,At Intersection,Traffic Signal,Rain,Dark,Wet,Non-Fatal Injury,Pedestrian Collisions,Driver,55 to 59,None,0,North,"Automobile, Station Wagon",Going Ahead,Failed to Yield Right of Way,Inattentive, , , , , , ,Yes, ,Yes, , , , , , ,Yes, , , ,42,,,118,,5082
-79.29509,43.774245,6689122,1259893,2011,2011-10-19T04:00:00.000Z,1946,19,BIRCHMOUNT RD,ALLANFORD RD, ,Major Arterial,Scarborough,43.774245,-79.29509,Intersection,At Intersection,Traffic Signal,Rain,Dark,Wet,Non-Fatal Injury,Pedestrian Collisions,Pedestrian,40 to 44,Major,0,Unknown,Other, , , ,Vehicle is going straight thru inter.while ped cross with ROW,Walking on Roadway with Traffic,Normal, , , ,Yes, ,Yes, , , , , , ,Yes, , , ,42,,,118,,5083
-79.29509,43.774245,6689123,1259893,2011,2011-10-19T04:00:00.000Z,1946,19,BIRCHMOUNT RD,ALLANFORD RD, ,Major Arterial,Scarborough,43.774245,-79.29509,Intersection,At Intersection,Traffic Signal,Rain,Dark,Wet,Non-Fatal Injury,Pedestrian Collisions,Pedestrian,45 to 49,Major,0,Unknown,Other, , , ,Vehicle is going straight thru inter.while ped cross with ROW,Crossing with right of way,Unknown, , , ,Yes, ,Yes, , , , , , ,Yes, , , ,42,,,118,,5084
-79.50089,43.691245,5864211,1149845,2009,2009-12-31T05:00:00.000Z,1947,19,WESTON RD,JANE ST, ,Major Arterial,Etobicoke York,43.691245,-79.50089,Intersection,At Intersection,Traffic Signal,Rain,Dark,Wet,Non-Fatal Injury,Pedestrian Collisions,Vehicle Owner,unknown, ,0, ,Other, , , , , , , , , ,Yes, ,Yes, , , , , , ,Yes, , , ,12,,,115,,5085
-79.50089,43.691245,5864212,1149845,2009,2009-12-31T05:00:00.000Z,1947,19,WESTON RD,JANE ST, ,Major Arterial,Etobicoke York,43.691245,-79.50089,Intersection,At Intersection,Traffic Signal,Rain,Dark,Wet,Non-Fatal Injury,Pedestrian Collisions,Driver,40 to 44,None,0,North,"Automobile, Station Wagon",Turning Left,Failed to Yield Right of Way,Inattentive, , , , , , ,Yes, ,Yes, , , , , , ,Yes, , , ,12,,,115,,5086
-79.50089,43.691245,5864213,1149845,2009,2009-12-31T05:00:00.000Z,1947,19,WESTON RD,JANE ST, ,Major Arterial,Etobicoke York,43.691245,-79.50089,Intersection,At Intersection,Traffic Signal,Rain,Dark,Wet,Non-Fatal Injury,Pedestrian Collisions,Pedestrian,40 to 44,Major,0,North,Other, , , ,Vehicle turns left while ped crosses with ROW at inter.,Crossing with right of way,Normal, , , ,Yes, ,Yes, , , , , , ,Yes, , , ,12,,,115,,5087
-79.295017,43.774165,7857847,1373041,2013,2013-08-30T04:00:00.000Z,1948,19,BIRCHMOUNT RD,SCARDEN AVE, ,Major Arterial,Scarborough,43.774165,-79.295017,Intersection,At Intersection,Traffic Signal,Rain,"Dusk, artificial",Wet,Non-Fatal Injury,Pedestrian Collisions,Vehicle Owner,unknown, ,0, , , , , , , , , , , ,Yes, ,Yes, , , , , , ,Yes, , , ,42,,,118,,5088
-79.295017,43.774165,7857848,1373041,2013,2013-08-30T04:00:00.000Z,1948,19,BIRCHMOUNT RD,SCARDEN AVE, ,Major Arterial,Scarborough,43.774165,-79.295017,Intersection,At Intersection,Traffic Signal,Rain,"Dusk, artificial",Wet,Non-Fatal Injury,Pedestrian Collisions,Driver,65 to 69,None,0,East,"Automobile, Station Wagon",Turning Left,Failed to Yield Right of Way,Inattentive, , , , , , ,Yes, ,Yes, , , , , , ,Yes, , , ,42,,,118,,5089
-79.295017,43.774165,7857849,1373041,2013,2013-08-30T04:00:00.000Z,1948,19,BIRCHMOUNT RD,SCARDEN AVE, ,Major Arterial,Scarborough,43.774165,-79.295017,Intersection,At Intersection,Traffic Signal,Rain,"Dusk, artificial",Wet,Non-Fatal Injury,Pedestrian Collisions,Pedestrian,70 to 74,Major,0,East,Other, , , ,Vehicle turns left while ped crosses with ROW at inter.,Crossing with right of way,Normal, , , ,Yes, ,Yes, , , , , , ,Yes, , , ,42,,,118,,5090
-79.517581,43.661376,80545849,6001289424,2016,2016-07-22T04:00:00.000Z,1948,19,ROYAL YORK RD,STRATH HUMBER CRT,12.5 M S of,Minor Arterial,Etobicoke York,43.661376,-79.517581,Intersection,At Intersection,No Control,Clear,Daylight,Dry,Fatal,Turning Movement,Motorcycle Driver,30 to 34,Fatal,47,South,Motorcycle,Going Ahead,Exceeding Speed Limit,Normal, , , , , , , , ,Yes,Yes, , , ,Yes,Yes,Yes, , , ,22,,,9,,5091
-79.517581,43.661376,80545850,6001289424,2016,2016-07-22T04:00:00.000Z,1948,19,ROYAL YORK RD,STRATH HUMBER CRT,12.5 M S of,Minor Arterial,Etobicoke York,43.661376,-79.517581,Intersection,At Intersection,No Control,Clear,Daylight,Dry,Fatal,Turning Movement,Driver,15 to 19,Minor,0,North,"Automobile, Station Wagon",Turning Left,Failed to Yield Right of Way,Normal, , , , , , , , ,Yes,Yes, , , ,Yes,Yes,Yes, , , ,22,,,9,,5092
-79.517581,43.661376,80545851,6001289424,2016,2016-07-22T04:00:00.000Z,1948,19,ROYAL YORK RD,STRATH HUMBER CRT,12.5 M S of,Minor Arterial,Etobicoke York,43.661376,-79.517581,Intersection,At Intersection,No Control,Clear,Daylight,Dry,Fatal,Turning Movement,Passenger,20 to 24,Major,0, , , , , , , , , , , , , ,Yes,Yes, , , ,Yes,Yes,Yes, , , ,22,,,9,,5093
-79.188243,43.799857,80716604,6001470144,2016,2016-08-19T04:00:00.000Z,1948,19,CONLINS RD,MILNER AVE,139 m South of,Collector,Scarborough,43.799857,-79.188243,Mid-Block,Non Intersection,No Control,Clear,Daylight,Dry,Non-Fatal Injury,Sideswipe,Motorcycle Driver,20 to 24,Major,0,North,Motorcycle,Overtaking,Improper Passing,Inattentive, , , , , , , , ,Yes,Yes, , , , ,Yes,Yes, , , ,42,,,131,,5094
-79.188243,43.799857,80716605,6001470144,2016,2016-08-19T04:00:00.000Z,1948,19,CONLINS RD,MILNER AVE,139 m South of,Collector,Scarborough,43.799857,-79.188243,Mid-Block,Non Intersection,No Control,Clear,Daylight,Dry,Non-Fatal Injury,Sideswipe,Driver,60 to 64,None,0,North,Pick Up Truck,Going Ahead,Driving Properly,Normal, , , , , , , , ,Yes,Yes, , , , ,Yes,Yes, , , ,42,,,131,,5095
-79.544688,43.632106,80563420,6001099708,2016,2016-06-23T04:00:00.000Z,1949,19,DUNDAS ST W,SHORNCLIFFE RD, ,Major Arterial,Etobicoke York,43.632106,-79.544688,Intersection,At Intersection,Traffic Controller,Clear,Daylight,Dry,Non-Fatal Injury,Pedestrian Collisions,Truck Driver,35 to 39,None,0,North,"Truck - Closed (Blazer, etc)",Turning Left,Failed to Yield Right of Way,Normal, , , , , , ,Yes, , , ,Yes, , , , ,Yes, , , ,22,,,14,,5096
-79.544688,43.632106,80563421,6001099708,2016,2016-06-23T04:00:00.000Z,1949,19,DUNDAS ST W,SHORNCLIFFE RD, ,Major Arterial,Etobicoke York,43.632106,-79.544688,Intersection,At Intersection,Traffic Controller,Clear,Daylight,Dry,Non-Fatal Injury,Pedestrian Collisions,Pedestrian,65 to 69,Major,0,South, , , , ,Vehicle turns left while ped crosses with ROW at inter.,Crossing with right of way,Normal, , , ,Yes, , , ,Yes, , , , ,Yes, , , ,22,,,14,,5097
-79.511325,43.647292,80915927,8000352220,2018,2018-02-24T05:00:00.000Z,1950,19,ROYAL YORK  RD,BLOOR ST W, ,Major Arterial,Etobicoke York,43.647292,-79.511325,Intersection,At Intersection,Traffic Signal,Clear,Dark,Dry,Non-Fatal Injury,Pedestrian Collisions,Pedestrian,80 to 84,Major,0,West, , , , ,Vehicle turns right while ped crosses with ROW at inter.,Crossing with right of way,Normal, , , ,Yes, ,Yes, , , , , , ,Yes, , , ,22,,,16,,5098
-79.511325,43.647292,80915928,8000352220,2018,2018-02-24T05:00:00.000Z,1950,19,ROYAL YORK  RD,BLOOR ST W, ,Major Arterial,Etobicoke York,43.647292,-79.511325,Intersection,At Intersection,Traffic Signal,Clear,Dark,Dry,Non-Fatal Injury,Pedestrian Collisions,Driver,70 to 74,None,0,North,"Automobile, Station Wagon",Turning Right,Failed to Yield Right of Way,Normal, , , , , , ,Yes, ,Yes, , , , , , ,Yes, , , ,22,,,16,,5099
-79.31499,43.796945,6596467,1219703,2011,2011-01-05T05:00:00.000Z,1951,19,FINCH AVE E,WARDEN AVE, ,Major Arterial,Scarborough,43.796945,-79.31499,Mid-Block,At Intersection,No Control,Clear,Dark,Wet,Non-Fatal Injury,Rear End,Driver,70 to 74,None,0,West,"Automobile, Station Wagon",Going Ahead,Following too Close,Normal, , , , , , , , ,Yes, , , , , , ,Yes, , , ,42,,,117,,5100
-79.31499,43.796945,6596468,1219703,2011,2011-01-05T05:00:00.000Z,1951,19,FINCH AVE E,WARDEN AVE, ,Major Arterial,Scarborough,43.796945,-79.31499,Mid-Block,At Intersection,No Control,Clear,Dark,Wet,Non-Fatal Injury,Rear End,Driver,40 to 44,Major,0,West,"Automobile, Station Wagon",Stopped,Driving Properly,Normal, , , , , , , , ,Yes, , , , , , ,Yes, , , ,42,,,117,,5101
-79.347888,43.777117,80559932,5000549380,2015,2015-04-02T04:00:00.000Z,1951,19,DON MILLS RD,LEITH HILL RD, ,Major Arterial,North York,43.777117,-79.347888,Intersection,At Intersection,Traffic Signal,Rain,"Dark, artificial",Wet,Non-Fatal Injury,Pedestrian Collisions,Driver,20 to 24,None,0,North,"Automobile, Station Wagon",Going Ahead,Disobeyed Traffic Control,Normal, , , , , , ,Yes, ,Yes, , , , ,Yes, ,Yes,Yes, , ,33,,,47,,5102
-79.347888,43.777117,80559933,5000549380,2015,2015-04-02T04:00:00.000Z,1951,19,DON MILLS RD,LEITH HILL RD, ,Major Arterial,North York,43.777117,-79.347888,Intersection,At Intersection,Traffic Signal,Rain,"Dark, artificial",Wet,Non-Fatal Injury,Pedestrian Collisions,Passenger,20 to 24,None,0, , , , , , , , , , , ,Yes, ,Yes, , , , ,Yes, ,Yes,Yes, , ,33,,,47,,5103
-79.328357,43.729285,80768873,6002127930,2016,2016-11-30T05:00:00.000Z,2106,21,CONCORDE GT,CONCORDE PL,300 m East of,Collector,North York,43.729285,-79.328357,Intersection,At/Near Private Drive,No Control,Rain,"Dark, artificial",Wet,Non-Fatal Injury,Pedestrian Collisions,Pedestrian,65 to 69,Major,0,North, , , , ,Vehicle is going straight thru inter.while ped cross without ROW,Crossing without right of way,Normal, , , ,Yes, ,Yes, , , , , ,Yes,Yes, , , ,33,,,42,,5104
-79.347888,43.777117,80559934,5000549380,2015,2015-04-02T04:00:00.000Z,1951,19,DON MILLS RD,LEITH HILL RD, ,Major Arterial,North York,43.777117,-79.347888,Intersection,At Intersection,Traffic Signal,Rain,"Dark, artificial",Wet,Non-Fatal Injury,Pedestrian Collisions,Pedestrian,50 to 54,Major,0,West, , , , ,Vehicle is going straight thru inter.while ped cross with ROW,Crossing with right of way,Unknown, , , ,Yes, ,Yes, , , , ,Yes, ,Yes,Yes, , ,33,,,47,,5105
-79.55614,43.614207,80257571,5002061502,2015,2015-12-01T05:00:00.000Z,2107,21,THE QUEENSWAY,NORTH QUEEN ST,3 m North of,Major Arterial,Etobicoke York,43.614207,-79.55614,Intersection,At Intersection,Traffic Signal,Rain,Dark,Wet,Non-Fatal Injury,Pedestrian Collisions,Truck Driver,55 to 59,None,0,East,Truck-Tractor,Turning Left,Failed to Yield Right of Way,Inattentive, , , , , , ,Yes, , , ,Yes, , , , ,Yes, , , ,22,,,14,,5106
-79.25809,43.734545,5304239,1133909,2009,2009-10-08T04:00:00.000Z,1915,19,EGLINTON Aven E,MIDLAND Aven, ,Major Arterial,Scarborough,43.734545,-79.25809,Intersection,At Intersection,Traffic Signal,Clear,Dark,Dry,Non-Fatal Injury,Turning Movement,Passenger,5 to 9,Major,0, ,Other, , , , , , , , , , , ,Yes, , , , ,Yes, ,Yes, , , ,41,,,138,,5107
-79.244464,43.74924,80209374,4002144979,2014,2014-05-24T04:00:00.000Z,1954,19,1484 DANFORTH RD, ,30 m South of,Major Arterial,Scarborough,43.74924,-79.244464,Intersection,Non Intersection,No Control,Clear,Daylight,Dry,Non-Fatal Injury,Angle,Driver,35 to 39,None,0,East,"Automobile, Station Wagon",Reversing,Other,Inattentive, , , , , , , , ,Yes,Yes, , , , ,Yes,Yes, , , ,43,,,127,,5108
-79.438464,43.75545,80495632,5002187382,2015,2015-12-21T05:00:00.000Z,2125,21,BATHURST ST,SHEPPARD AVE W, ,Major Arterial,North York,43.75545,-79.438464,Intersection,At Intersection,Traffic Signal,Rain,"Dark, artificial",Wet,Non-Fatal Injury,Pedestrian Collisions,Driver,20 to 24,None,0,North,"Automobile, Station Wagon",Going Ahead,Disobeyed Traffic Control,Unknown, , , , , , ,Yes, ,Yes, , , , , ,Yes,Yes,Yes, , ,32,,,38,,5109
-79.438464,43.75545,80495633,5002187382,2015,2015-12-21T05:00:00.000Z,2125,21,BATHURST ST,SHEPPARD AVE W, ,Major Arterial,North York,43.75545,-79.438464,Intersection,At Intersection,Traffic Signal,Rain,"Dark, artificial",Wet,Non-Fatal Injury,Pedestrian Collisions,Pedestrian,15 to 19,Major,0,West, , , , ,Vehicle is going straight thru inter.while ped cross without ROW,Crossing without right of way,Inattentive, , , ,Yes, ,Yes, , , , , ,Yes,Yes,Yes, , ,32,,,38,,5110
-79.301257,43.763491,80783196,7001757365,2017,2017-09-27T04:00:00.000Z,2125,21,WARDEN AVE,CONTINENTAL PL, ,Major Arterial,Scarborough,43.763491,-79.301257,Intersection,At Intersection,No Control,Clear,Dark,Dry,Fatal,Pedestrian Collisions,Driver,unknown,None,0,South,"Automobile, Station Wagon",Unknown,Other,Unknown, , , , , , ,Yes, ,Yes, , , , , ,Yes,Yes, , , ,41,,,119,,5111
-79.309787,43.742125,80158067,4001933544,2014,2014-04-21T04:00:00.000Z,2201,22,VICTORIA PARK AVE,LAWRENCE AVE E, ,Major Arterial,Scarborough,43.742125,-79.309787,Intersection,Intersection Related,Traffic Signal,Clear,"Dark, artificial",Dry,Non-Fatal Injury,Pedestrian Collisions,Pedestrian,55 to 59,Major,0,West, , , , ,Vehicle turns left while ped crosses with ROW at inter.,Crossing with right of way,Normal, , , ,Yes, ,Yes, , , , ,Yes, ,Yes, , , ,"33,41",,,43,,5112
-79.301257,43.763491,80783197,7001757365,2017,2017-09-27T04:00:00.000Z,2125,21,WARDEN AVE,CONTINENTAL PL, ,Major Arterial,Scarborough,43.763491,-79.301257,Intersection,At Intersection,No Control,Clear,Dark,Dry,Fatal,Pedestrian Collisions,Pedestrian,30 to 34,Fatal,43,East, , , , ,Vehicle is going straight thru inter.while ped cross without ROW,"Crossing, no Traffic Control",Unknown, , , ,Yes, ,Yes, , , , , ,Yes,Yes, , , ,41,,,119,,5113
-79.301257,43.763491,80783198,7001757365,2017,2017-09-27T04:00:00.000Z,2125,21,WARDEN AVE,CONTINENTAL PL, ,Major Arterial,Scarborough,43.763491,-79.301257,Intersection,At Intersection,No Control,Clear,Dark,Dry,Fatal,Pedestrian Collisions,Pedestrian,5 to 9,Fatal,44,East, , , , ,Vehicle is going straight thru inter.while ped cross without ROW,"Crossing, no Traffic Control",Unknown, , , ,Yes, ,Yes, , , , , ,Yes,Yes, , , ,41,,,119,,5114
-79.54409,43.751745,5293168,1128059,2009,2009-09-02T04:00:00.000Z,2203,22,FINCH AVE W,JAYZEL DR, ,Major Arterial,Etobicoke York,43.751745,-79.54409,Mid-Block, ,No Control,Clear,Dark,Dry,Non-Fatal Injury,Pedestrian Collisions,Driver,25 to 29,None,0,East,"Automobile, Station Wagon",Going Ahead,Exceeding Speed Limit,"Ability Impaired, Alcohol Over .08", , , , , , ,Yes, ,Yes, , , , , ,Yes,Yes, ,Yes, ,31,,,22,,5115
-79.300533,43.724959,80218502,4002916967,2014,2014-09-15T04:00:00.000Z,2010,20,EGLINTON AVE E,EGLINTON SQ, ,Major Arterial,Scarborough,43.724959,-79.300533,Intersection,At Intersection,Traffic Signal,Rain,"Dark, artificial",Wet,Non-Fatal Injury,Angle,Passenger,15 to 19,Minimal,0, , , , , , , , , , , , , ,Yes, , , , ,Yes, ,Yes,Yes, , ,41,,,120,,5116
-79.16969,43.854145,5873129,128407,2009,2009-09-01T04:00:00.000Z,2140,21,PICKERING TOWN LINE,STEELES AVE E, ,Local,Scarborough,43.854145,-79.16969,Mid-Block, ,No Control,Clear,Dark,Dry,Non-Fatal Injury,SMV Other,Passenger,15 to 19,Major,0,South,"Automobile, Station Wagon", , , , , , , , , , , ,Yes, , , , ,Yes,Yes,Yes, , , ,42,,,0,,5117
-79.41469,43.673945,6281389,1209207,2010,2010-12-23T05:00:00.000Z,2027,20,BATHURST ST,BRIDGMAN AVE, ,Major Arterial,Toronto and East York,43.673945,-79.41469,Mid-Block, ,No Control,Clear,Dark,Dry,Fatal,Pedestrian Collisions,Driver,50 to 54,None,0,South,Municipal Transit Bus (TTC),Going Ahead,Improper Passing,Normal, , , , , , ,Yes, , , , ,Yes, ,Yes, ,Yes, , , ,"13,14",,,96,,5118
-79.40909,43.785745,7558804,1226853,2011,2011-04-07T04:00:00.000Z,2040,20,WILLOWDALE Aven,REVCOE Driv, ,Minor Arterial,North York,43.785745,-79.40909,Intersection, ,No Control,Clear,Dark,Dry,Non-Fatal Injury,Rear End,Vehicle Owner,unknown, ,0, ,Other, , , , , , , , , , , ,Yes, , , , , ,Yes,Yes, , ,Yes,32,,,50,,5119
-79.301257,43.763491,80783199,7001757365,2017,2017-09-27T04:00:00.000Z,2125,21,WARDEN AVE,CONTINENTAL PL, ,Major Arterial,Scarborough,43.763491,-79.301257,Intersection,At Intersection,No Control,Clear,Dark,Dry,Fatal,Pedestrian Collisions,Driver,35 to 39,None,0,North,"Automobile, Station Wagon",Going Ahead,Driving Properly,Unknown, , , , , , ,Yes, ,Yes, , , , , ,Yes,Yes, , , ,41,,,119,,5120
-79.16969,43.854145,5873130,128407,2009,2009-09-01T04:00:00.000Z,2140,21,PICKERING TOWN LINE,STEELES AVE E, ,Local,Scarborough,43.854145,-79.16969,Mid-Block, ,No Control,Clear,Dark,Dry,Non-Fatal Injury,SMV Other,Passenger,15 to 19,Major,0,South,"Automobile, Station Wagon", , , , , , , , , , , ,Yes, , , , ,Yes,Yes,Yes, , , ,42,,,0,,5121
-79.40909,43.785745,7558805,1226853,2011,2011-04-07T04:00:00.000Z,2040,20,WILLOWDALE Aven,REVCOE Driv, ,Minor Arterial,North York,43.785745,-79.40909,Intersection, ,No Control,Clear,Dark,Dry,Non-Fatal Injury,Rear End,Driver,55 to 59,Minor,0,North,"Automobile, Station Wagon",Going Ahead,Driving Properly,Normal, , , , , , , , ,Yes, , , , , ,Yes,Yes, , ,Yes,32,,,50,,5122
-79.300533,43.724959,80218503,4002916967,2014,2014-09-15T04:00:00.000Z,2010,20,EGLINTON AVE E,EGLINTON SQ, ,Major Arterial,Scarborough,43.724959,-79.300533,Intersection,At Intersection,Traffic Signal,Rain,"Dark, artificial",Wet,Non-Fatal Injury,Angle,Passenger,10 to 14,Minimal,0, , , , , , , , , , , , , ,Yes, , , , ,Yes, ,Yes,Yes, , ,41,,,120,,5123
-79.41469,43.673945,6281390,1209207,2010,2010-12-23T05:00:00.000Z,2027,20,BATHURST ST,BRIDGMAN AVE, ,Major Arterial,Toronto and East York,43.673945,-79.41469,Mid-Block, ,No Control,Clear,Dark,Dry,Fatal,Pedestrian Collisions,Pedestrian,40 to 44,Fatal,42,Unknown,Other, , , ,Pedestrian involved in a collision with transit vehicle anywhere along roadway,Playing or Working on Highway,Normal, , , ,Yes, , , , ,Yes, ,Yes, ,Yes, , , ,"13,14",,,96,,5124
-79.244464,43.74924,80209375,4002144979,2014,2014-05-24T04:00:00.000Z,1954,19,1484 DANFORTH RD, ,30 m South of,Major Arterial,Scarborough,43.74924,-79.244464,Intersection,Non Intersection,No Control,Clear,Daylight,Dry,Non-Fatal Injury,Angle,Motorcycle Driver,20 to 24,Major,0,South,Motorcycle,Going Ahead,Other,Unknown, , , , , , , , ,Yes,Yes, , , , ,Yes,Yes, , , ,43,,,127,,5125
-79.54409,43.751745,5293169,1128059,2009,2009-09-02T04:00:00.000Z,2203,22,FINCH AVE W,JAYZEL DR, ,Major Arterial,Etobicoke York,43.751745,-79.54409,Mid-Block, ,No Control,Clear,Dark,Dry,Non-Fatal Injury,Pedestrian Collisions,Pedestrian,25 to 29,Major,0, ,Other, , , ,Pedestrian hit at mid-block,Person Getting on/off Vehicle,Normal, , , ,Yes, ,Yes, , , , , ,Yes,Yes, ,Yes, ,31,,,22,,5126
-79.55614,43.614207,80257572,5002061502,2015,2015-12-01T05:00:00.000Z,2107,21,THE QUEENSWAY,NORTH QUEEN ST,3 m North of,Major Arterial,Etobicoke York,43.614207,-79.55614,Intersection,At Intersection,Traffic Signal,Rain,Dark,Wet,Non-Fatal Injury,Pedestrian Collisions,Pedestrian,15 to 19,Major,0,East, , , , ,Vehicle turns left while ped crosses with ROW at inter.,Crossing with right of way,Normal, , , ,Yes, , , ,Yes, , , , ,Yes, , , ,22,,,14,,5127
-79.25809,43.734545,5304240,1133909,2009,2009-10-08T04:00:00.000Z,1915,19,EGLINTON Aven E,MIDLAND Aven, ,Major Arterial,Scarborough,43.734545,-79.25809,Intersection,At Intersection,Traffic Signal,Clear,Dark,Dry,Non-Fatal Injury,Turning Movement,Passenger,0 to 4,Major,0, ,Other, , , , , , , , , , , ,Yes, , , , ,Yes, ,Yes, , , ,41,,,138,,5128
-79.16969,43.854145,5873131,128407,2009,2009-09-01T04:00:00.000Z,2140,21,PICKERING TOWN LINE,STEELES AVE E, ,Local,Scarborough,43.854145,-79.16969,Mid-Block, ,No Control,Clear,Dark,Dry,Non-Fatal Injury,SMV Other,Passenger,15 to 19,Major,0,South,"Automobile, Station Wagon", , , , , , , , , , , ,Yes, , , , ,Yes,Yes,Yes, , , ,42,,,0,,5129
-79.334384,43.709986,80212976,4002458189,2014,2014-07-08T04:00:00.000Z,2028,20,DON MILLS RD,OVERLEA BLVD,17 m West of,Major Arterial,North York,43.709986,-79.334384,Intersection,Non Intersection,Traffic Signal,Clear,Daylight,Dry,Non-Fatal Injury,Angle,Driver,45 to 49,None,0,South,"Automobile, Station Wagon",Going Ahead,Disobeyed Traffic Control,Normal, , , , , , , , ,Yes, , , , ,Yes, ,Yes,Yes, , ,54,,,44,,5130
-79.38949,43.676945,7492267,1326911,2012,2012-10-11T04:00:00.000Z,2140,21,YONGE St,CRESCENT Rd, ,Major Arterial,Toronto and East York,43.676945,-79.38949,Intersection,At Intersection,Traffic Signal,Clear,"Dark, artificial",Dry,Non-Fatal Injury,Cyclist Collisions,Driver,75 to 79,None,0,South,"Automobile, Station Wagon",Turning Left,Failed to Yield Right of Way,Inattentive, , , , , , , ,Yes,Yes, , , , , , ,Yes, , , ,53,,,98,,5131
-79.25809,43.734545,5304241,1133909,2009,2009-10-08T04:00:00.000Z,1915,19,EGLINTON Aven E,MIDLAND Aven, ,Major Arterial,Scarborough,43.734545,-79.25809,Intersection,At Intersection,Traffic Signal,Clear,Dark,Dry,Non-Fatal Injury,Turning Movement,Passenger,0 to 4,Minor,0, ,Other, , , , , , , , , , , ,Yes, , , , ,Yes, ,Yes, , , ,41,,,138,,5132
-79.300533,43.724959,80218504,4002916967,2014,2014-09-15T04:00:00.000Z,2010,20,EGLINTON AVE E,EGLINTON SQ, ,Major Arterial,Scarborough,43.724959,-79.300533,Intersection,At Intersection,Traffic Signal,Rain,"Dark, artificial",Wet,Non-Fatal Injury,Angle,Passenger,10 to 14,Minimal,0, , , , , , , , , , , , , ,Yes, , , , ,Yes, ,Yes,Yes, , ,41,,,120,,5133
-79.55369,43.753045,6174014,1182348,2010,2010-06-22T04:00:00.000Z,2126,21,36 MILVAN DR,PENN Driv, ,Collector,Etobicoke York,43.753045,-79.55369,Mid-Block, ,No Control,Clear,Dark,Dry,Non-Fatal Injury,Turning Movement,Passenger,20 to 24,Major,0, ,Other, , , , , , , , , , , ,Yes, , , , ,Yes, ,Yes, , , ,31,,,21,,5134
-79.40909,43.785745,7558806,1226853,2011,2011-04-07T04:00:00.000Z,2040,20,WILLOWDALE Aven,REVCOE Driv, ,Minor Arterial,North York,43.785745,-79.40909,Intersection, ,No Control,Clear,Dark,Dry,Non-Fatal Injury,Rear End,Driver,75 to 79,Major,0,North,"Automobile, Station Wagon",Going Ahead,Following too Close,Medical or Physical Disability, , , , , , , , ,Yes, , , , , ,Yes,Yes, , ,Yes,32,,,50,,5135
-79.389476,43.657519,80564558,6001231273,2016,2016-07-13T04:00:00.000Z,2205,22,UNIVERSITY AVE,GERRARD ST W,4 m North of,Major Arterial,Toronto and East York,43.657519,-79.389476,Intersection,Non Intersection,Traffic Signal,Clear,"Dark, artificial",Dry,Non-Fatal Injury,Turning Movement,Driver,45 to 49,None,0,South,"Automobile, Station Wagon",Turning Left,Failed to Yield Right of Way,Inattentive, , , , , , , , ,Yes,Yes, , , , , ,Yes, , , ,52,,,76,,5136
-79.24449,43.749545,6101709,1150406,2010,2010-01-07T05:00:00.000Z,2108,21,DANFORTH Road,MACKINAC Cres, ,Major Arterial,Scarborough,43.749545,-79.24449,Intersection, ,No Control,Clear,Dark,Dry,Non-Fatal Injury,Cyclist Collisions,Vehicle Owner,unknown, ,0, ,Other, , , , , , , , , , ,Yes,Yes, , , , , , ,Yes, , , ,43,,,127,,5137
-79.35349,43.665245,5320670,1020344,2008,2008-01-29T05:00:00.000Z,1955,19,HAMILTON ST,GERRARD ST E, ,Minor Arterial,Toronto and East York,43.665245,-79.35349,Intersection, ,No Control,Rain,Dark,Wet,Non-Fatal Injury,Pedestrian Collisions,Driver,20 to 24,None,0,West,"Automobile, Station Wagon",Turning Left,Failed to Yield Right of Way,Normal, , , , , , ,Yes, ,Yes, , , , , , ,Yes, , , ,55,,,70,,5138
-79.389476,43.657519,80564559,6001231273,2016,2016-07-13T04:00:00.000Z,2205,22,UNIVERSITY AVE,GERRARD ST W,4 m North of,Major Arterial,Toronto and East York,43.657519,-79.389476,Intersection,Non Intersection,Traffic Signal,Clear,"Dark, artificial",Dry,Non-Fatal Injury,Turning Movement,Motorcycle Driver,45 to 49,Major,0,North,Motorcycle,Going Ahead,Driving Properly,Normal, , , , , , , , ,Yes,Yes, , , , , ,Yes, , , ,52,,,76,,5139
-79.428859,43.681033,80496486,5000471839,2015,2015-03-20T04:00:00.000Z,2010,20,ST CLAIR AVE W,ARLINGTON AVE, ,Major Arterial,Toronto and East York,43.681033,-79.428859,Intersection,At Intersection,Traffic Signal,Clear,"Dark, artificial",Dry,Fatal,Pedestrian Collisions,Driver,25 to 29,None,0,East,Street Car,Going Ahead,Failed to Yield Right of Way,Normal, , , , , , ,Yes, , , , ,Yes, , , ,Yes, , , ,13,,,94,,5140