X,Y,Index_,ACCNUM,YEAR,DATE,TIME,Hour,STREET1,STREET2,OFFSET,ROAD_CLASS,District,LATITUDE,LONGITUDE,LOCCOORD,ACCLOC,TRAFFCTL,VISIBILITY,LIGHT,RDSFCOND,ACCLASS,IMPACTYPE,INVTYPE,INVAGE,INJURY,FATAL_NO,INITDIR,VEHTYPE,MANOEUVER,DRIVACT,DRIVCOND,PEDTYPE,PEDACT,PEDCOND,CYCLISTYPE,CYCACT,CYCCOND,PEDESTRIAN,CYCLIST,AUTOMOBILE,MOTORCYCLE,TRUCK,TRSN_CITY_,EMERG_VEH,PASSENGER,SPEEDING,AG_DRIV,REDLIGHT,ALCOHOL,DISABILITY,Division,Ward_Name,Ward_ID,Hood_ID,Hood_Name,ObjectId
-79.307895,43.77872,80200656,4001344082,2014,2014-01-14T05:00:00.000Z,1929,19,WARDEN AVE,SHEPPARD AVE E, ,Major Arterial,Scarborough,43.77872,-79.307895,Intersection,Intersection Related,Traffic Signal,Clear,"Dark, artificial",Dry,Non-Fatal Injury,Turning Movement,Driver,20 to 24,Major,0,South,"Automobile, Station Wagon",Turning Left,Failed to Yield Right of Way,Inattentive, , , , , , , , ,Yes, , , , , , ,Yes, , , ,42,,,118,,5972
-79.307895,43.77872,80200657,4001344082,2014,2014-01-14T05:00:00.000Z,1929,19,WARDEN AVE,SHEPPARD AVE E, ,Major Arterial,Scarborough,43.77872,-79.307895,Intersection,Intersection Related,Traffic Signal,Clear,"Dark, artificial",Dry,Non-Fatal Injury,Turning Movement,Driver,15 to 19,None,0,North,Passenger Van,Going Ahead,Driving Properly,Normal, , , , , , , , ,Yes, , , , , , ,Yes, , , ,42,,,118,,5973
-79.24249,43.793045,5792490,1111945,2009,2009-06-30T04:00:00.000Z,1930,19,5050 SHEPPARD AVE E, , ,Major Arterial,Scarborough,43.793045,-79.24249,Mid-Block, ,No Control,Clear,Daylight,Dry,Fatal,Pedestrian Collisions,Vehicle Owner,unknown, ,0, ,Other, , , , , , , , , ,Yes, , , , ,Yes, , , ,Yes, , , ,42,,,128,,5974
-79.24249,43.793045,5792491,1111945,2009,2009-06-30T04:00:00.000Z,1930,19,5050 SHEPPARD AVE E, , ,Major Arterial,Scarborough,43.793045,-79.24249,Mid-Block, ,No Control,Clear,Daylight,Dry,Fatal,Pedestrian Collisions,Driver,50 to 54,None,0,East,Municipal Transit Bus (TTC),Turning Left,Failed to Yield Right of Way,Inattentive, , , , , , ,Yes, , , , ,Yes, , , ,Yes, , , ,42,,,128,,5975
-79.24249,43.793045,5792492,1111945,2009,2009-06-30T04:00:00.000Z,1930,19,5050 SHEPPARD AVE E, , ,Major Arterial,Scarborough,43.793045,-79.24249,Mid-Block, ,No Control,Clear,Daylight,Dry,Fatal,Pedestrian Collisions,Pedestrian,70 to 74,Fatal,24,East,Other, , , ,Pedestrian involved in a collision with transit vehicle anywhere along roadway,On Sidewalk or Shoulder,Normal, , , ,Yes, , , , ,Yes, , , ,Yes, , , ,42,,,128,,5976
-79.49669,43.704345,6606087,1224097,2011,2011-01-19T05:00:00.000Z,1930,19,LAWRENCE AVE W,BROOKHAVEN DR, ,Major Arterial,Etobicoke York,43.704345,-79.49669,Intersection,At Intersection,Traffic Signal,Rain,Dark,Wet,Non-Fatal Injury,Rear End,Passenger,25 to 29,Major,0, ,Other, , , , , , , , , , , ,Yes, , , , ,Yes, ,Yes, , , ,12,,,30,,5977
-79.49669,43.704345,6606088,1224097,2011,2011-01-19T05:00:00.000Z,1930,19,LAWRENCE AVE W,BROOKHAVEN DR, ,Major Arterial,Etobicoke York,43.704345,-79.49669,Intersection,At Intersection,Traffic Signal,Rain,Dark,Wet,Non-Fatal Injury,Rear End,Driver,35 to 39,Minor,0,East,"Automobile, Station Wagon",Stopped,Driving Properly,Normal, , , , , , , , ,Yes, , , , ,Yes, ,Yes, , , ,12,,,30,,5978
-79.49669,43.704345,6606089,1224097,2011,2011-01-19T05:00:00.000Z,1930,19,LAWRENCE AVE W,BROOKHAVEN DR, ,Major Arterial,Etobicoke York,43.704345,-79.49669,Intersection,At Intersection,Traffic Signal,Rain,Dark,Wet,Non-Fatal Injury,Rear End,Driver,15 to 19,None,0,East,"Automobile, Station Wagon",Slowing or Stopping,Following too Close,Normal, , , , , , , , ,Yes, , , , ,Yes, ,Yes, , , ,12,,,30,,5979
-79.43849,43.645445,6805446,1255302,2011,2011-08-30T04:00:00.000Z,1930,19,LANSDOWNE Aven,RIDEAU Aven, ,Minor Arterial,Toronto and East York,43.645445,-79.43849,Mid-Block, ,No Control,Clear,"Dark, artificial",Dry,Non-Fatal Injury,Cyclist Collisions,Vehicle Owner,unknown, ,0, ,Other, , , , , , , , , , ,Yes,Yes, , , , , ,Yes,Yes, , , ,11,,,86,,5980
-79.43849,43.645445,6805447,1255302,2011,2011-08-30T04:00:00.000Z,1930,19,LANSDOWNE Aven,RIDEAU Aven, ,Minor Arterial,Toronto and East York,43.645445,-79.43849,Mid-Block, ,No Control,Clear,"Dark, artificial",Dry,Non-Fatal Injury,Cyclist Collisions,Driver,20 to 24,None,0,South,"Automobile, Station Wagon",Parked,Other,Unknown, , , , , , , ,Yes,Yes, , , , , ,Yes,Yes, , , ,11,,,86,,5981
-79.43849,43.645445,6805448,1255302,2011,2011-08-30T04:00:00.000Z,1930,19,LANSDOWNE Aven,RIDEAU Aven, ,Minor Arterial,Toronto and East York,43.645445,-79.43849,Mid-Block, ,No Control,Clear,"Dark, artificial",Dry,Non-Fatal Injury,Cyclist Collisions,Cyclist,35 to 39,Major,0,South,Bicycle,Going Ahead, , , , , ,Cyclist struck opened vehicle door,Speed too Fast For Condition,Unknown, ,Yes,Yes, , , , , ,Yes,Yes, , , ,11,,,86,,5982
-79.562839,43.75064,80163970,4002291464,2014,2014-06-14T04:00:00.000Z,1930,19,92 DUNCANWOODS DR, , ,Collector,Etobicoke York,43.75064,-79.562839,Mid-Block,At/Near Private Drive,No Control,Clear,Daylight,Dry,Non-Fatal Injury,Cyclist Collisions,Driver,75 to 79,None,0,North,"Automobile, Station Wagon",Going Ahead,Failed to Yield Right of Way,Inattentive, , , , , , , ,Yes,Yes, , , , , , ,Yes, , , ,31,,,21,,5983
-79.562839,43.75064,80163971,4002291464,2014,2014-06-14T04:00:00.000Z,1930,19,92 DUNCANWOODS DR, , ,Collector,Etobicoke York,43.75064,-79.562839,Mid-Block,At/Near Private Drive,No Control,Clear,Daylight,Dry,Non-Fatal Injury,Cyclist Collisions,Cyclist,5 to 9,Major,0,West,Bicycle,Going Ahead, , , , , ,"Motorist without ROW drives into path of cyclist at inter, lnwy, dwy-Driver not turn.",Driving Properly,Normal, ,Yes,Yes, , , , , , ,Yes, , , ,31,,,21,,5984
-79.424739,43.649428,80164617,4002366263,2014,2014-06-19T04:00:00.000Z,1930,19,DUNDAS ST W,DOVERCOURT RD, ,Minor Arterial,Toronto and East York,43.649428,-79.424739,Intersection,Non Intersection,No Control,Clear,Daylight,Dry,Non-Fatal Injury,Cyclist Collisions,Passenger,25 to 29,None,0, , , , , , , , , , , , ,Yes,Yes, , , , ,Yes, ,Yes, , , ,14,,,81,,5985
-79.424739,43.649428,80164618,4002366263,2014,2014-06-19T04:00:00.000Z,1930,19,DUNDAS ST W,DOVERCOURT RD, ,Minor Arterial,Toronto and East York,43.649428,-79.424739,Intersection,Non Intersection,No Control,Clear,Daylight,Dry,Non-Fatal Injury,Cyclist Collisions,Driver,20 to 24,None,0,West,"Automobile, Station Wagon",Turning Left,Failed to Yield Right of Way,Normal, , , , , , , ,Yes,Yes, , , , ,Yes, ,Yes, , , ,14,,,81,,5986
-79.424739,43.649428,80164619,4002366263,2014,2014-06-19T04:00:00.000Z,1930,19,DUNDAS ST W,DOVERCOURT RD, ,Minor Arterial,Toronto and East York,43.649428,-79.424739,Intersection,Non Intersection,No Control,Clear,Daylight,Dry,Non-Fatal Injury,Cyclist Collisions,Cyclist,25 to 29,Major,0,East,Bicycle,Going Ahead, , , , , ,Motorist turned left across cyclists path.,Driving Properly,Normal, ,Yes,Yes, , , , ,Yes, ,Yes, , , ,14,,,81,,5987
-79.304385,43.779551,80250267,5001578731,2015,2015-09-12T04:00:00.000Z,1930,19,BAY MILLS BLVD,SHEPPARD AVE E, ,Major Arterial,Scarborough,43.779551,-79.304385,Intersection,At Intersection,Traffic Signal,Rain,"Dawn, artificial",Wet,Non-Fatal Injury,Pedestrian Collisions,Driver,20 to 24,None,0,South,"Automobile, Station Wagon",Turning Left,Failed to Yield Right of Way,Inattentive, , , , , , ,Yes, ,Yes, , , , ,Yes, ,Yes, , , ,42,,,118,,5988
-79.304385,43.779551,80250268,5001578731,2015,2015-09-12T04:00:00.000Z,1930,19,BAY MILLS BLVD,SHEPPARD AVE E, ,Major Arterial,Scarborough,43.779551,-79.304385,Intersection,At Intersection,Traffic Signal,Rain,"Dawn, artificial",Wet,Non-Fatal Injury,Pedestrian Collisions,Passenger,25 to 29,None,0, , , , , , , , , , , ,Yes, ,Yes, , , , ,Yes, ,Yes, , , ,42,,,118,,5989
-79.304385,43.779551,80250269,5001578731,2015,2015-09-12T04:00:00.000Z,1930,19,BAY MILLS BLVD,SHEPPARD AVE E, ,Major Arterial,Scarborough,43.779551,-79.304385,Intersection,At Intersection,Traffic Signal,Rain,"Dawn, artificial",Wet,Non-Fatal Injury,Pedestrian Collisions,Passenger,20 to 24,None,0, , , , , , , , , , , ,Yes, ,Yes, , , , ,Yes, ,Yes, , , ,42,,,118,,5990
-79.304385,43.779551,80250270,5001578731,2015,2015-09-12T04:00:00.000Z,1930,19,BAY MILLS BLVD,SHEPPARD AVE E, ,Major Arterial,Scarborough,43.779551,-79.304385,Intersection,At Intersection,Traffic Signal,Rain,"Dawn, artificial",Wet,Non-Fatal Injury,Pedestrian Collisions,Pedestrian,15 to 19,Major,0,Unknown, , , , ,Vehicle turns left while ped crosses with ROW at inter.,Crossing with right of way,Normal, , , ,Yes, ,Yes, , , , ,Yes, ,Yes, , , ,42,,,118,,5991
-79.335483,43.792872,80503603,6000566615,2016,2016-04-03T04:00:00.000Z,1930,19,FINCH AVE E,CHEROKEE BLVD,150 m East of,Major Arterial,North York,43.792872,-79.335483,Mid-Block,Non Intersection,No Control,Snow,Dark,Ice,Non-Fatal Injury,Approaching,Driver,25 to 29,None,0,East,"Automobile, Station Wagon",Going Ahead,Speed too Fast For Condition,Normal, , , , , , , , ,Yes, , , , ,Yes,Yes,Yes, , , ,33,,,46,,5992
-79.335483,43.792872,80503604,6000566615,2016,2016-04-03T04:00:00.000Z,1930,19,FINCH AVE E,CHEROKEE BLVD,150 m East of,Major Arterial,North York,43.792872,-79.335483,Mid-Block,Non Intersection,No Control,Snow,Dark,Ice,Non-Fatal Injury,Approaching,Driver,40 to 44,Minor,0,West,"Automobile, Station Wagon",Going Ahead,Driving Properly,Normal, , , , , , , , ,Yes, , , , ,Yes,Yes,Yes, , , ,33,,,46,,5993
-79.335483,43.792872,80503605,6000566615,2016,2016-04-03T04:00:00.000Z,1930,19,FINCH AVE E,CHEROKEE BLVD,150 m East of,Major Arterial,North York,43.792872,-79.335483,Mid-Block,Non Intersection,No Control,Snow,Dark,Ice,Non-Fatal Injury,Approaching,Passenger,50 to 54,Major,0, , , , , , , , , , , , , ,Yes, , , , ,Yes,Yes,Yes, , , ,33,,,46,,5994
-79.335483,43.792872,80503606,6000566615,2016,2016-04-03T04:00:00.000Z,1930,19,FINCH AVE E,CHEROKEE BLVD,150 m East of,Major Arterial,North York,43.792872,-79.335483,Mid-Block,Non Intersection,No Control,Snow,Dark,Ice,Non-Fatal Injury,Approaching,Passenger,65 to 69,Minor,0, , , , , , , , , , , , , ,Yes, , , , ,Yes,Yes,Yes, , , ,33,,,46,,5995
-79.335483,43.792872,80503607,6000566615,2016,2016-04-03T04:00:00.000Z,1930,19,FINCH AVE E,CHEROKEE BLVD,150 m East of,Major Arterial,North York,43.792872,-79.335483,Mid-Block,Non Intersection,No Control,Snow,Dark,Ice,Non-Fatal Injury,Approaching,Passenger,70 to 74,Minor,0, , , , , , , , , , , , , ,Yes, , , , ,Yes,Yes,Yes, , , ,33,,,46,,5996
-79.335483,43.792872,80503608,6000566615,2016,2016-04-03T04:00:00.000Z,1930,19,FINCH AVE E,CHEROKEE BLVD,150 m East of,Major Arterial,North York,43.792872,-79.335483,Mid-Block,Non Intersection,No Control,Snow,Dark,Ice,Non-Fatal Injury,Approaching,Passenger,35 to 39,Minor,0, , , , , , , , , , , , , ,Yes, , , , ,Yes,Yes,Yes, , , ,33,,,46,,5997
-79.335483,43.792872,80503609,6000566615,2016,2016-04-03T04:00:00.000Z,1930,19,FINCH AVE E,CHEROKEE BLVD,150 m East of,Major Arterial,North York,43.792872,-79.335483,Mid-Block,Non Intersection,No Control,Snow,Dark,Ice,Non-Fatal Injury,Approaching,Passenger,0 to 4,None,0, , , , , , , , , , , , , ,Yes, , , , ,Yes,Yes,Yes, , , ,33,,,46,,5998
-79.335483,43.792872,80503610,6000566615,2016,2016-04-03T04:00:00.000Z,1930,19,FINCH AVE E,CHEROKEE BLVD,150 m East of,Major Arterial,North York,43.792872,-79.335483,Mid-Block,Non Intersection,No Control,Snow,Dark,Ice,Non-Fatal Injury,Approaching,Passenger,5 to 9,Minor,0, , , , , , , , , , , , , ,Yes, , , , ,Yes,Yes,Yes, , , ,33,,,46,,5999
-79.348338,43.689437,80632431,6000365779,2016,2016-02-29T05:00:00.000Z,1930,19,COSBURN AVE,PAPE AVE,3 m East of,Minor Arterial,Toronto and East York,43.689437,-79.348338,Mid-Block,Non Intersection,No Control,Clear,"Dark, artificial",Dry,Non-Fatal Injury,Pedestrian Collisions,Driver,30 to 34,None,0,East,"Automobile, Station Wagon",Turning Left,Failed to Yield Right of Way,Inattentive, , , , , , ,Yes, ,Yes, , , , , , ,Yes, , , ,54,,,59,,6000
-79.41189,43.793045,5808092,1129154,2009,2009-10-06T04:00:00.000Z,935,9,CENTRE AVE,WILLOWDALE AVE, ,Minor Arterial,North York,43.793045,-79.41189,Intersection,At Intersection,Stop Sign,Clear,Daylight,Dry,Non-Fatal Injury,Pedestrian Collisions,Driver,55 to 59,None,0,South,"Automobile, Station Wagon",Turning Left,Failed to Yield Right of Way,Normal, , , , , , ,Yes, ,Yes, , , , , , ,Yes, , , ,32,,,50,,1001
-79.41189,43.793045,5808093,1129154,2009,2009-10-06T04:00:00.000Z,935,9,CENTRE AVE,WILLOWDALE AVE, ,Minor Arterial,North York,43.793045,-79.41189,Intersection,At Intersection,Stop Sign,Clear,Daylight,Dry,Non-Fatal Injury,Pedestrian Collisions,Pedestrian,85 to 89,Major,0,East,Other, , , ,Vehicle turns left while ped crosses with ROW at inter.,Crossing with right of way,Normal, , , ,Yes, ,Yes, , , , , , ,Yes, , , ,32,,,50,,1002
-79.414378,43.673133,80152255,4001576606,2014,2014-02-22T05:00:00.000Z,935,9,DUPONT ST,BATHURST ST, ,Major Arterial,Toronto and East York,43.673133,-79.414378,Intersection,At Intersection,Traffic Signal,Clear,Daylight,Dry,Non-Fatal Injury,Pedestrian Collisions,Driver,55 to 59,None,0,South,Delivery Van,Turning Left,Failed to Yield Right of Way,Inattentive, , , , , , ,Yes, ,Yes, , , , , , ,Yes, , , ,14,,,95,,1003
-79.414378,43.673133,80152256,4001576606,2014,2014-02-22T05:00:00.000Z,935,9,DUPONT ST,BATHURST ST, ,Major Arterial,Toronto and East York,43.673133,-79.414378,Intersection,At Intersection,Traffic Signal,Clear,Daylight,Dry,Non-Fatal Injury,Pedestrian Collisions,Pedestrian,60 to 64,Major,0,North, , , , ,Vehicle turns left while ped crosses with ROW at inter.,Crossing with right of way,Normal, , , ,Yes, ,Yes, , , , , , ,Yes, , , ,14,,,95,,1004
-79.397388,43.676688,80632315,6001979162,2016,2016-11-07T05:00:00.000Z,935,9,AVENUE RD,ROXBOROUGH ST W, ,Major Arterial,Toronto and East York,43.676688,-79.397388,Intersection,At Intersection,No Control,Clear,Daylight,Dry,Non-Fatal Injury,Pedestrian Collisions,Driver,55 to 59,None,0,South,"Automobile, Station Wagon",Turning Left,Failed to Yield Right of Way,Inattentive, , , , , , ,Yes, ,Yes, , , , ,Yes, ,Yes, , , ,53,,,95,,1005
-79.397388,43.676688,80632316,6001979162,2016,2016-11-07T05:00:00.000Z,935,9,AVENUE RD,ROXBOROUGH ST W, ,Major Arterial,Toronto and East York,43.676688,-79.397388,Intersection,At Intersection,No Control,Clear,Daylight,Dry,Non-Fatal Injury,Pedestrian Collisions,Driver,50 to 54,Minor,0,North,"Automobile, Station Wagon",Going Ahead,Driving Properly,Normal, , , , , , ,Yes, ,Yes, , , , ,Yes, ,Yes, , , ,53,,,95,,1006
-79.397388,43.676688,80632317,6001979162,2016,2016-11-07T05:00:00.000Z,935,9,AVENUE RD,ROXBOROUGH ST W, ,Major Arterial,Toronto and East York,43.676688,-79.397388,Intersection,At Intersection,No Control,Clear,Daylight,Dry,Non-Fatal Injury,Pedestrian Collisions,Passenger,55 to 59,Minor,0, ,"Automobile, Station Wagon", , , , , , , , , ,Yes, ,Yes, , , , ,Yes, ,Yes, , , ,53,,,95,,1007
-79.397388,43.676688,80632318,6001979162,2016,2016-11-07T05:00:00.000Z,935,9,AVENUE RD,ROXBOROUGH ST W, ,Major Arterial,Toronto and East York,43.676688,-79.397388,Intersection,At Intersection,No Control,Clear,Daylight,Dry,Non-Fatal Injury,Pedestrian Collisions,Pedestrian,25 to 29,Major,0,Unknown, , , , ,Pedestrian hit on sidewalk or shoulder, ,Unknown, , , ,Yes, ,Yes, , , , ,Yes, ,Yes, , , ,53,,,95,,1008
-79.402156,43.725032,80877082,8000874551,2018,2018-05-15T04:00:00.000Z,935,9,YONGE ST,LAWRENCE AVE E, ,Major Arterial,North York,43.725032,-79.402156,Intersection,At Intersection,Traffic Signal, ,Daylight, ,Fatal,Pedestrian Collisions,Driver,85 to 89,None,0,North,"Automobile, Station Wagon",Turning Right,Failed to Yield Right of Way, , , , , , , ,Yes, ,Yes, , , , , , ,Yes, , , ,"32,53",,,103,,1009
-79.402156,43.725032,80877083,8000874551,2018,2018-05-15T04:00:00.000Z,935,9,YONGE ST,LAWRENCE AVE E, ,Major Arterial,North York,43.725032,-79.402156,Intersection,At Intersection,Traffic Signal, ,Daylight, ,Fatal,Pedestrian Collisions,Pedestrian,70 to 74,Fatal,24,Unknown, , , , ,Vehicle turns right while ped crosses with ROW at inter.,Crossing with right of way, , , , ,Yes, ,Yes, , , , , , ,Yes, , , ,"32,53",,,103,,1010
-79.436946,43.755618,80887250,7001555657,2017,2017-08-28T04:00:00.000Z,935,9,SHEPPARD  AVE W,CANYON AVE,6 m West of,Major Arterial,North York,43.755618,-79.436946,Intersection,At Intersection,No Control,Clear,Daylight,Dry,Non-Fatal Injury,Rear End,Passenger,35 to 39,Major,0, , , , , , , , , , , , , ,Yes, , , , ,Yes, ,Yes, , , ,32,,,38,,1011
-79.436946,43.755618,80887251,7001555657,2017,2017-08-28T04:00:00.000Z,935,9,SHEPPARD  AVE W,CANYON AVE,6 m West of,Major Arterial,North York,43.755618,-79.436946,Intersection,At Intersection,No Control,Clear,Daylight,Dry,Non-Fatal Injury,Rear End,Passenger,10 to 14,None,0, , , , , , , , , , , , , ,Yes, , , , ,Yes, ,Yes, , , ,32,,,38,,1012
-79.436946,43.755618,80887252,7001555657,2017,2017-08-28T04:00:00.000Z,935,9,SHEPPARD  AVE W,CANYON AVE,6 m West of,Major Arterial,North York,43.755618,-79.436946,Intersection,At Intersection,No Control,Clear,Daylight,Dry,Non-Fatal Injury,Rear End,Driver,70 to 74,Minimal,0,East,"Automobile, Station Wagon",Going Ahead,Driving Properly,Normal, , , , , , , , ,Yes, , , , ,Yes, ,Yes, , , ,32,,,38,,1013
-79.436946,43.755618,80887253,7001555657,2017,2017-08-28T04:00:00.000Z,935,9,SHEPPARD  AVE W,CANYON AVE,6 m West of,Major Arterial,North York,43.755618,-79.436946,Intersection,At Intersection,No Control,Clear,Daylight,Dry,Non-Fatal Injury,Rear End,Driver,45 to 49,None,0,East,Pick Up Truck,Going Ahead,Following too Close,Normal, , , , , , , , ,Yes, , , , ,Yes, ,Yes, , , ,32,,,38,,1014
-79.370921,43.648215,7850014,1369657,2013,2013-08-09T04:00:00.000Z,936,9,LOWER JARVIS St,THE ESPLANADE, ,Major Arterial,Toronto and East York,43.648215,-79.370921,Intersection, ,Traffic Signal,Clear,Daylight,Dry,Non-Fatal Injury,Pedestrian Collisions,Vehicle Owner,unknown, ,0, ,Other, , , , , , , , , ,Yes, , , ,Yes, , , , ,Yes, , , ,51,,,77,,1015
-79.370921,43.648215,7850015,1369657,2013,2013-08-09T04:00:00.000Z,936,9,LOWER JARVIS St,THE ESPLANADE, ,Major Arterial,Toronto and East York,43.648215,-79.370921,Intersection, ,Traffic Signal,Clear,Daylight,Dry,Non-Fatal Injury,Pedestrian Collisions,Truck Driver,45 to 49,None,0,East,Truck - Open,Turning Right,Failed to Yield Right of Way,Normal, , , , , , ,Yes, , , ,Yes, , , , ,Yes, , , ,51,,,77,,1016
-79.370921,43.648215,7850016,1369657,2013,2013-08-09T04:00:00.000Z,936,9,LOWER JARVIS St,THE ESPLANADE, ,Major Arterial,Toronto and East York,43.648215,-79.370921,Intersection, ,Traffic Signal,Clear,Daylight,Dry,Non-Fatal Injury,Pedestrian Collisions,Pedestrian,85 to 89,Major,0,North,Other, , , ,Vehicle turns right while ped crosses with ROW at inter.,Crossing with right of way,Normal, , , ,Yes, , , ,Yes, , , , ,Yes, , , ,51,,,77,,1017
-79.372791,43.652632,80772695,7000267446,2017,2017-02-12T05:00:00.000Z,936,9,RICHMOND ST E,JARVIS ST, ,Major Arterial,Toronto and East York,43.652632,-79.372791,Intersection,At Intersection,Traffic Signal,Rain,Daylight,Packed Snow,Non-Fatal Injury,Pedestrian Collisions,Driver,30 to 34,None,0,West,"Automobile, Station Wagon",Going Ahead,Speed too Fast For Condition,Normal, , , , , , ,Yes, ,Yes, , , , ,Yes,Yes,Yes, , , ,51,,,73,,1018
-79.372791,43.652632,80772696,7000267446,2017,2017-02-12T05:00:00.000Z,936,9,RICHMOND ST E,JARVIS ST, ,Major Arterial,Toronto and East York,43.652632,-79.372791,Intersection,At Intersection,Traffic Signal,Rain,Daylight,Packed Snow,Non-Fatal Injury,Pedestrian Collisions,Passenger,40 to 44,None,0, , , , , , , , , , , ,Yes, ,Yes, , , , ,Yes,Yes,Yes, , , ,51,,,73,,1019
-79.372791,43.652632,80772697,7000267446,2017,2017-02-12T05:00:00.000Z,936,9,RICHMOND ST E,JARVIS ST, ,Major Arterial,Toronto and East York,43.652632,-79.372791,Intersection,At Intersection,Traffic Signal,Rain,Daylight,Packed Snow,Non-Fatal Injury,Pedestrian Collisions,Pedestrian,60 to 64,Major,0,Unknown, , , , ,Pedestrian hit on sidewalk or shoulder,On Sidewalk or Shoulder,Normal, , , ,Yes, ,Yes, , , , ,Yes,Yes,Yes, , , ,51,,,73,,1020
-79.407832,43.78337,81074989,8001716162,2018,2018-09-16T04:00:00.000Z,936,9,WILLOWDALE AVE,BISHOP AVE,10 m North of, , ,43.78337,-79.407832,Intersection,At Intersection,Traffic Signal,Clear,Daylight,Dry,Non-Fatal Injury,Angle,Driver,50 to 54,None,0,East,"Automobile, Station Wagon",Going Ahead,Disobeyed Traffic Control,Normal, , , , , , , , ,Yes, , , , ,Yes, ,Yes,Yes, , , ,,,50,,1021
-79.407832,43.78337,81074990,8001716162,2018,2018-09-16T04:00:00.000Z,936,9,WILLOWDALE AVE,BISHOP AVE,10 m North of, , ,43.78337,-79.407832,Intersection,At Intersection,Traffic Signal,Clear,Daylight,Dry,Non-Fatal Injury,Angle,Driver,55 to 59,None,0,North,"Automobile, Station Wagon",Going Ahead,Driving Properly,Normal, , , , , , , , ,Yes, , , , ,Yes, ,Yes,Yes, , , ,,,50,,1022
-79.407832,43.78337,81074991,8001716162,2018,2018-09-16T04:00:00.000Z,936,9,WILLOWDALE AVE,BISHOP AVE,10 m North of, , ,43.78337,-79.407832,Intersection,At Intersection,Traffic Signal,Clear,Daylight,Dry,Non-Fatal Injury,Angle,Passenger,50 to 54,Major,0, , , , , , , , , , , , , ,Yes, , , , ,Yes, ,Yes,Yes, , , ,,,50,,1023
-79.407832,43.78337,81074992,8001716162,2018,2018-09-16T04:00:00.000Z,936,9,WILLOWDALE AVE,BISHOP AVE,10 m North of, , ,43.78337,-79.407832,Intersection,At Intersection,Traffic Signal,Clear,Daylight,Dry,Non-Fatal Injury,Angle,Passenger,10 to 14,Minimal,0, , , , , , , , , , , , , ,Yes, , , , ,Yes, ,Yes,Yes, , , ,,,50,,1024
-79.467212,43.751868,8000010,3001005166,2013,2013-11-20T05:00:00.000Z,937,9,SHEPPARD AVE W,KODIAK CRES, ,Major Arterial,North York,43.751868,-79.467212,Intersection, ,Traffic Signal,Clear,Daylight,Dry,Fatal,Cyclist Collisions,Cyclist,20 to 24,Fatal,54,West,Bicycle,Going Ahead, , , , , ,"Motorist without ROW drives into path of cyclist at inter, lnwy, dwy-Driver not turn.",Driving Properly,Normal, ,Yes,Yes, , , , , ,Yes,Yes,Yes, , ,32,,,26,,1025
-79.467212,43.751868,8000106,3001005166,2013,2013-11-20T05:00:00.000Z,937,9,SHEPPARD AVE W,KODIAK CRES, ,Major Arterial,North York,43.751868,-79.467212,Intersection, ,Traffic Signal,Clear,Daylight,Dry,Fatal,Cyclist Collisions,Driver,20 to 24, ,0,North,"Automobile, Station Wagon",Going Ahead,Disobeyed Traffic Control,Unknown, , , , , , , ,Yes,Yes, , , , , ,Yes,Yes,Yes, , ,32,,,26,,1026
-79.35419,43.790245,5332866,1026057,2008,2008-02-23T05:00:00.000Z,940,9,DON MILLS RD,SENECA HILL DR, ,Major Arterial,North York,43.790245,-79.35419,Intersection,At Intersection,Traffic Signal,Clear,Daylight,Dry,Non-Fatal Injury,Angle,Passenger,15 to 19,Minimal,0, ,Other, , , , , , , , , , , ,Yes, , , , ,Yes, ,Yes,Yes, , ,33,,,47,,1027
-79.35419,43.790245,5332867,1026057,2008,2008-02-23T05:00:00.000Z,940,9,DON MILLS RD,SENECA HILL DR, ,Major Arterial,North York,43.790245,-79.35419,Intersection,At Intersection,Traffic Signal,Clear,Daylight,Dry,Non-Fatal Injury,Angle,Passenger,50 to 54,Minimal,0, ,Other, , , , , , , , , , , ,Yes, , , , ,Yes, ,Yes,Yes, , ,33,,,47,,1028
-79.35419,43.790245,5332868,1026057,2008,2008-02-23T05:00:00.000Z,940,9,DON MILLS RD,SENECA HILL DR, ,Major Arterial,North York,43.790245,-79.35419,Intersection,At Intersection,Traffic Signal,Clear,Daylight,Dry,Non-Fatal Injury,Angle,Driver,45 to 49,Major,0,East,"Automobile, Station Wagon",Going Ahead,Driving Properly,Normal, , , , , , , , ,Yes, , , , ,Yes, ,Yes,Yes, , ,33,,,47,,1029
-79.35419,43.790245,5332869,1026057,2008,2008-02-23T05:00:00.000Z,940,9,DON MILLS RD,SENECA HILL DR, ,Major Arterial,North York,43.790245,-79.35419,Intersection,At Intersection,Traffic Signal,Clear,Daylight,Dry,Non-Fatal Injury,Angle,Driver,35 to 39,Minor,0,South,"Automobile, Station Wagon",Going Ahead,Disobeyed Traffic Control,Normal, , , , , , , , ,Yes, , , , ,Yes, ,Yes,Yes, , ,33,,,47,,1030
-79.28019,43.828045,7390033,1283549,2012,2012-01-09T05:00:00.000Z,940,9,GOLDHAWK TRL,STRAWBERRY HILLS DR, ,Collector,Scarborough,43.828045,-79.28019,Intersection,At Intersection,Stop Sign,Clear,Daylight,Dry,Non-Fatal Injury,Pedestrian Collisions,Vehicle Owner,unknown, ,0, ,Other, , , , , , , , , ,Yes, ,Yes, , , , , , ,Yes, , , ,42,,,130,,1031