X,Y,Index_,ACCNUM,YEAR,DATE,TIME,Hour,STREET1,STREET2,OFFSET,ROAD_CLASS,District,LATITUDE,LONGITUDE,LOCCOORD,ACCLOC,TRAFFCTL,VISIBILITY,LIGHT,RDSFCOND,ACCLASS,IMPACTYPE,INVTYPE,INVAGE,INJURY,FATAL_NO,INITDIR,VEHTYPE,MANOEUVER,DRIVACT,DRIVCOND,PEDTYPE,PEDACT,PEDCOND,CYCLISTYPE,CYCACT,CYCCOND,PEDESTRIAN,CYCLIST,AUTOMOBILE,MOTORCYCLE,TRUCK,TRSN_CITY_,EMERG_VEH,PASSENGER,SPEEDING,AG_DRIV,REDLIGHT,ALCOHOL,DISABILITY,Division,Ward_Name,Ward_ID,Hood_ID,Hood_Name,ObjectId
-79.248081,43.736685,80208371,4002043758,2014,2014-05-09T04:00:00.000Z,954,9,EGLINTON AVE E,BRIMLEY RD, ,Major Arterial,Scarborough,43.736685,-79.248081,Intersection,Intersection Related,Traffic Signal,Clear,Daylight,Dry,Non-Fatal Injury,Angle,Driver,75 to 79,Major,0,West,"Automobile, Station Wagon",Going Ahead,Disobeyed Traffic Control,Medical or Physical Disability, , , , , , , , ,Yes, , , , , , ,Yes,Yes, ,Yes,"41,43",,,124,,1091
-79.248081,43.736685,80208372,4002043758,2014,2014-05-09T04:00:00.000Z,954,9,EGLINTON AVE E,BRIMLEY RD, ,Major Arterial,Scarborough,43.736685,-79.248081,Intersection,Intersection Related,Traffic Signal,Clear,Daylight,Dry,Non-Fatal Injury,Angle,Driver,60 to 64,Minor,0,South,"Automobile, Station Wagon",Going Ahead,Driving Properly,Normal, , , , , , , , ,Yes, , , , , , ,Yes,Yes, ,Yes,"41,43",,,124,,1092
-79.413997,43.789603,80485351,6000243323,2016,2016-02-10T05:00:00.000Z,954,9,WEDGEWOOD DR,TOBRUK CRES, ,Local,North York,43.789603,-79.413997,Intersection, ,Stop Sign,Clear,Daylight,Wet,Fatal,Pedestrian Collisions,Driver,45 to 49,Minimal,0,East,"Automobile, Station Wagon",Going Ahead,Lost control,Inattentive, , , , , , ,Yes, ,Yes, , , , , ,Yes,Yes, , , ,32,,,50,,1093
-79.413997,43.789603,80485352,6000243323,2016,2016-02-10T05:00:00.000Z,954,9,WEDGEWOOD DR,TOBRUK CRES, ,Local,North York,43.789603,-79.413997,Intersection, ,Stop Sign,Clear,Daylight,Wet,Fatal,Pedestrian Collisions,Pedestrian,80 to 84,Fatal,12,West, , , , ,Pedestrian hit on sidewalk or shoulder,On Sidewalk or Shoulder,Normal, , , ,Yes, ,Yes, , , , , ,Yes,Yes, , , ,32,,,50,,1094
-79.44969,43.748045,6118127,1158000,2010,2010-03-17T04:00:00.000Z,955,9,FAYWOOD Boul,BAINBRIDGE Aven, ,Collector,North York,43.748045,-79.44969,Intersection, ,Pedestrian Crossover,Clear,Daylight,Dry,Non-Fatal Injury,Pedestrian Collisions,Vehicle Owner,unknown, ,0, ,Other, , , , , , , , , ,Yes, ,Yes, , , , , ,Yes,Yes, , , ,32,,,33,,1095
-79.44969,43.748045,6118128,1158000,2010,2010-03-17T04:00:00.000Z,955,9,FAYWOOD Boul,BAINBRIDGE Aven, ,Collector,North York,43.748045,-79.44969,Intersection, ,Pedestrian Crossover,Clear,Daylight,Dry,Non-Fatal Injury,Pedestrian Collisions,Driver,55 to 59,None,0,North,"Automobile, Station Wagon",Going Ahead,Failed to Yield Right of Way,Inattentive, , , , , , ,Yes, ,Yes, , , , , ,Yes,Yes, , , ,32,,,33,,1096
-79.44969,43.748045,6118129,1158000,2010,2010-03-17T04:00:00.000Z,955,9,FAYWOOD Boul,BAINBRIDGE Aven, ,Collector,North York,43.748045,-79.44969,Intersection, ,Pedestrian Crossover,Clear,Daylight,Dry,Non-Fatal Injury,Pedestrian Collisions,Pedestrian,80 to 84,Major,0,East,Other, , , ,Pedestrian hit a PXO/ped. Mid-block signal,"Crossing, Pedestrian Crossover",Normal, , , ,Yes, ,Yes, , , , , ,Yes,Yes, , , ,32,,,33,,1097
-79.30009,43.825345,6217307,1200544,2010,2010-10-12T04:00:00.000Z,955,9,STEELES AVE E,OLD KENNEDY RD, ,Major Arterial,Scarborough,43.825345,-79.30009,Intersection,At Intersection,Traffic Signal,Clear,Daylight,Dry,Non-Fatal Injury,Pedestrian Collisions,Driver,75 to 79,None,0,South,"Automobile, Station Wagon",Turning Left,Failed to Yield Right of Way,Inattentive, , , , , , ,Yes, ,Yes, , , , , , ,Yes, , , ,42,,,0,,1098
-79.30009,43.825345,6217308,1200544,2010,2010-10-12T04:00:00.000Z,955,9,STEELES AVE E,OLD KENNEDY RD, ,Major Arterial,Scarborough,43.825345,-79.30009,Intersection,At Intersection,Traffic Signal,Clear,Daylight,Dry,Non-Fatal Injury,Pedestrian Collisions,Pedestrian,75 to 79,Minor,0,North,Other, , , ,Vehicle turns left while ped crosses with ROW at inter.,Crossing with right of way,Normal, , , ,Yes, ,Yes, , , , , , ,Yes, , , ,42,,,0,,1099
-79.30009,43.825345,6217309,1200544,2010,2010-10-12T04:00:00.000Z,955,9,STEELES AVE E,OLD KENNEDY RD, ,Major Arterial,Scarborough,43.825345,-79.30009,Intersection,At Intersection,Traffic Signal,Clear,Daylight,Dry,Non-Fatal Injury,Pedestrian Collisions,Pedestrian,75 to 79,Major,0,North,Other, , , ,Vehicle turns left while ped crosses with ROW at inter.,Crossing with right of way,Normal, , , ,Yes, ,Yes, , , , , , ,Yes, , , ,42,,,0,,1100
-79.56789,43.714145,6685866,1258477,2011,2011-10-03T04:00:00.000Z,640,6,KIPLING Aven,FROST Stre, ,Major Arterial,Etobicoke York,43.714145,-79.56789,Intersection, ,No Control,Rain,Daylight,Wet,Non-Fatal Injury,Pedestrian Collisions,Pedestrian,30 to 34,Major,0,West,Other, , , ,Vehicle is going straight thru inter.while ped cross without ROW,"Crossing, no Traffic Control",Normal, , , ,Yes, ,Yes, , , , , , ,Yes, , , ,23,,,1,,1101
-79.22589,43.842545,6141247,1167934,2010,2010-04-21T04:00:00.000Z,705,7,STEELES AVE E,NINTH LINE, ,Minor Arterial,Scarborough,43.842545,-79.22589,Intersection, ,No Control,Clear,Daylight,Dry,Non-Fatal Injury,Rear End,Driver,25 to 29,None,0,West,"Automobile, Station Wagon",Stopped,Driving Properly,Normal, , , , , , , , ,Yes, , , , , , ,Yes, , , ,42,,,0,,1102
-79.56529,43.737245,7454958,1311042,2012,2012-07-13T04:00:00.000Z,640,6,ALBION RD,ISLINGTON AVE, ,Major Arterial,Etobicoke York,43.737245,-79.56529,Intersection,At Intersection,Traffic Signal,Clear,Daylight,Dry,Non-Fatal Injury,Cyclist Collisions,Driver,75 to 79,None,0,South,"Automobile, Station Wagon",Going Ahead,Failed to Yield Right of Way,Normal, , , , , , , ,Yes,Yes, , , , , , ,Yes, , , ,23,,,3,,1103
-79.56529,43.737245,7454959,1311042,2012,2012-07-13T04:00:00.000Z,640,6,ALBION RD,ISLINGTON AVE, ,Major Arterial,Etobicoke York,43.737245,-79.56529,Intersection,At Intersection,Traffic Signal,Clear,Daylight,Dry,Non-Fatal Injury,Cyclist Collisions,Cyclist,35 to 39,Major,0,West,Bicycle,Going Ahead, , , , , ,"Motorist without ROW drives into path of cyclist at inter, lnwy, dwy-Driver not turn.",Driving Properly,Normal, ,Yes,Yes, , , , , , ,Yes, , , ,23,,,3,,1104
-79.40709,43.674845,7850389,1369816,2013,2013-06-13T04:00:00.000Z,640,6,SPADINA RD,DUPONT ST, ,Major Arterial,Toronto and East York,43.674845,-79.40709,Intersection,At Intersection,Traffic Signal,Rain,Daylight,Wet,Non-Fatal Injury,Approaching,Motorcycle Driver,40 to 44,Major,0,North,Motorcycle,Going Ahead,Driving Properly,Normal, , , , , , , , ,Yes,Yes, , , , , ,Yes, , , ,"14,53",,,95,,1105
-79.40709,43.674845,7850390,1369816,2013,2013-06-13T04:00:00.000Z,640,6,SPADINA RD,DUPONT ST, ,Major Arterial,Toronto and East York,43.674845,-79.40709,Intersection,At Intersection,Traffic Signal,Rain,Daylight,Wet,Non-Fatal Injury,Approaching,Driver,55 to 59,None,0,South,"Automobile, Station Wagon",Going Ahead,Following too Close,Normal, , , , , , , , ,Yes,Yes, , , , , ,Yes, , , ,"14,53",,,95,,1106
-79.448291,43.671546,7542674,1327099,2012,2012-11-23T05:00:00.000Z,643,6,DAVENPORT RD,LANSDOWNE AVE, ,Minor Arterial,Toronto and East York,43.671546,-79.448291,Intersection,At Intersection,Traffic Signal,Clear,"Dark, artificial",Dry,Fatal,Cyclist Collisions,Cyclist,35 to 39,Fatal,39,North,Bicycle,Going Ahead, , , , , ,"Cyclist without ROW rides into path of motorist at inter, lnwy, dwy-Cyclist not turn.", , , ,Yes,Yes, , , , , , ,Yes,Yes, , ,13,,,93,,1107
-79.448291,43.671546,7542675,1327099,2012,2012-11-23T05:00:00.000Z,643,6,DAVENPORT RD,LANSDOWNE AVE, ,Minor Arterial,Toronto and East York,43.671546,-79.448291,Intersection,At Intersection,Traffic Signal,Clear,"Dark, artificial",Dry,Fatal,Cyclist Collisions,Driver,60 to 64,None,0,East,Passenger Van,Going Ahead,Disobeyed Traffic Control,Normal, , , , , , , ,Yes,Yes, , , , , , ,Yes,Yes, , ,13,,,93,,1108
-79.43849,43.755445,6197401,1192115,2010,2010-08-25T04:00:00.000Z,855,8,BATHURST ST,SHEPPARD AVE W, ,Major Arterial,North York,43.755445,-79.43849,Intersection,At Intersection,Traffic Signal,Clear,Daylight,Dry,Non-Fatal Injury,Turning Movement,Driver,30 to 34,Minor,0,South,"Automobile, Station Wagon",Going Ahead,Disobeyed Traffic Control,Normal, , , , , , , , ,Yes, , , , ,Yes, ,Yes,Yes, , ,32,,,33,,1109
-79.448291,43.671546,7542676,1327099,2012,2012-11-23T05:00:00.000Z,643,6,DAVENPORT RD,LANSDOWNE AVE, ,Minor Arterial,Toronto and East York,43.671546,-79.448291,Intersection,At Intersection,Traffic Signal,Clear,"Dark, artificial",Dry,Fatal,Cyclist Collisions,Driver,20 to 24,None,0,West,"Automobile, Station Wagon",Going Ahead,Driving Properly,Unknown, , , , , , , ,Yes,Yes, , , , , , ,Yes,Yes, , ,13,,,93,,1110
-79.537273,43.717013,80218396,4002906646,2014,2014-09-14T04:00:00.000Z,643,6,WALSH AVE,WESTON N WALSH RAMP, ,Major Arterial,Etobicoke York,43.717013,-79.537273,Intersection,At Intersection,Traffic Signal,Clear,Daylight,Dry,Non-Fatal Injury,Turning Movement,Driver,60 to 64,Minor,0,North,"Automobile, Station Wagon",Turning Left,Disobeyed Traffic Control,Normal, , , , , , , , ,Yes, , , , , , ,Yes,Yes, , ,31,,,23,,1111
-79.537273,43.717013,80218397,4002906646,2014,2014-09-14T04:00:00.000Z,643,6,WALSH AVE,WESTON N WALSH RAMP, ,Major Arterial,Etobicoke York,43.717013,-79.537273,Intersection,At Intersection,Traffic Signal,Clear,Daylight,Dry,Non-Fatal Injury,Turning Movement,Driver,65 to 69,Major,0,East,"Automobile, Station Wagon",Going Ahead,Driving Properly,Normal, , , , , , , , ,Yes, , , , , , ,Yes,Yes, , ,31,,,23,,1112
-79.301936,43.812129,80000072,5000275153,2015,2015-02-16T05:00:00.000Z,644,6,KENNEDY RD,MCNICOLL AVE, ,Major Arterial,Scarborough,43.812129,-79.301936,Intersection,At Intersection,Traffic Signal,Clear,Dawn,Dry,Fatal,Pedestrian Collisions,Pedestrian,65 to 69,Fatal,6,East, , , , ,Vehicle is going straight thru inter.while ped cross with ROW,Crossing with right of way,Unknown, , , ,Yes, ,Yes, , , , , , ,Yes,Yes, , ,42,,,130,,1113
-79.301936,43.812129,8000403,5000275153,2015,2015-02-16T05:00:00.000Z,644,6,KENNEDY RD,MCNICOLL AVE, ,Major Arterial,Scarborough,43.812129,-79.301936,Intersection,At Intersection,Traffic Signal,Clear,Dawn,Dry,Fatal,Pedestrian Collisions,Driver,35 to 39,None,0,North,"Automobile, Station Wagon",Going Ahead,Disobeyed Traffic Control,Normal, , , , , , ,Yes, ,Yes, , , , , , ,Yes,Yes, , ,42,,,130,,1114
-79.311847,43.683406,80159333,4002017268,2014,2014-05-05T04:00:00.000Z,644,6,WOODBINE AVE,MERRILL AVE E, ,Major Arterial,Toronto and East York,43.683406,-79.311847,Intersection,Intersection Related,Stop Sign,Clear,Daylight,Dry,Non-Fatal Injury,Cyclist Collisions,Driver,25 to 29,None,0,East,"Automobile, Station Wagon",Turning Left,Failed to Yield Right of Way,Normal, , , , , , , ,Yes,Yes, , , , ,Yes, ,Yes, , , ,55,,,64,,1115
-79.311847,43.683406,80159334,4002017268,2014,2014-05-05T04:00:00.000Z,644,6,WOODBINE AVE,MERRILL AVE E, ,Major Arterial,Toronto and East York,43.683406,-79.311847,Intersection,Intersection Related,Stop Sign,Clear,Daylight,Dry,Non-Fatal Injury,Cyclist Collisions,Passenger,25 to 29,None,0, , , , , , , , , , , , ,Yes,Yes, , , , ,Yes, ,Yes, , , ,55,,,64,,1116
-79.311847,43.683406,80159335,4002017268,2014,2014-05-05T04:00:00.000Z,644,6,WOODBINE AVE,MERRILL AVE E, ,Major Arterial,Toronto and East York,43.683406,-79.311847,Intersection,Intersection Related,Stop Sign,Clear,Daylight,Dry,Non-Fatal Injury,Cyclist Collisions,Passenger,unknown,None,0, , , , , , , , , , , , ,Yes,Yes, , , , ,Yes, ,Yes, , , ,55,,,64,,1117
-79.311847,43.683406,80159336,4002017268,2014,2014-05-05T04:00:00.000Z,644,6,WOODBINE AVE,MERRILL AVE E, ,Major Arterial,Toronto and East York,43.683406,-79.311847,Intersection,Intersection Related,Stop Sign,Clear,Daylight,Dry,Non-Fatal Injury,Cyclist Collisions,Passenger,unknown,None,0, , , , , , , , , , , , ,Yes,Yes, , , , ,Yes, ,Yes, , , ,55,,,64,,1118
-79.311847,43.683406,80159337,4002017268,2014,2014-05-05T04:00:00.000Z,644,6,WOODBINE AVE,MERRILL AVE E, ,Major Arterial,Toronto and East York,43.683406,-79.311847,Intersection,Intersection Related,Stop Sign,Clear,Daylight,Dry,Non-Fatal Injury,Cyclist Collisions,Cyclist,55 to 59,Major,0,South,Bicycle,Going Ahead, , , , , ,Motorist turned left across cyclists path.,Driving Properly,Normal, ,Yes,Yes, , , , ,Yes, ,Yes, , , ,55,,,64,,1119
-79.279865,43.735224,80177277,4003112757,2014,2014-10-16T04:00:00.000Z,644,6,BERTRAND AVE,BIRCHMOUNT RD, ,Major Arterial,Scarborough,43.735224,-79.279865,Intersection,At Intersection,Traffic Signal,Clear,"Dark, artificial",Dry,Non-Fatal Injury,Pedestrian Collisions,Driver,65 to 69,None,0,East,"Automobile, Station Wagon",Turning Left,Failed to Yield Right of Way,Normal, , , , , , ,Yes, ,Yes, , , , , , ,Yes, , , ,41,,,119,,1120
-79.279865,43.735224,80177278,4003112757,2014,2014-10-16T04:00:00.000Z,644,6,BERTRAND AVE,BIRCHMOUNT RD, ,Major Arterial,Scarborough,43.735224,-79.279865,Intersection,At Intersection,Traffic Signal,Clear,"Dark, artificial",Dry,Non-Fatal Injury,Pedestrian Collisions,Pedestrian,55 to 59,Major,0,West, , , , ,Vehicle turns left while ped crosses with ROW at inter.,Crossing with right of way,Normal, , , ,Yes, ,Yes, , , , , , ,Yes, , , ,41,,,119,,1121
-79.482837,43.688296,7420895,1296801,2012,2012-06-01T04:00:00.000Z,645,6,BLACK CREEK DR,EGLINTON AVE W, ,Major Arterial,Etobicoke York,43.688296,-79.482837,Intersection,At Intersection,Traffic Signal,Rain,Daylight,Wet,Non-Fatal Injury,Angle,Vehicle Owner,unknown, ,0, , , , , , , , , , , , , ,Yes, , , , ,Yes, ,Yes,Yes, , ,12,,,110,,1122
-79.482837,43.688296,7420896,1296801,2012,2012-06-01T04:00:00.000Z,645,6,BLACK CREEK DR,EGLINTON AVE W, ,Major Arterial,Etobicoke York,43.688296,-79.482837,Intersection,At Intersection,Traffic Signal,Rain,Daylight,Wet,Non-Fatal Injury,Angle,Driver,50 to 54,None,0,East,"Automobile, Station Wagon",Going Ahead,Driving Properly,Normal, , , , , , , , ,Yes, , , , ,Yes, ,Yes,Yes, , ,12,,,110,,1123
-79.482837,43.688296,7420897,1296801,2012,2012-06-01T04:00:00.000Z,645,6,BLACK CREEK DR,EGLINTON AVE W, ,Major Arterial,Etobicoke York,43.688296,-79.482837,Intersection,At Intersection,Traffic Signal,Rain,Daylight,Wet,Non-Fatal Injury,Angle,Passenger,55 to 59,Major,0, , , , , , , , , , , , , ,Yes, , , , ,Yes, ,Yes,Yes, , ,12,,,110,,1124
-79.482837,43.688296,7420898,1296801,2012,2012-06-01T04:00:00.000Z,645,6,BLACK CREEK DR,EGLINTON AVE W, ,Major Arterial,Etobicoke York,43.688296,-79.482837,Intersection,At Intersection,Traffic Signal,Rain,Daylight,Wet,Non-Fatal Injury,Angle,Driver,45 to 49,Minor,0,South,"Automobile, Station Wagon",Going Ahead,Disobeyed Traffic Control,Normal, , , , , , , , ,Yes, , , , ,Yes, ,Yes,Yes, , ,12,,,110,,1125
-79.482837,43.688296,7420899,1296801,2012,2012-06-01T04:00:00.000Z,645,6,BLACK CREEK DR,EGLINTON AVE W, ,Major Arterial,Etobicoke York,43.688296,-79.482837,Intersection,At Intersection,Traffic Signal,Rain,Daylight,Wet,Non-Fatal Injury,Angle,Vehicle Owner,unknown, ,0, , , , , , , , , , , , , ,Yes, , , , ,Yes, ,Yes,Yes, , ,12,,,110,,1126
-79.482837,43.688296,7420900,1296801,2012,2012-06-01T04:00:00.000Z,645,6,BLACK CREEK DR,EGLINTON AVE W, ,Major Arterial,Etobicoke York,43.688296,-79.482837,Intersection,At Intersection,Traffic Signal,Rain,Daylight,Wet,Non-Fatal Injury,Angle,Driver,40 to 44,Minor,0,East,"Automobile, Station Wagon",Going Ahead,Driving Properly,Normal, , , , , , , , ,Yes, , , , ,Yes, ,Yes,Yes, , ,12,,,110,,1127
-79.429553,43.718352,80631904,4003298111,2014,2014-11-14T05:00:00.000Z,645,6,BATHURST ST,FAIRHOLME AVE,5 m North of,Major Arterial,North York,43.718352,-79.429553,Intersection,At Intersection,No Control,Clear,"Dawn, artificial",Dry,Non-Fatal Injury,Pedestrian Collisions,Driver,60 to 64,None,0,North,"Automobile, Station Wagon",Turning Left,Failed to Yield Right of Way,Inattentive, , , , , , ,Yes, ,Yes, , , , , , ,Yes, , , ,"13,53",,,39,,1128
-79.429553,43.718352,80631905,4003298111,2014,2014-11-14T05:00:00.000Z,645,6,BATHURST ST,FAIRHOLME AVE,5 m North of,Major Arterial,North York,43.718352,-79.429553,Intersection,At Intersection,No Control,Clear,"Dawn, artificial",Dry,Non-Fatal Injury,Pedestrian Collisions,Pedestrian,50 to 54,Major,0,North, , , , ,Vehicle turns left while ped crosses with ROW at inter.,Crossing with right of way,Normal, , , ,Yes, ,Yes, , , , , , ,Yes, , , ,"13,53",,,39,,1129
-79.451099,43.697844,80784063,7001784038,2017,2017-10-02T04:00:00.000Z,645,6,WHITMORE AVE,DUFFERIN ST, ,Major Arterial,North York,43.697844,-79.451099,Intersection,At Intersection,Traffic Signal,Clear,Daylight,Dry,Non-Fatal Injury,Pedestrian Collisions,Driver,35 to 39,None,0,North,"Automobile, Station Wagon",Going Ahead,Driving Properly,Normal, , , , , , ,Yes, ,Yes, , , , , ,Yes,Yes, , , ,13,,,108,,1130
-79.451099,43.697844,80784064,7001784038,2017,2017-10-02T04:00:00.000Z,645,6,WHITMORE AVE,DUFFERIN ST, ,Major Arterial,North York,43.697844,-79.451099,Intersection,At Intersection,Traffic Signal,Clear,Daylight,Dry,Non-Fatal Injury,Pedestrian Collisions,Pedestrian,35 to 39,Major,0,East, , , , ,Vehicle is going straight thru inter.while ped cross without ROW,Crossing marked crosswalk without ROW,Inattentive, , , ,Yes, ,Yes, , , , , ,Yes,Yes, , , ,13,,,108,,1131
-79.519672,43.765898,6806528,1270884,2011,2011-12-21T05:00:00.000Z,706,7,JANE ST,DRIFTWOOD AVE, ,Major Arterial,Etobicoke York,43.765898,-79.519672,Intersection,At Intersection,Traffic Signal,Rain,"Dark, artificial",Wet,Fatal,Pedestrian Collisions,Pedestrian,25 to 29,Fatal,34,East,Other, , , ,Vehicle turns left while ped crosses with ROW at inter.,Crossing with right of way,Normal, , , ,Yes, , , , ,Yes, , , ,Yes, , , ,31,,,24,,1132
-79.38602,43.655169,80971858,8001780816,2018,2018-09-26T04:00:00.000Z,645,6,DUNDAS ST W,CHESTNUT ST, ,Major Arterial,Toronto and East York,43.655169,-79.38602,Intersection,At Intersection,Traffic Signal,Clear,"Dawn, artificial",Dry,Non-Fatal Injury,Pedestrian Collisions,Driver,55 to 59,None,0,West,"Automobile, Station Wagon",Turning Left,Failed to Yield Right of Way,Normal, , , , , , ,Yes, ,Yes, , , , , , ,Yes, , , ,52,,,76,,1133
-79.38602,43.655169,80971859,8001780816,2018,2018-09-26T04:00:00.000Z,645,6,DUNDAS ST W,CHESTNUT ST, ,Major Arterial,Toronto and East York,43.655169,-79.38602,Intersection,At Intersection,Traffic Signal,Clear,"Dawn, artificial",Dry,Non-Fatal Injury,Pedestrian Collisions,Pedestrian,55 to 59,Major,0,East, , , , ,Vehicle turns left while ped crosses with ROW at inter., ,Normal, , , ,Yes, ,Yes, , , , , , ,Yes, , , ,52,,,76,,1134
-79.332187,43.737483,80885750,8000388134,2018,2018-03-02T05:00:00.000Z,649,6,DON VALLEY PARKWAY  S,LAWRENCE AVE E,200 m South of,Expressway,North York,43.737483,-79.332187,Mid-Block,Non Intersection,No Control,Clear,Daylight,Wet,Non-Fatal Injury,Rear End,Passenger,50 to 54,None,0, , , , , , , , , , , , , ,Yes, , , , ,Yes, ,Yes, , , ,33,,,42,,1135
-79.332187,43.737483,80885751,8000388134,2018,2018-03-02T05:00:00.000Z,649,6,DON VALLEY PARKWAY  S,LAWRENCE AVE E,200 m South of,Expressway,North York,43.737483,-79.332187,Mid-Block,Non Intersection,No Control,Clear,Daylight,Wet,Non-Fatal Injury,Rear End,Driver,50 to 54,None,0,South,"Automobile, Station Wagon",Stopped,Driving Properly,Normal, , , , , , , , ,Yes, , , , ,Yes, ,Yes, , , ,33,,,42,,1136
-79.332187,43.737483,80885752,8000388134,2018,2018-03-02T05:00:00.000Z,649,6,DON VALLEY PARKWAY  S,LAWRENCE AVE E,200 m South of,Expressway,North York,43.737483,-79.332187,Mid-Block,Non Intersection,No Control,Clear,Daylight,Wet,Non-Fatal Injury,Rear End,Driver,30 to 34,None,0,South,"Automobile, Station Wagon",Stopped,Driving Properly,Normal, , , , , , , , ,Yes, , , , ,Yes, ,Yes, , , ,33,,,42,,1137
-79.332187,43.737483,80885753,8000388134,2018,2018-03-02T05:00:00.000Z,649,6,DON VALLEY PARKWAY  S,LAWRENCE AVE E,200 m South of,Expressway,North York,43.737483,-79.332187,Mid-Block,Non Intersection,No Control,Clear,Daylight,Wet,Non-Fatal Injury,Rear End,Driver,50 to 54,Major,0,South,"Automobile, Station Wagon",Stopped,Driving Properly,Normal, , , , , , , , ,Yes, , , , ,Yes, ,Yes, , , ,33,,,42,,1138
-79.332187,43.737483,80885754,8000388134,2018,2018-03-02T05:00:00.000Z,649,6,DON VALLEY PARKWAY  S,LAWRENCE AVE E,200 m South of,Expressway,North York,43.737483,-79.332187,Mid-Block,Non Intersection,No Control,Clear,Daylight,Wet,Non-Fatal Injury,Rear End,Driver,40 to 44,None,0,South,School Bus,Going Ahead,Following too Close,Normal, , , , , , , , ,Yes, , , , ,Yes, ,Yes, , , ,33,,,42,,1139
-79.470042,43.787211,80943456,7001989464,2017,2017-11-03T04:00:00.000Z,649,6,DUFFERIN ST,STEELES  AVE W,1 m West of,Major Arterial,North York,43.787211,-79.470042,Intersection,At Intersection,Traffic Signal,Rain,"Dark, artificial",Wet,Non-Fatal Injury,Pedestrian Collisions,Pedestrian,60 to 64,Major,0,South, , , , ,Vehicle turns right while ped crosses with ROW at inter.,Crossing with right of way,Normal, , , ,Yes, ,Yes, , , , , , ,Yes, , , ,32,,,34,,1140
-79.470042,43.787211,80943457,7001989464,2017,2017-11-03T04:00:00.000Z,649,6,DUFFERIN ST,STEELES  AVE W,1 m West of,Major Arterial,North York,43.787211,-79.470042,Intersection,At Intersection,Traffic Signal,Rain,"Dark, artificial",Wet,Non-Fatal Injury,Pedestrian Collisions,Driver,35 to 39,None,0,South,Pick Up Truck,Turning Right,Failed to Yield Right of Way,Normal, , , , , , ,Yes, ,Yes, , , , , , ,Yes, , , ,32,,,34,,1141
-79.33224,43.740267,80153767,4008010238,2014,2014-03-07T05:00:00.000Z,650,6,DON VALLEY PARKWAY  S,LAWRENCE AVE E, ,Expressway,North York,43.740267,-79.33224,Mid-Block,Non Intersection,No Control,Clear,Daylight,Dry,Non-Fatal Injury,Rear End,Driver,60 to 64,Major,0,South,"Automobile, Station Wagon",Stopped,Driving Properly,Normal, , , , , , , , ,Yes, , , , , , ,Yes, , , ,33,,,42,,1142
-79.33224,43.740267,80153768,4008010238,2014,2014-03-07T05:00:00.000Z,650,6,DON VALLEY PARKWAY  S,LAWRENCE AVE E, ,Expressway,North York,43.740267,-79.33224,Mid-Block,Non Intersection,No Control,Clear,Daylight,Dry,Non-Fatal Injury,Rear End,Driver,25 to 29,Major,0,South,"Automobile, Station Wagon",Slowing or Stopping,Following too Close,Inattentive, , , , , , , , ,Yes, , , , , , ,Yes, , , ,33,,,42,,1143
-79.32027,43.675261,80630546,4002412292,2014,2014-07-02T04:00:00.000Z,650,6,COXWELL AVE,GERRARD ST E,1 m North of,Minor Arterial,Toronto and East York,43.675261,-79.32027,Intersection,At Intersection,Traffic Signal,Clear,Daylight,Dry,Non-Fatal Injury,SMV Other,Driver,65 to 69,Major,0,North,"Automobile, Station Wagon",Turning Right,Lost control,Normal, , , , , , , , ,Yes, , , , , ,Yes,Yes, , , ,55,,,64,,1144
-79.263149,43.77521,81070986,8002388715,2018,2018-12-31T05:00:00.000Z,650,6,BRIMLEY RD,PROGRESS AVE, ,Major Arterial, ,43.77521,-79.263149,Intersection,At Intersection,Traffic Signal,Clear,"Dark, artificial",Wet,Non-Fatal Injury,Angle,Driver,60 to 64,None,0,South,"Automobile, Station Wagon",Going Ahead,Disobeyed Traffic Control,Normal, , , , , , , , ,Yes, , , , ,Yes,Yes,Yes,Yes, , ,"41,43",,,127,,1145
-79.263149,43.77521,81070987,8002388715,2018,2018-12-31T05:00:00.000Z,650,6,BRIMLEY RD,PROGRESS AVE, ,Major Arterial, ,43.77521,-79.263149,Intersection,At Intersection,Traffic Signal,Clear,"Dark, artificial",Wet,Non-Fatal Injury,Angle,Driver,20 to 24,Major,0,West,"Automobile, Station Wagon",Going Ahead,Driving Properly,Normal, , , , , , , , ,Yes, , , , ,Yes,Yes,Yes,Yes, , ,"41,43",,,127,,1146
-79.263149,43.77521,81070988,8002388715,2018,2018-12-31T05:00:00.000Z,650,6,BRIMLEY RD,PROGRESS AVE, ,Major Arterial, ,43.77521,-79.263149,Intersection,At Intersection,Traffic Signal,Clear,"Dark, artificial",Wet,Non-Fatal Injury,Angle,Passenger,55 to 59,None,0, , , , , , , , , , , , , ,Yes, , , , ,Yes,Yes,Yes,Yes, , ,"41,43",,,127,,1147
-79.45329,43.714145,7529119,1323544,2012,2012-11-01T04:00:00.000Z,652,6,LAWRENCE AVE W,CORONA ST, ,Major Arterial,North York,43.714145,-79.45329,Mid-Block, ,No Control,Rain,Dark,Wet,Fatal,Pedestrian Collisions,Passenger,45 to 49,None,0, ,Other, , , , , , , , , ,Yes, ,Yes, , , , ,Yes, ,Yes, , , ,"32,13",,,31,,1148