X,Y,Index_,ACCNUM,YEAR,DATE,TIME,Hour,STREET1,STREET2,OFFSET,ROAD_CLASS,District,LATITUDE,LONGITUDE,LOCCOORD,ACCLOC,TRAFFCTL,VISIBILITY,LIGHT,RDSFCOND,ACCLASS,IMPACTYPE,INVTYPE,INVAGE,INJURY,FATAL_NO,INITDIR,VEHTYPE,MANOEUVER,DRIVACT,DRIVCOND,PEDTYPE,PEDACT,PEDCOND,CYCLISTYPE,CYCACT,CYCCOND,PEDESTRIAN,CYCLIST,AUTOMOBILE,MOTORCYCLE,TRUCK,TRSN_CITY_,EMERG_VEH,PASSENGER,SPEEDING,AG_DRIV,REDLIGHT,ALCOHOL,DISABILITY,Division,Ward_Name,Ward_ID,Hood_ID,Hood_Name,ObjectId
-79.54669,43.697045,7527223,1277329,2012,2012-01-26T05:00:00.000Z,903,9,DIXON RD,ISLINGTON AVE, ,Major Arterial,Etobicoke York,43.697045,-79.54669,Intersection,At Intersection,Traffic Signal,Clear,Daylight,Wet,Fatal,Turning Movement,Driver,65 to 69,Minor,0,West,"Automobile, Station Wagon",Going Ahead,Driving Properly,Normal, , , , , , , , ,Yes, , ,Yes, ,Yes, ,Yes, , , ,23,,,6,,1383
-79.38889,43.648845,6192189,1189933,2010,2010-08-13T04:00:00.000Z,904,9,DUNCAN ST,NELSON ST, ,Collector,Toronto and East York,43.648845,-79.38889,Intersection,At Intersection,Stop Sign,Clear,Daylight,Dry,Non-Fatal Injury,Angle,Driver,35 to 39,None,0,East,"Automobile, Station Wagon",Going Ahead,Disobeyed Traffic Control,Inattentive, , , , , , , , ,Yes, , , , , , ,Yes, , , ,52,,,77,,1384
-79.38889,43.648845,6192190,1189933,2010,2010-08-13T04:00:00.000Z,904,9,DUNCAN ST,NELSON ST, ,Collector,Toronto and East York,43.648845,-79.38889,Intersection,At Intersection,Stop Sign,Clear,Daylight,Dry,Non-Fatal Injury,Angle,Driver,45 to 49,Major,0,South,Other,Going Ahead,Driving Properly,Unknown, , , , , , , , ,Yes, , , , , , ,Yes, , , ,52,,,77,,1385
-79.36689,43.654245,5332460,1025897,2008,2008-02-20T05:00:00.000Z,905,9,ONTARIO ST,RICHMOND ST E, ,Local,Toronto and East York,43.654245,-79.36689,Mid-Block,At Intersection,No Control,Clear,Daylight,Ice,Non-Fatal Injury,Pedestrian Collisions,Driver,50 to 54,None,0,South,"Automobile, Station Wagon",Reversing,Failed to Yield Right of Way,Normal, , , , , , ,Yes, ,Yes, , , , , , ,Yes, , , ,51,,,73,,1386
-79.36689,43.654245,5332461,1025897,2008,2008-02-20T05:00:00.000Z,905,9,ONTARIO ST,RICHMOND ST E, ,Local,Toronto and East York,43.654245,-79.36689,Mid-Block,At Intersection,No Control,Clear,Daylight,Ice,Non-Fatal Injury,Pedestrian Collisions,Pedestrian,25 to 29,Major,0,East,Other, , , ,Vehicle is reversing and hits pedestrian,"Crossing, no Traffic Control",Normal, , , ,Yes, ,Yes, , , , , , ,Yes, , , ,51,,,73,,1387
-79.38659,43.650845,6209549,1197349,2010,2010-07-29T04:00:00.000Z,905,9,UNIVERSITY AVE,QUEEN ST W, ,Major Arterial,Toronto and East York,43.650845,-79.38659,Intersection,At Intersection,Traffic Signal,Clear,Daylight,Dry,Non-Fatal Injury,Cyclist Collisions,Driver,50 to 54,None,0,North,"Automobile, Station Wagon",Going Ahead,Disobeyed Traffic Control,Inattentive, , , , , , , ,Yes,Yes, , , , , , ,Yes,Yes, , ,52,,,76,,1388
-79.38659,43.650845,6209550,1197349,2010,2010-07-29T04:00:00.000Z,905,9,UNIVERSITY AVE,QUEEN ST W, ,Major Arterial,Toronto and East York,43.650845,-79.38659,Intersection,At Intersection,Traffic Signal,Clear,Daylight,Dry,Non-Fatal Injury,Cyclist Collisions,Cyclist,35 to 39,Major,0,West,Bicycle,Going Ahead, , , , , ,"Motorist without ROW drives into path of cyclist at inter, lnwy, dwy-Driver not turn.",Disobeyed Traffic Control,Inattentive, ,Yes,Yes, , , , , , ,Yes,Yes, , ,52,,,76,,1389
-79.29829,43.744545,7425441,1298747,2012,2012-06-13T04:00:00.000Z,905,9,LAWRENCE AVE E,TOWER DR, ,Major Arterial,Scarborough,43.744545,-79.29829,Intersection,At Intersection,No Control,Clear,Daylight,Dry,Non-Fatal Injury,Turning Movement,Vehicle Owner,unknown, ,0, ,Other, , , , , , , , , , , ,Yes, , ,Yes, ,Yes, ,Yes, , , ,41,,,119,,1390
-79.29829,43.744545,7425442,1298747,2012,2012-06-13T04:00:00.000Z,905,9,LAWRENCE AVE E,TOWER DR, ,Major Arterial,Scarborough,43.744545,-79.29829,Intersection,At Intersection,No Control,Clear,Daylight,Dry,Non-Fatal Injury,Turning Movement,Driver,40 to 44,Major,0,East,"Automobile, Station Wagon",Turning Left,Failed to Yield Right of Way,Inattentive, , , , , , , , ,Yes, , ,Yes, ,Yes, ,Yes, , , ,41,,,119,,1391
-79.29829,43.744545,7425443,1298747,2012,2012-06-13T04:00:00.000Z,905,9,LAWRENCE AVE E,TOWER DR, ,Major Arterial,Scarborough,43.744545,-79.29829,Intersection,At Intersection,No Control,Clear,Daylight,Dry,Non-Fatal Injury,Turning Movement,Passenger,20 to 24,Minor,0, ,Other, , , , , , , , , , , ,Yes, , ,Yes, ,Yes, ,Yes, , , ,41,,,119,,1392
-79.29829,43.744545,7425444,1298747,2012,2012-06-13T04:00:00.000Z,905,9,LAWRENCE AVE E,TOWER DR, ,Major Arterial,Scarborough,43.744545,-79.29829,Intersection,At Intersection,No Control,Clear,Daylight,Dry,Non-Fatal Injury,Turning Movement,Vehicle Owner,unknown, ,0, ,Other, , , , , , , , , , , ,Yes, , ,Yes, ,Yes, ,Yes, , , ,41,,,119,,1393
-79.29829,43.744545,7425445,1298747,2012,2012-06-13T04:00:00.000Z,905,9,LAWRENCE AVE E,TOWER DR, ,Major Arterial,Scarborough,43.744545,-79.29829,Intersection,At Intersection,No Control,Clear,Daylight,Dry,Non-Fatal Injury,Turning Movement,Vehicle Owner,unknown, ,0, ,Other, , , , , , , , , , , ,Yes, , ,Yes, ,Yes, ,Yes, , , ,41,,,119,,1394
-79.29829,43.744545,7425446,1298747,2012,2012-06-13T04:00:00.000Z,905,9,LAWRENCE AVE E,TOWER DR, ,Major Arterial,Scarborough,43.744545,-79.29829,Intersection,At Intersection,No Control,Clear,Daylight,Dry,Non-Fatal Injury,Turning Movement,Driver,50 to 54,Minor,0,West,Municipal Transit Bus (TTC),Going Ahead,Driving Properly,Normal, , , , , , , , ,Yes, , ,Yes, ,Yes, ,Yes, , , ,41,,,119,,1395
-79.336421,43.816786,80774687,7000578380,2017,2017-04-02T04:00:00.000Z,905,9,PHARMACY AVE,STEELES AVE E, ,Major Arterial,Scarborough,43.816786,-79.336421,Intersection,At Intersection,Traffic Signal,Clear,Daylight,Dry,Non-Fatal Injury,Pedestrian Collisions,Driver,65 to 69,None,0,South,"Automobile, Station Wagon",Turning Left,Failed to Yield Right of Way,Inattentive, , , , , , ,Yes, ,Yes, , , , , , ,Yes, , , ,42,,,116,,1396
-79.336421,43.816786,80774688,7000578380,2017,2017-04-02T04:00:00.000Z,905,9,PHARMACY AVE,STEELES AVE E, ,Major Arterial,Scarborough,43.816786,-79.336421,Intersection,At Intersection,Traffic Signal,Clear,Daylight,Dry,Non-Fatal Injury,Pedestrian Collisions,Pedestrian,60 to 64,Major,0,Unknown, , , , ,Vehicle turns left while ped crosses with ROW at inter.,Crossing with right of way,Normal, , , ,Yes, ,Yes, , , , , , ,Yes, , , ,42,,,116,,1397
-79.24805,43.736624,80775799,7000501226,2017,2017-03-21T04:00:00.000Z,905,9,EGLINTON AVE E,BRIMLEY RD, ,Major Arterial,Scarborough,43.736624,-79.24805,Intersection,At Intersection,Traffic Signal,Clear,Daylight,Dry,Non-Fatal Injury,Pedestrian Collisions,Driver,60 to 64,None,0,South,"Automobile, Station Wagon",Turning Left,Failed to Yield Right of Way,Unknown, , , , , , ,Yes, ,Yes, , , , , , ,Yes, , , ,"41,43",,,124,,1398
-79.24805,43.736624,80775800,7000501226,2017,2017-03-21T04:00:00.000Z,905,9,EGLINTON AVE E,BRIMLEY RD, ,Major Arterial,Scarborough,43.736624,-79.24805,Intersection,At Intersection,Traffic Signal,Clear,Daylight,Dry,Non-Fatal Injury,Pedestrian Collisions,Pedestrian,75 to 79,Major,0,North, , , , ,Vehicle turns left while ped crosses with ROW at inter.,Crossing with right of way,Normal, , , ,Yes, ,Yes, , , , , , ,Yes, , , ,"41,43",,,124,,1399
-79.409839,43.757266,80944859,8001078053,2018,2018-06-14T04:00:00.000Z,905,9,CAMERON  AVE,YONGE ST, ,Expressway,North York,43.757266,-79.409839,Intersection,At Intersection,Stop Sign,Clear,Daylight,Dry,Non-Fatal Injury,Pedestrian Collisions,Driver,50 to 54,None,0,East,"Automobile, Station Wagon",Turning Right,Failed to Yield Right of Way,Normal, , , , , , ,Yes, ,Yes, , , , , , ,Yes, , , ,32,,,51,,1400
-79.409839,43.757266,80944875,8001078053,2018,2018-06-14T04:00:00.000Z,905,9,CAMERON  AVE,YONGE ST, ,Expressway,North York,43.757266,-79.409839,Intersection,At Intersection,Stop Sign,Clear,Daylight,Dry,Non-Fatal Injury,Pedestrian Collisions,Pedestrian,45 to 49,Major,0,Unknown, , , , ,Vehicle turns right while ped crosses with ROW at inter.,Crossing with right of way,Normal, , , ,Yes, ,Yes, , , , , , ,Yes, , , ,32,,,51,,1401
-79.259914,43.716838,7376869,1275046,2012,2012-01-15T05:00:00.000Z,906,9,ST CLAIR AVE E,DANFORTH RD, ,Major Arterial,Scarborough,43.716838,-79.259914,Intersection, ,Traffic Signal,Clear,Daylight,Dry,Non-Fatal Injury,Angle,Vehicle Owner,unknown, ,0, ,Other, , , , , , , , , , , ,Yes, , , , , , ,Yes,Yes, , ,41,,,120,,1402
-79.259914,43.716838,7376870,1275046,2012,2012-01-15T05:00:00.000Z,906,9,ST CLAIR AVE E,DANFORTH RD, ,Major Arterial,Scarborough,43.716838,-79.259914,Intersection, ,Traffic Signal,Clear,Daylight,Dry,Non-Fatal Injury,Angle,Driver,55 to 59,Minor,0,South,"Automobile, Station Wagon",Going Ahead,Driving Properly,Normal, , , , , , , , ,Yes, , , , , , ,Yes,Yes, , ,41,,,120,,1403
-79.259914,43.716838,7376871,1275046,2012,2012-01-15T05:00:00.000Z,906,9,ST CLAIR AVE E,DANFORTH RD, ,Major Arterial,Scarborough,43.716838,-79.259914,Intersection, ,Traffic Signal,Clear,Daylight,Dry,Non-Fatal Injury,Angle,Driver,60 to 64,Major,0,East,"Automobile, Station Wagon",Going Ahead,Disobeyed Traffic Control,Unknown, , , , , , , , ,Yes, , , , , , ,Yes,Yes, , ,41,,,120,,1404
-79.259914,43.716838,7376872,1275046,2012,2012-01-15T05:00:00.000Z,906,9,ST CLAIR AVE E,DANFORTH RD, ,Major Arterial,Scarborough,43.716838,-79.259914,Intersection, ,Traffic Signal,Clear,Daylight,Dry,Non-Fatal Injury,Angle,Vehicle Owner,unknown, ,0, ,Other, , , , , , , , , , , ,Yes, , , , , , ,Yes,Yes, , ,41,,,120,,1405
-79.431827,43.63795,80784510,7001855401,2017,2017-10-18T04:00:00.000Z,906,9,COWAN AVE,KING  ST W, ,Major Arterial,Toronto and East York,43.63795,-79.431827,Intersection,At Intersection,Stop Sign,Clear,Daylight,Dry,Fatal,Cyclist Collisions,Cyclist,35 to 39,Fatal,50,East,Bicycle,Going Ahead, , , , , ,"Motorist without ROW drives into path of cyclist at inter, lnwy, dwy-Driver not turn.",Driving Properly,Normal, ,Yes,Yes, , ,Yes, , , ,Yes, , , ,14,,,85,,1406
-79.34135,43.757044,80143680,3001877674,2013,2013-10-10T04:00:00.000Z,837,8,YORK MILLS RD,SILVERDALE CRES, ,Major Arterial,North York,43.757044,-79.34135,Intersection,At Intersection,Traffic Signal,Rain,"Daylight, artificial",Dry,Non-Fatal Injury,Pedestrian Collisions,Pedestrian,25 to 29,Minor,0,South, , , , ,Vehicle turns left while ped crosses with ROW at inter.,Crossing with right of way,Unknown, , , ,Yes, ,Yes, , , , , , ,Yes, , , ,33,,,45,,1407
-79.431827,43.63795,80784511,7001855401,2017,2017-10-18T04:00:00.000Z,906,9,COWAN AVE,KING  ST W, ,Major Arterial,Toronto and East York,43.63795,-79.431827,Intersection,At Intersection,Stop Sign,Clear,Daylight,Dry,Fatal,Cyclist Collisions,Driver,25 to 29,None,0,South,Pick Up Truck,Going Ahead,Failed to Yield Right of Way,Normal, , , , , , , ,Yes,Yes, , ,Yes, , , ,Yes, , , ,14,,,85,,1408
-79.431827,43.63795,80784512,7001855401,2017,2017-10-18T04:00:00.000Z,906,9,COWAN AVE,KING  ST W, ,Major Arterial,Toronto and East York,43.63795,-79.431827,Intersection,At Intersection,Stop Sign,Clear,Daylight,Dry,Fatal,Cyclist Collisions,Driver,50 to 54,None,0,West,Street Car,Going Ahead,Driving Properly,Normal, , , , , , , ,Yes,Yes, , ,Yes, , , ,Yes, , , ,14,,,85,,1409
-79.475353,43.648688,80924378,8000479172,2018,2018-03-16T04:00:00.000Z,907,9,RUNNYMEDE RD,DEFOREST  RD, ,Collector,Toronto and East York,43.648688,-79.475353,Intersection,At Intersection,Stop Sign,Clear,"Daylight, artificial",Dry,Non-Fatal Injury,Pedestrian Collisions,Pedestrian,70 to 74,Major,0,North, , , , ,Vehicle turns left while ped crosses with ROW at inter.,Crossing with right of way,Normal, , , ,Yes, ,Yes, , , , , , ,Yes, , , ,11,,,87,,1410
-79.475353,43.648688,80924379,8000479172,2018,2018-03-16T04:00:00.000Z,907,9,RUNNYMEDE RD,DEFOREST  RD, ,Collector,Toronto and East York,43.648688,-79.475353,Intersection,At Intersection,Stop Sign,Clear,"Daylight, artificial",Dry,Non-Fatal Injury,Pedestrian Collisions,Driver,55 to 59,None,0,South,"Automobile, Station Wagon",Turning Left,Failed to Yield Right of Way,Normal, , , , , , ,Yes, ,Yes, , , , , , ,Yes, , , ,11,,,87,,1411
-79.262294,43.692973,80973145,8001891156,2018,2018-10-13T04:00:00.000Z,907,9,BIRCHMOUNT RD,KINGSTON RD, ,Major Arterial,Scarborough,43.692973,-79.262294,Intersection,At Intersection,Traffic Signal,Clear,Daylight,Dry,Non-Fatal Injury,Pedestrian Collisions,Driver,45 to 49,None,0,South,"Automobile, Station Wagon",Turning Left,Failed to Yield Right of Way,Normal, , , , , , ,Yes, ,Yes, , , , , , ,Yes, , , ,41,,,122,,1412
-79.262294,43.692973,80973146,8001891156,2018,2018-10-13T04:00:00.000Z,907,9,BIRCHMOUNT RD,KINGSTON RD, ,Major Arterial,Scarborough,43.692973,-79.262294,Intersection,At Intersection,Traffic Signal,Clear,Daylight,Dry,Non-Fatal Injury,Pedestrian Collisions,Pedestrian,65 to 69,Major,0,North, , , , ,Vehicle turns left while ped crosses without ROW at inter.,Crossing without right of way,Normal, , , ,Yes, ,Yes, , , , , , ,Yes, , , ,41,,,122,,1413
-79.36299,43.660145,6170349,1180878,2010,2010-06-08T04:00:00.000Z,908,9,DUNDAS ST E,SACKVILLE ST, ,Major Arterial,Toronto and East York,43.660145,-79.36299,Intersection, ,No Control,Clear,Daylight,Dry,Non-Fatal Injury,Cyclist Collisions,Driver,35 to 39,None,0,West,"Automobile, Station Wagon",Overtaking,Improper Passing,Normal, , , , , , , ,Yes,Yes, , , , , , ,Yes, , , ,51,,,72,,1414
-79.36299,43.660145,6170350,1180878,2010,2010-06-08T04:00:00.000Z,908,9,DUNDAS ST E,SACKVILLE ST, ,Major Arterial,Toronto and East York,43.660145,-79.36299,Intersection, ,No Control,Clear,Daylight,Dry,Non-Fatal Injury,Cyclist Collisions,Cyclist,40 to 44,Major,0,West,Bicycle,Going Ahead, , , , , ,Cyclist and Driver travelling in same direction. One vehicle sideswipes the other.,Driving Properly,Normal, ,Yes,Yes, , , , , , ,Yes, , , ,51,,,72,,1415
-79.382777,43.642623,80161719,4002168339,2014,2014-05-28T04:00:00.000Z,837,8,BREMNER BLVD,GRAND TRUNK CRES, ,Minor Arterial,Toronto and East York,43.642623,-79.382777,Intersection,Non Intersection,No Control,Clear,Daylight,Dry,Non-Fatal Injury,Cyclist Collisions,Driver,65 to 69,Major,0,East,"Automobile, Station Wagon",Going Ahead,Improper Passing,Normal, , , , , , , ,Yes,Yes, , , , , , ,Yes, , , ,52,,,77,,1416
-79.336429,43.816851,80632157,6001529591,2016,2016-08-29T04:00:00.000Z,745,7,STEELES AVE E,PHARMACY AVE, ,Major Arterial,Scarborough,43.816851,-79.336429,Intersection,At Intersection,Traffic Signal,Clear,Daylight,Dry,Non-Fatal Injury,Pedestrian Collisions,Pedestrian,20 to 24,Major,0,East, , , , ,Vehicle turns right while ped crosses with ROW at inter.,Crossing with right of way,Normal, , , ,Yes, ,Yes, , , , , , ,Yes, , , ,42,,,116,,1417
-79.36719,43.713045,7495133,1328148,2012,2012-10-20T04:00:00.000Z,955,9,EGLINTON AVE E,SUTHERLAND DR, ,Major Arterial,North York,43.713045,-79.36719,Intersection,At Intersection,Traffic Signal,Clear,Daylight,Dry,Non-Fatal Injury,Pedestrian Collisions,Driver,80 to 84,None,0,South,"Automobile, Station Wagon",Turning Left,Failed to Yield Right of Way,Normal, , , , , , ,Yes, ,Yes, , , , , , ,Yes, , , ,53,,,56,,1418
-79.382777,43.642623,80161720,4002168339,2014,2014-05-28T04:00:00.000Z,837,8,BREMNER BLVD,GRAND TRUNK CRES, ,Minor Arterial,Toronto and East York,43.642623,-79.382777,Intersection,Non Intersection,No Control,Clear,Daylight,Dry,Non-Fatal Injury,Cyclist Collisions,Cyclist,50 to 54,Major,0,East,Bicycle,Going Ahead, , , , , ,Cyclist and Driver travelling in same direction. One vehicle rear-ended the other.,Driving Properly,Normal, ,Yes,Yes, , , , , , ,Yes, , , ,52,,,77,,1419
-79.36719,43.713045,7495134,1328148,2012,2012-10-20T04:00:00.000Z,955,9,EGLINTON AVE E,SUTHERLAND DR, ,Major Arterial,North York,43.713045,-79.36719,Intersection,At Intersection,Traffic Signal,Clear,Daylight,Dry,Non-Fatal Injury,Pedestrian Collisions,Pedestrian,40 to 44,Major,0,North,Other, , , ,Vehicle turns left while ped crosses with ROW at inter.,Crossing with right of way,Normal, , , ,Yes, ,Yes, , , , , , ,Yes, , , ,53,,,56,,1420
-79.489146,43.614035,80202306,4001484501,2014,2014-02-07T05:00:00.000Z,806,8,LAKE SHORE BLVD W,PRIMROSE AVE, ,Major Arterial,Etobicoke York,43.614035,-79.489146,Intersection,Non Intersection,No Control,Clear,Daylight,Wet,Non-Fatal Injury,Angle,Driver,20 to 24,None,0,East,Pick Up Truck,Going Ahead,Driving Properly,Normal, , , , , , , , ,Yes, , , , ,Yes,Yes,Yes, , , ,22,,,17,,1421
-79.30789,43.673945,6125129,1161062,2010,2010-03-01T05:00:00.000Z,746,7,WOODBINE Aven,KINGSTON Road, ,Major Arterial,Toronto and East York,43.673945,-79.30789,Intersection,At Intersection,Traffic Signal,Clear,Daylight,Dry,Non-Fatal Injury,Angle,Passenger,40 to 44,Minimal,0, ,Other, , , , , , , , , , , ,Yes, ,Yes, , ,Yes,Yes,Yes,Yes, , ,55,,,63,,1422
-79.209316,43.745928,80768214,6002149111,2016,2016-12-04T05:00:00.000Z,706,7,SCARBOROUGH GOLF CLUB RD,KINGSTON RD,15 m South of,Major Arterial,Scarborough,43.745928,-79.209316,Intersection,At Intersection,Traffic Signal,Clear,Dawn,Dry,Non-Fatal Injury,Angle,Driver,55 to 59,Minor,0,South,"Automobile, Station Wagon",Going Ahead,Driving Properly,Normal, , , , , , , , ,Yes, , , , ,Yes, ,Yes,Yes,Yes, ,43,,,140,,1423
-79.30789,43.673945,6125130,1161062,2010,2010-03-01T05:00:00.000Z,746,7,WOODBINE Aven,KINGSTON Road, ,Major Arterial,Toronto and East York,43.673945,-79.30789,Intersection,At Intersection,Traffic Signal,Clear,Daylight,Dry,Non-Fatal Injury,Angle,Vehicle Owner,unknown, ,0, ,Other, , , , , , , , , , , ,Yes, ,Yes, , ,Yes,Yes,Yes,Yes, , ,55,,,63,,1424
-79.209316,43.745928,80768215,6002149111,2016,2016-12-04T05:00:00.000Z,706,7,SCARBOROUGH GOLF CLUB RD,KINGSTON RD,15 m South of,Major Arterial,Scarborough,43.745928,-79.209316,Intersection,At Intersection,Traffic Signal,Clear,Dawn,Dry,Non-Fatal Injury,Angle,Passenger,30 to 34,Major,0, , , , , , , , , , , , , ,Yes, , , , ,Yes, ,Yes,Yes,Yes, ,43,,,140,,1425
-79.25339,43.748845,5424413,1066713,2008,2008-10-27T04:00:00.000Z,707,7,BRIMLEY RD,SHEDIAC RD, ,Major Arterial,Scarborough,43.748845,-79.25339,Intersection, ,Traffic Signal,Clear,Daylight,Dry,Non-Fatal Injury,Pedestrian Collisions,Driver,50 to 54,None,0,East,"Automobile, Station Wagon",Turning Left,Failed to Yield Right of Way,Normal, , , , , , ,Yes, ,Yes, , , , , , ,Yes, , , ,"41,43",,,127,,1426
-79.30789,43.673945,6125131,1161062,2010,2010-03-01T05:00:00.000Z,746,7,WOODBINE Aven,KINGSTON Road, ,Major Arterial,Toronto and East York,43.673945,-79.30789,Intersection,At Intersection,Traffic Signal,Clear,Daylight,Dry,Non-Fatal Injury,Angle,Truck Driver,35 to 39,Major,0,East,Truck - Open,Going Ahead,Driving Properly,Normal, , , , , , , , ,Yes, ,Yes, , ,Yes,Yes,Yes,Yes, , ,55,,,63,,1427
-79.25339,43.748845,5424414,1066713,2008,2008-10-27T04:00:00.000Z,707,7,BRIMLEY RD,SHEDIAC RD, ,Major Arterial,Scarborough,43.748845,-79.25339,Intersection, ,Traffic Signal,Clear,Daylight,Dry,Non-Fatal Injury,Pedestrian Collisions,Pedestrian,50 to 54,Major,0,West,Other, , , ,Vehicle turns left while ped crosses with ROW at inter.,Crossing with right of way,Normal, , , ,Yes, ,Yes, , , , , , ,Yes, , , ,"41,43",,,127,,1428
-79.455783,43.670325,80151974,4001557370,2014,2014-02-19T05:00:00.000Z,956,9,DAVENPORT RD,LAUGHTON AVE, ,Minor Arterial,Toronto and East York,43.670325,-79.455783,Intersection,At Intersection,Traffic Signal,Clear,Daylight,Wet,Non-Fatal Injury,Pedestrian Collisions,Driver,40 to 44,None,0,South,Pick Up Truck,Turning Left,Failed to Yield Right of Way,Normal, , , , , , ,Yes, ,Yes, , , , , , ,Yes, , , ,11,,,91,,1429
-79.554401,43.61447,80632033,6001102094,2016,2016-06-24T04:00:00.000Z,707,7,THE QUEENSWAY,427 C S QUEENSWAY RAMP,200 m West of,Major Arterial,Etobicoke York,43.61447,-79.554401,Mid-Block,Non Intersection,No Control,Clear,Daylight,Dry,Non-Fatal Injury,SMV Other,Motorcycle Driver,30 to 34,Major,0,East,Motorcycle,Going Ahead,Speed too Fast For Condition,Unknown, , , , , , , , , ,Yes, , , , ,Yes,Yes, , , ,22,,,14,,1430
-79.30789,43.673945,6125132,1161062,2010,2010-03-01T05:00:00.000Z,746,7,WOODBINE Aven,KINGSTON Road, ,Major Arterial,Toronto and East York,43.673945,-79.30789,Intersection,At Intersection,Traffic Signal,Clear,Daylight,Dry,Non-Fatal Injury,Angle,Driver,55 to 59,Minor,0,South,"Automobile, Station Wagon",Going Ahead,Disobeyed Traffic Control,Inattentive, , , , , , , , ,Yes, ,Yes, , ,Yes,Yes,Yes,Yes, , ,55,,,63,,1431
-79.31229,43.797445,6128804,1162587,2010,2010-03-16T04:00:00.000Z,838,8,FINCH Aven E,BRIDLETOWNE Circ, ,Major Arterial,Scarborough,43.797445,-79.31229,Intersection,At Intersection,Traffic Signal,Clear,Daylight,Dry,Non-Fatal Injury,Pedestrian Collisions,Driver,50 to 54,Minimal,0,South,"Automobile, Station Wagon",Turning Left,Failed to Yield Right of Way,Normal, , , , , , ,Yes, ,Yes, , , , , , ,Yes, , , ,42,,,117,,1432
-79.489146,43.614035,80202307,4001484501,2014,2014-02-07T05:00:00.000Z,806,8,LAKE SHORE BLVD W,PRIMROSE AVE, ,Major Arterial,Etobicoke York,43.614035,-79.489146,Intersection,Non Intersection,No Control,Clear,Daylight,Wet,Non-Fatal Injury,Angle,Passenger,20 to 24,None,0, , , , , , , , , , , , , ,Yes, , , , ,Yes,Yes,Yes, , , ,22,,,17,,1433
-79.31229,43.797445,6128805,1162587,2010,2010-03-16T04:00:00.000Z,838,8,FINCH Aven E,BRIDLETOWNE Circ, ,Major Arterial,Scarborough,43.797445,-79.31229,Intersection,At Intersection,Traffic Signal,Clear,Daylight,Dry,Non-Fatal Injury,Pedestrian Collisions,Pedestrian,50 to 54,Major,0,North,Other, , , ,Vehicle turns left while ped crosses with ROW at inter.,Crossing with right of way,Normal, , , ,Yes, ,Yes, , , , , , ,Yes, , , ,42,,,117,,1434
-79.46639,43.653245,5315565,1017926,2008,2008-01-22T05:00:00.000Z,807,8,BLOOR ST W,QUEBEC AVE, ,Major Arterial,Toronto and East York,43.653245,-79.46639,Mid-Block, ,No Control,Snow,Daylight,Loose Snow,Non-Fatal Injury,Rear End,Driver,50 to 54,None,0,West,"Automobile, Station Wagon",Going Ahead,Driving Properly,Normal, , , , , , , , ,Yes, , , , , , ,Yes, , , ,11,,,87,,1435
-79.23709,43.814245,7783502,1340810,2013,2013-02-14T05:00:00.000Z,838,8,TAPSCOTT RD,FINCH Ave E, ,Minor Arterial,Scarborough,43.814245,-79.23709,Intersection,At Intersection,Traffic Signal,Clear,Daylight,Dry,Non-Fatal Injury,Turning Movement,Vehicle Owner,unknown, ,0, ,Other, , , , , , , , , , , ,Yes, , , , , , ,Yes, , , ,42,,,131,,1436
-79.50819,43.719045,5387380,1050560,2008,2008-07-29T04:00:00.000Z,708,7,BEVERLY HILLS Driv,JANE Stre, ,Major Arterial,North York,43.719045,-79.50819,Intersection,At Intersection,Traffic Signal,Clear,Daylight,Dry,Non-Fatal Injury,Pedestrian Collisions,Vehicle Owner,unknown, ,0, ,Other, , , , , , , , , ,Yes, ,Yes, , , , , , ,Yes, , , ,31,,,26,,1437
-79.455783,43.670325,80151975,4001557370,2014,2014-02-19T05:00:00.000Z,956,9,DAVENPORT RD,LAUGHTON AVE, ,Minor Arterial,Toronto and East York,43.670325,-79.455783,Intersection,At Intersection,Traffic Signal,Clear,Daylight,Wet,Non-Fatal Injury,Pedestrian Collisions,Pedestrian,65 to 69,Major,0,North, , , , ,Vehicle turns left while ped crosses with ROW at inter.,Crossing with right of way,Normal, , , ,Yes, ,Yes, , , , , , ,Yes, , , ,11,,,91,,1438
-79.46639,43.653245,5315566,1017926,2008,2008-01-22T05:00:00.000Z,807,8,BLOOR ST W,QUEBEC AVE, ,Major Arterial,Toronto and East York,43.653245,-79.46639,Mid-Block, ,No Control,Snow,Daylight,Loose Snow,Non-Fatal Injury,Rear End,Driver,60 to 64,Major,0,East,"Automobile, Station Wagon",Slowing or Stopping,Following too Close,Normal, , , , , , , , ,Yes, , , , , , ,Yes, , , ,11,,,87,,1439
-79.46639,43.653245,5315567,1017926,2008,2008-01-22T05:00:00.000Z,807,8,BLOOR ST W,QUEBEC AVE, ,Major Arterial,Toronto and East York,43.653245,-79.46639,Mid-Block, ,No Control,Snow,Daylight,Loose Snow,Non-Fatal Injury,Rear End,Vehicle Owner,unknown, ,0, ,Other, , , , , , , , , , , ,Yes, , , , , , ,Yes, , , ,11,,,87,,1440
-79.56429,43.654945,7514857,1312366,2012,2012-08-30T04:00:00.000Z,1019,10,RATHBURN RD,THE EAST MALL, ,Minor Arterial,Etobicoke York,43.654945,-79.56429,Intersection,At Intersection,Traffic Signal,Clear,Daylight,Other,Non-Fatal Injury,Pedestrian Collisions,Driver,55 to 59,None,0,South,"Automobile, Station Wagon",Turning Left,Failed to Yield Right of Way,Normal, , , , , , ,Yes, ,Yes, , , , , , ,Yes, , , ,22,,,11,,1441