X,Y,Index_,ACCNUM,YEAR,DATE,TIME,Hour,STREET1,STREET2,OFFSET,ROAD_CLASS,District,LATITUDE,LONGITUDE,LOCCOORD,ACCLOC,TRAFFCTL,VISIBILITY,LIGHT,RDSFCOND,ACCLASS,IMPACTYPE,INVTYPE,INVAGE,INJURY,FATAL_NO,INITDIR,VEHTYPE,MANOEUVER,DRIVACT,DRIVCOND,PEDTYPE,PEDACT,PEDCOND,CYCLISTYPE,CYCACT,CYCCOND,PEDESTRIAN,CYCLIST,AUTOMOBILE,MOTORCYCLE,TRUCK,TRSN_CITY_,EMERG_VEH,PASSENGER,SPEEDING,AG_DRIV,REDLIGHT,ALCOHOL,DISABILITY,Division,Ward_Name,Ward_ID,Hood_ID,Hood_Name,ObjectId
-79.223819,43.732688,80201049,4001383742,2014,2014-01-21T05:00:00.000Z,1000,10,KINGSTON RD,TOLLGATE MEWS,100 m East of,Major Arterial,Scarborough,43.732688,-79.223819,Mid-Block,Intersection Related,No Control,Clear,Daylight,Dry,Non-Fatal Injury,Rear End,Driver,50 to 54,Minor,0,West,"Automobile, Station Wagon",Stopped,Driving Properly,Normal, , , , , , , , ,Yes, ,Yes, , ,Yes, ,Yes, , , ,43,,,139,,1856
-79.223819,43.732688,80201050,4001383742,2014,2014-01-21T05:00:00.000Z,1000,10,KINGSTON RD,TOLLGATE MEWS,100 m East of,Major Arterial,Scarborough,43.732688,-79.223819,Mid-Block,Intersection Related,No Control,Clear,Daylight,Dry,Non-Fatal Injury,Rear End,Driver,60 to 64,None,0,West,"Automobile, Station Wagon",Stopped,Driving Properly,Normal, , , , , , , , ,Yes, ,Yes, , ,Yes, ,Yes, , , ,43,,,139,,1857
-79.223819,43.732688,80201051,4001383742,2014,2014-01-21T05:00:00.000Z,1000,10,KINGSTON RD,TOLLGATE MEWS,100 m East of,Major Arterial,Scarborough,43.732688,-79.223819,Mid-Block,Intersection Related,No Control,Clear,Daylight,Dry,Non-Fatal Injury,Rear End,Driver,45 to 49,None,0,West,"Automobile, Station Wagon",Stopped,Driving Properly,Normal, , , , , , , , ,Yes, ,Yes, , ,Yes, ,Yes, , , ,43,,,139,,1858
-79.223819,43.732688,80201052,4001383742,2014,2014-01-21T05:00:00.000Z,1000,10,KINGSTON RD,TOLLGATE MEWS,100 m East of,Major Arterial,Scarborough,43.732688,-79.223819,Mid-Block,Intersection Related,No Control,Clear,Daylight,Dry,Non-Fatal Injury,Rear End,Truck Driver,40 to 44,None,0,West,"Truck - Closed (Blazer, etc)",Stopped,Driving Properly,Normal, , , , , , , , ,Yes, ,Yes, , ,Yes, ,Yes, , , ,43,,,139,,1859
-79.223819,43.732688,80201053,4001383742,2014,2014-01-21T05:00:00.000Z,1000,10,KINGSTON RD,TOLLGATE MEWS,100 m East of,Major Arterial,Scarborough,43.732688,-79.223819,Mid-Block,Intersection Related,No Control,Clear,Daylight,Dry,Non-Fatal Injury,Rear End,Passenger,20 to 24,Minor,0, , , , , , , , , , , , , ,Yes, ,Yes, , ,Yes, ,Yes, , , ,43,,,139,,1860
-79.223819,43.732688,80201054,4001383742,2014,2014-01-21T05:00:00.000Z,1000,10,KINGSTON RD,TOLLGATE MEWS,100 m East of,Major Arterial,Scarborough,43.732688,-79.223819,Mid-Block,Intersection Related,No Control,Clear,Daylight,Dry,Non-Fatal Injury,Rear End,Passenger,25 to 29,Minor,0, , , , , , , , , , , , , ,Yes, ,Yes, , ,Yes, ,Yes, , , ,43,,,139,,1861
-79.388652,43.76937,80486872,5001213317,2015,2015-07-17T04:00:00.000Z,1001,10,BAYVIEW AVE,BAYVIEW MEWS LANE, ,Major Arterial,North York,43.76937,-79.388652,Intersection,Intersection Related,Traffic Signal,Clear,Daylight,Dry,Non-Fatal Injury,Turning Movement,Driver,75 to 79,Major,0,South,"Automobile, Station Wagon",Turning Left,Improper Turn,Inattentive, , , , , , , , ,Yes, , , , , ,Yes,Yes, , , ,"33,32",,,52,,1862
-79.388652,43.76937,80486873,5001213317,2015,2015-07-17T04:00:00.000Z,1001,10,BAYVIEW AVE,BAYVIEW MEWS LANE, ,Major Arterial,North York,43.76937,-79.388652,Intersection,Intersection Related,Traffic Signal,Clear,Daylight,Dry,Non-Fatal Injury,Turning Movement,Driver,25 to 29,None,0,North,Pick Up Truck,Going Ahead,Speed too Fast For Condition,Normal, , , , , , , , ,Yes, , , , , ,Yes,Yes, , , ,"33,32",,,52,,1863
-79.509639,43.7396,80681704,7000395986,2017,2017-03-04T05:00:00.000Z,1001,10,SHEPPARD AVE W,MAGELLAN DR, ,Major Arterial,North York,43.7396,-79.509639,Intersection,At Intersection,Traffic Signal,Clear,Daylight,Dry,Fatal,Pedestrian Collisions,Driver,20 to 24,None,0,East,"Automobile, Station Wagon",Going Ahead,Disobeyed Traffic Control,Inattentive, , , , , , ,Yes, ,Yes, , , , , , ,Yes,Yes, , ,31,,,25,,1864
-79.509639,43.7396,80681706,7000395986,2017,2017-03-04T05:00:00.000Z,1001,10,SHEPPARD AVE W,MAGELLAN DR, ,Major Arterial,North York,43.7396,-79.509639,Intersection,At Intersection,Traffic Signal,Clear,Daylight,Dry,Fatal,Pedestrian Collisions,Pedestrian,5 to 9,Minor,0,North, , , , ,Vehicle is going straight thru inter.while ped cross with ROW,Crossing with right of way,Normal, , , ,Yes, ,Yes, , , , , , ,Yes,Yes, , ,31,,,25,,1865
-79.509639,43.7396,80681738,7000395986,2017,2017-03-04T05:00:00.000Z,1001,10,SHEPPARD AVE W,MAGELLAN DR, ,Major Arterial,North York,43.7396,-79.509639,Intersection,At Intersection,Traffic Signal,Clear,Daylight,Dry,Fatal,Pedestrian Collisions,Pedestrian,5 to 9,Fatal,11,North, , , , ,Vehicle is going straight thru inter.while ped cross with ROW,Crossing with right of way,Normal, , , ,Yes, ,Yes, , , , , , ,Yes,Yes, , ,31,,,25,,1866
-79.34579,43.639445,7453003,1310192,2012,2012-07-18T04:00:00.000Z,1005,10,UNWIN Aven,CHERRY Stre, ,Local,Toronto and East York,43.639445,-79.34579,Mid-Block,At Intersection,No Control,Clear,Daylight,Dry,Non-Fatal Injury,Turning Movement,Vehicle Owner,unknown, ,0, ,Other, , , , , , , , , , , , ,Yes,Yes, , , , ,Yes, , , ,51,,,70,,1867
-79.34579,43.639445,7453004,1310192,2012,2012-07-18T04:00:00.000Z,1005,10,UNWIN Aven,CHERRY Stre, ,Local,Toronto and East York,43.639445,-79.34579,Mid-Block,At Intersection,No Control,Clear,Daylight,Dry,Non-Fatal Injury,Turning Movement,Truck Driver,25 to 29,None,0,East,Truck - Open,Turning Left,Driving Properly,Normal, , , , , , , , , ,Yes,Yes, , , , ,Yes, , , ,51,,,70,,1868
-79.34579,43.639445,7453005,1310192,2012,2012-07-18T04:00:00.000Z,1005,10,UNWIN Aven,CHERRY Stre, ,Local,Toronto and East York,43.639445,-79.34579,Mid-Block,At Intersection,No Control,Clear,Daylight,Dry,Non-Fatal Injury,Turning Movement,Motorcycle Driver,30 to 34,Major,0,East,Motorcycle,Going Ahead,Improper Passing,Normal, , , , , , , , , ,Yes,Yes, , , , ,Yes, , , ,51,,,70,,1869
-79.34579,43.639445,7453006,1310192,2012,2012-07-18T04:00:00.000Z,1005,10,UNWIN Aven,CHERRY Stre, ,Local,Toronto and East York,43.639445,-79.34579,Mid-Block,At Intersection,No Control,Clear,Daylight,Dry,Non-Fatal Injury,Turning Movement,Other,unknown,None,0, ,Other, , , , , , , , , , , , ,Yes,Yes, , , , ,Yes, , , ,51,,,70,,1870
-79.248081,43.736685,7883551,1384025,2013,2013-08-29T04:00:00.000Z,1005,10,EGLINTON AVE E,BRIMLEY RD, ,Major Arterial,Scarborough,43.736685,-79.248081,Intersection, ,Traffic Signal,Clear,Daylight,Dry,Non-Fatal Injury,Pedestrian Collisions,Vehicle Owner,unknown, ,0, ,Other, , , , , , , , , ,Yes, ,Yes, , , , , , ,Yes, , , ,"41,43",,,124,,1871
-79.248081,43.736685,7883552,1384025,2013,2013-08-29T04:00:00.000Z,1005,10,EGLINTON AVE E,BRIMLEY RD, ,Major Arterial,Scarborough,43.736685,-79.248081,Intersection, ,Traffic Signal,Clear,Daylight,Dry,Non-Fatal Injury,Pedestrian Collisions,Driver,55 to 59,None,0,South,"Automobile, Station Wagon",Turning Left,Failed to Yield Right of Way,Normal, , , , , , ,Yes, ,Yes, , , , , , ,Yes, , , ,"41,43",,,124,,1872
-79.248081,43.736685,7883553,1384025,2013,2013-08-29T04:00:00.000Z,1005,10,EGLINTON AVE E,BRIMLEY RD, ,Major Arterial,Scarborough,43.736685,-79.248081,Intersection, ,Traffic Signal,Clear,Daylight,Dry,Non-Fatal Injury,Pedestrian Collisions,Pedestrian,25 to 29,Major,0,South,Other, , , ,Vehicle turns left while ped crosses with ROW at inter.,Crossing with right of way,Normal, , , ,Yes, ,Yes, , , , , , ,Yes, , , ,"41,43",,,124,,1873
-79.463321,43.682761,80180798,4003340766,2014,2014-11-21T05:00:00.000Z,1005,10,SILVERTHORN AVE,ROGERS RD, ,Minor Arterial,Toronto and East York,43.682761,-79.463321,Intersection,Intersection Related,Traffic Signal,Clear,Daylight,Dry,Non-Fatal Injury,Pedestrian Collisions,Driver,50 to 54,None,0,South,Pick Up Truck,Turning Left,Failed to Yield Right of Way,Normal, , , , , , ,Yes, ,Yes, , , , , , ,Yes, , , ,12,,,110,,1874
-79.463321,43.682761,80180799,4003340766,2014,2014-11-21T05:00:00.000Z,1005,10,SILVERTHORN AVE,ROGERS RD, ,Minor Arterial,Toronto and East York,43.682761,-79.463321,Intersection,Intersection Related,Traffic Signal,Clear,Daylight,Dry,Non-Fatal Injury,Pedestrian Collisions,Pedestrian,70 to 74,Major,0,Unknown, , , , ,Vehicle turns left while ped crosses with ROW at inter.,Crossing with right of way,Normal, , , ,Yes, ,Yes, , , , , , ,Yes, , , ,12,,,110,,1875
-79.453021,43.790801,80206543,4001856099,2014,2014-04-09T04:00:00.000Z,1005,10,STEELES AVE W,TORRESDALE AVE, ,Major Arterial,North York,43.790801,-79.453021,Intersection,At Intersection,Traffic Signal,Clear,Daylight,Dry,Non-Fatal Injury,Turning Movement,Driver,60 to 64,Major,0,West,"Automobile, Station Wagon",Turning Left,Failed to Yield Right of Way,Normal, , , , , , , , ,Yes, , , , ,Yes,Yes,Yes, , , ,32,,,35,,1876
-79.453021,43.790801,80206544,4001856099,2014,2014-04-09T04:00:00.000Z,1005,10,STEELES AVE W,TORRESDALE AVE, ,Major Arterial,North York,43.790801,-79.453021,Intersection,At Intersection,Traffic Signal,Clear,Daylight,Dry,Non-Fatal Injury,Turning Movement,Driver,15 to 19,Minimal,0,East,"Automobile, Station Wagon",Going Ahead,Exceeding Speed Limit,Normal, , , , , , , , ,Yes, , , , ,Yes,Yes,Yes, , , ,32,,,35,,1877
-79.453021,43.790801,80206545,4001856099,2014,2014-04-09T04:00:00.000Z,1005,10,STEELES AVE W,TORRESDALE AVE, ,Major Arterial,North York,43.790801,-79.453021,Intersection,At Intersection,Traffic Signal,Clear,Daylight,Dry,Non-Fatal Injury,Turning Movement,Passenger,15 to 19,Minor,0, , , , , , , , , , , , , ,Yes, , , , ,Yes,Yes,Yes, , , ,32,,,35,,1878
-79.453021,43.790801,80206546,4001856099,2014,2014-04-09T04:00:00.000Z,1005,10,STEELES AVE W,TORRESDALE AVE, ,Major Arterial,North York,43.790801,-79.453021,Intersection,At Intersection,Traffic Signal,Clear,Daylight,Dry,Non-Fatal Injury,Turning Movement,Passenger,15 to 19,Minor,0, , , , , , , , , , , , , ,Yes, , , , ,Yes,Yes,Yes, , , ,32,,,35,,1879
-79.453021,43.790801,80206547,4001856099,2014,2014-04-09T04:00:00.000Z,1005,10,STEELES AVE W,TORRESDALE AVE, ,Major Arterial,North York,43.790801,-79.453021,Intersection,At Intersection,Traffic Signal,Clear,Daylight,Dry,Non-Fatal Injury,Turning Movement,Passenger,15 to 19,Minor,0, , , , , , , , , , , , , ,Yes, , , , ,Yes,Yes,Yes, , , ,32,,,35,,1880
-79.453021,43.790801,80206548,4001856099,2014,2014-04-09T04:00:00.000Z,1005,10,STEELES AVE W,TORRESDALE AVE, ,Major Arterial,North York,43.790801,-79.453021,Intersection,At Intersection,Traffic Signal,Clear,Daylight,Dry,Non-Fatal Injury,Turning Movement,Passenger,15 to 19,Minor,0, , , , , , , , , , , , , ,Yes, , , , ,Yes,Yes,Yes, , , ,32,,,35,,1881
-79.342792,43.667643,7870078,1378332,2013,2013-10-01T04:00:00.000Z,1006,10,GERRARD ST E,CARLAW AVE, ,Minor Arterial,Toronto and East York,43.667643,-79.342792,Intersection,At Intersection,Traffic Signal,Clear,Daylight,Dry,Fatal,Pedestrian Collisions,Vehicle Owner,unknown, ,0, , , , , , , , , , , ,Yes, , , ,Yes, , , , ,Yes, , , ,55,,,68,,1882
-79.342792,43.667643,7870079,1378332,2013,2013-10-01T04:00:00.000Z,1006,10,GERRARD ST E,CARLAW AVE, ,Minor Arterial,Toronto and East York,43.667643,-79.342792,Intersection,At Intersection,Traffic Signal,Clear,Daylight,Dry,Fatal,Pedestrian Collisions,Truck Driver,40 to 44,None,0,West,Truck-Tractor,Turning Right,Failed to Yield Right of Way,Inattentive, , , , , , ,Yes, , , ,Yes, , , , ,Yes, , , ,55,,,68,,1883
-79.342792,43.667643,7870080,1378332,2013,2013-10-01T04:00:00.000Z,1006,10,GERRARD ST E,CARLAW AVE, ,Minor Arterial,Toronto and East York,43.667643,-79.342792,Intersection,At Intersection,Traffic Signal,Clear,Daylight,Dry,Fatal,Pedestrian Collisions,Other,unknown,None,0, , , , , , , , , , , ,Yes, , , ,Yes, , , , ,Yes, , , ,55,,,68,,1884
-79.342792,43.667643,7870081,1378332,2013,2013-10-01T04:00:00.000Z,1006,10,GERRARD ST E,CARLAW AVE, ,Minor Arterial,Toronto and East York,43.667643,-79.342792,Intersection,At Intersection,Traffic Signal,Clear,Daylight,Dry,Fatal,Pedestrian Collisions,Pedestrian,55 to 59,Fatal,44,West, , , , ,Vehicle turns right while ped crosses with ROW at inter.,Crossing with right of way,Unknown, , , ,Yes, , , ,Yes, , , , ,Yes, , , ,55,,,68,,1885
-79.42149,43.671645,6596454,1219697,2011,2011-01-05T05:00:00.000Z,1007,10,DUPONT ST,CHRISTIE ST, ,Major Arterial,Toronto and East York,43.671645,-79.42149,Intersection,At Intersection,Traffic Signal,Clear,Daylight,Dry,Non-Fatal Injury,Pedestrian Collisions,Driver,60 to 64,None,0,South,"Automobile, Station Wagon",Turning Left,Failed to Yield Right of Way,Normal, , , , , , ,Yes, ,Yes, , , , , , ,Yes, , , ,14,,,95,,1886
-79.42149,43.671645,6596455,1219697,2011,2011-01-05T05:00:00.000Z,1007,10,DUPONT ST,CHRISTIE ST, ,Major Arterial,Toronto and East York,43.671645,-79.42149,Intersection,At Intersection,Traffic Signal,Clear,Daylight,Dry,Non-Fatal Injury,Pedestrian Collisions,Pedestrian,80 to 84,Major,0,North,Other, , , ,Vehicle turns left while ped crosses with ROW at inter.,Crossing with right of way,Normal, , , ,Yes, ,Yes, , , , , , ,Yes, , , ,14,,,95,,1887
-79.26129,43.770045,6145088,1169755,2010,2010-04-26T04:00:00.000Z,1008,10,ELLESMERE Road,BRIMLEY Road, ,Major Arterial,Scarborough,43.770045,-79.26129,Intersection,At Intersection,Traffic Controller,Clear,Daylight,Dry,Non-Fatal Injury,Turning Movement,Passenger,80 to 84,Major,0, ,Other, , , , , , , , , , , ,Yes, , , , ,Yes, ,Yes, , , ,"41,43",,,127,,1888
-79.26129,43.770045,6145089,1169755,2010,2010-04-26T04:00:00.000Z,1008,10,ELLESMERE Road,BRIMLEY Road, ,Major Arterial,Scarborough,43.770045,-79.26129,Intersection,At Intersection,Traffic Controller,Clear,Daylight,Dry,Non-Fatal Injury,Turning Movement,Driver,80 to 84,None,0,West,"Automobile, Station Wagon",Turning Left,Failed to Yield Right of Way,Inattentive, , , , , , , , ,Yes, , , , ,Yes, ,Yes, , , ,"41,43",,,127,,1889
-79.26129,43.770045,6145090,1169755,2010,2010-04-26T04:00:00.000Z,1008,10,ELLESMERE Road,BRIMLEY Road, ,Major Arterial,Scarborough,43.770045,-79.26129,Intersection,At Intersection,Traffic Controller,Clear,Daylight,Dry,Non-Fatal Injury,Turning Movement,Driver,35 to 39,None,0,South, ,Going Ahead,Failed to Yield Right of Way,Inattentive, , , , , , , , ,Yes, , , , ,Yes, ,Yes, , , ,"41,43",,,127,,1890
-79.37329,43.789145,6193125,1190299,2010,2010-09-20T04:00:00.000Z,1008,10,PINEWAY BLVD,FINCH AVE E, ,Major Arterial,North York,43.789145,-79.37329,Intersection,At Intersection,Traffic Signal,Clear,Daylight,Dry,Non-Fatal Injury,Pedestrian Collisions,Driver,30 to 34,None,0,South,"Automobile, Station Wagon",Turning Left,Failed to Yield Right of Way,Normal, , , , , , ,Yes, ,Yes, , , , , , ,Yes, , , ,33,,,52,,1891
-79.37329,43.789145,6193126,1190299,2010,2010-09-20T04:00:00.000Z,1008,10,PINEWAY BLVD,FINCH AVE E, ,Major Arterial,North York,43.789145,-79.37329,Intersection,At Intersection,Traffic Signal,Clear,Daylight,Dry,Non-Fatal Injury,Pedestrian Collisions,Pedestrian,70 to 74,Major,0,North,Other, , , ,Vehicle turns left while ped crosses with ROW at inter.,Crossing with right of way,Normal, , , ,Yes, ,Yes, , , , , , ,Yes, , , ,33,,,52,,1892
-79.307918,43.673918,80159363,4002018320,2014,2014-05-05T04:00:00.000Z,1009,10,WOODBINE AVE,KINGSTON RD, ,Major Arterial,Toronto and East York,43.673918,-79.307918,Intersection,At Intersection,Traffic Signal,Clear,Daylight,Dry,Non-Fatal Injury,Cyclist Collisions,Cyclist,50 to 54,Major,0,North,Bicycle,Going Ahead, , , , , ,Motorist turned left across cyclists path.,Driving Properly,Normal, ,Yes,Yes, , , , ,Yes, ,Yes, , , ,55,,,63,,1893
-79.307918,43.673918,80159364,4002018320,2014,2014-05-05T04:00:00.000Z,1009,10,WOODBINE AVE,KINGSTON RD, ,Major Arterial,Toronto and East York,43.673918,-79.307918,Intersection,At Intersection,Traffic Signal,Clear,Daylight,Dry,Non-Fatal Injury,Cyclist Collisions,Driver,45 to 49,None,0,South,"Automobile, Station Wagon",Turning Left,Failed to Yield Right of Way,Normal, , , , , , , ,Yes,Yes, , , , ,Yes, ,Yes, , , ,55,,,63,,1894
-79.307918,43.673918,80159365,4002018320,2014,2014-05-05T04:00:00.000Z,1009,10,WOODBINE AVE,KINGSTON RD, ,Major Arterial,Toronto and East York,43.673918,-79.307918,Intersection,At Intersection,Traffic Signal,Clear,Daylight,Dry,Non-Fatal Injury,Cyclist Collisions,Passenger,20 to 24,None,0, , , , , , , , , , , , ,Yes,Yes, , , , ,Yes, ,Yes, , , ,55,,,63,,1895
-79.31689,43.821345,7448107,1308128,2012,2012-07-06T04:00:00.000Z,1010,10,STEELES AVE E,BIRCHMOUNT RD, ,Major Arterial,Scarborough,43.821345,-79.31689,Intersection,At Intersection,Traffic Signal,Clear,Daylight,Dry,Non-Fatal Injury,Cyclist Collisions,Vehicle Owner,unknown, ,0, ,Other, , , , , , , , , , ,Yes,Yes, , , , , , ,Yes, , , ,42,,,116,,1896
-79.31689,43.821345,7448108,1308128,2012,2012-07-06T04:00:00.000Z,1010,10,STEELES AVE E,BIRCHMOUNT RD, ,Major Arterial,Scarborough,43.821345,-79.31689,Intersection,At Intersection,Traffic Signal,Clear,Daylight,Dry,Non-Fatal Injury,Cyclist Collisions,Driver,55 to 59,None,0,West,"Automobile, Station Wagon",Turning Left,Failed to Yield Right of Way,Normal, , , , , , , ,Yes,Yes, , , , , , ,Yes, , , ,42,,,116,,1897
-79.31689,43.821345,7448109,1308128,2012,2012-07-06T04:00:00.000Z,1010,10,STEELES AVE E,BIRCHMOUNT RD, ,Major Arterial,Scarborough,43.821345,-79.31689,Intersection,At Intersection,Traffic Signal,Clear,Daylight,Dry,Non-Fatal Injury,Cyclist Collisions,Cyclist,75 to 79,Major,0,West,Bicycle,Going Ahead, , , , , ,Motorist turned left across cyclists path.,Driving Properly,Normal, ,Yes,Yes, , , , , , ,Yes, , , ,42,,,116,,1898
-79.332789,43.662644,7645102,1296056,2012,2012-04-02T04:00:00.000Z,1010,10,QUEEN St E,JONES Ave, ,Minor Arterial,Toronto and East York,43.662644,-79.332789,Intersection,At Intersection,Traffic Signal,Clear,Daylight,Dry,Non-Fatal Injury,Pedestrian Collisions,Vehicle Owner,unknown, ,0, ,Other, , , , , , , , , ,Yes, ,Yes, , , , , , ,Yes, , , ,55,,,70,,1899
-79.332789,43.662644,7645103,1296056,2012,2012-04-02T04:00:00.000Z,1010,10,QUEEN St E,JONES Ave, ,Minor Arterial,Toronto and East York,43.662644,-79.332789,Intersection,At Intersection,Traffic Signal,Clear,Daylight,Dry,Non-Fatal Injury,Pedestrian Collisions,Driver,30 to 34,None,0,South,"Automobile, Station Wagon",Turning Left,Failed to Yield Right of Way,Normal, , , , , , ,Yes, ,Yes, , , , , , ,Yes, , , ,55,,,70,,1900
-79.332789,43.662644,7645104,1296056,2012,2012-04-02T04:00:00.000Z,1010,10,QUEEN St E,JONES Ave, ,Minor Arterial,Toronto and East York,43.662644,-79.332789,Intersection,At Intersection,Traffic Signal,Clear,Daylight,Dry,Non-Fatal Injury,Pedestrian Collisions,Pedestrian,75 to 79,Major,0,North,Other, , , ,Vehicle turns left while ped crosses with ROW at inter.,Crossing with right of way,Normal, , , ,Yes, ,Yes, , , , , , ,Yes, , , ,55,,,70,,1901
-79.29679,43.689345,6096194,1146741,2010,2010-01-09T05:00:00.000Z,1012,10,DANFORTH AVE,DAWES RD, ,Major Arterial,Toronto and East York,43.689345,-79.29679,Intersection,At Intersection,Traffic Signal,Clear,Daylight,Dry,Non-Fatal Injury,Pedestrian Collisions,Vehicle Owner,unknown, ,0, ,Other, , , , , , , , , ,Yes, ,Yes, , , , , , ,Yes, , , ,"54,55",,,62,,1902
-79.29679,43.689345,6096195,1146741,2010,2010-01-09T05:00:00.000Z,1012,10,DANFORTH AVE,DAWES RD, ,Major Arterial,Toronto and East York,43.689345,-79.29679,Intersection,At Intersection,Traffic Signal,Clear,Daylight,Dry,Non-Fatal Injury,Pedestrian Collisions,Driver,55 to 59,None,0,South,"Automobile, Station Wagon",Turning Left,Failed to Yield Right of Way,Inattentive, , , , , , ,Yes, ,Yes, , , , , , ,Yes, , , ,"54,55",,,62,,1903
-79.29679,43.689345,6096196,1146741,2010,2010-01-09T05:00:00.000Z,1012,10,DANFORTH AVE,DAWES RD, ,Major Arterial,Toronto and East York,43.689345,-79.29679,Intersection,At Intersection,Traffic Signal,Clear,Daylight,Dry,Non-Fatal Injury,Pedestrian Collisions,Pedestrian,80 to 84,Major,0,North,Other, , , ,Vehicle turns left while ped crosses with ROW at inter.,Crossing with right of way,Normal, , , ,Yes, ,Yes, , , , , , ,Yes, , , ,"54,55",,,62,,1904
-79.55859,43.694245,5424657,1066823,2008,2008-10-10T04:00:00.000Z,1013,10,DIXON RD,KIPLING AVE, ,Major Arterial,Etobicoke York,43.694245,-79.55859,Intersection, ,Traffic Signal,Clear,Daylight,Dry,Non-Fatal Injury,Turning Movement,Driver,60 to 64,Major,0,North,"Automobile, Station Wagon",Turning Left,Improper Turn,Normal, , , , , , , , ,Yes, , , , , , ,Yes, , , ,23,,,6,,1905
-79.55859,43.694245,5424658,1066823,2008,2008-10-10T04:00:00.000Z,1013,10,DIXON RD,KIPLING AVE, ,Major Arterial,Etobicoke York,43.694245,-79.55859,Intersection, ,Traffic Signal,Clear,Daylight,Dry,Non-Fatal Injury,Turning Movement,Vehicle Owner,unknown, ,0, ,Other, , , , , , , , , , , ,Yes, , , , , , ,Yes, , , ,23,,,6,,1906
-79.55859,43.694245,5424659,1066823,2008,2008-10-10T04:00:00.000Z,1013,10,DIXON RD,KIPLING AVE, ,Major Arterial,Etobicoke York,43.694245,-79.55859,Intersection, ,Traffic Signal,Clear,Daylight,Dry,Non-Fatal Injury,Turning Movement,Driver,50 to 54,None,0,West, ,Going Ahead,Failed to Yield Right of Way,Normal, , , , , , , , ,Yes, , , , , , ,Yes, , , ,23,,,6,,1907
-79.589404,43.732012,80501998,6000411466,2016,2016-03-09T05:00:00.000Z,1014,10,JOHN GARLAND BLVD,MARTIN GROVE RD,3 m East of,Major Arterial,Etobicoke York,43.732012,-79.589404,Intersection,At Intersection,Traffic Signal,Clear,Daylight,Dry,Non-Fatal Injury,Pedestrian Collisions,Driver,65 to 69,None,0,West,"Automobile, Station Wagon",Turning Right,Failed to Yield Right of Way,Inattentive, , , , , , ,Yes, ,Yes, , , , , , ,Yes, , , ,23,,,2,,1908
-79.589404,43.732012,80501999,6000411466,2016,2016-03-09T05:00:00.000Z,1014,10,JOHN GARLAND BLVD,MARTIN GROVE RD,3 m East of,Major Arterial,Etobicoke York,43.732012,-79.589404,Intersection,At Intersection,Traffic Signal,Clear,Daylight,Dry,Non-Fatal Injury,Pedestrian Collisions,Pedestrian,65 to 69,Major,0,South, , , , ,Vehicle turns right while ped crosses with ROW at inter.,Crossing with right of way,Normal, , , ,Yes, ,Yes, , , , , , ,Yes, , , ,23,,,2,,1909
-79.26719,43.751045,5324253,1022016,2008,2008-01-27T05:00:00.000Z,1015,10,2450 LAWRENCE AVE E, , ,Major Arterial,Scarborough,43.751045,-79.26719,Intersection,At Intersection,Stop Sign,Clear,Daylight,Wet,Non-Fatal Injury,Pedestrian Collisions,Driver,25 to 29,None,0,North,"Automobile, Station Wagon",Slowing or Stopping,Failed to Yield Right of Way,Inattentive, , , , , , ,Yes, ,Yes, , , , , , ,Yes, , , ,41,,,126,,1910
-79.26719,43.751045,5324254,1022016,2008,2008-01-27T05:00:00.000Z,1015,10,2450 LAWRENCE AVE E, , ,Major Arterial,Scarborough,43.751045,-79.26719,Intersection,At Intersection,Stop Sign,Clear,Daylight,Wet,Non-Fatal Injury,Pedestrian Collisions,Pedestrian,65 to 69,Major,0,East,Other, , , ,Vehicle is going straight thru inter.while ped cross with ROW,Crossing with right of way,Normal, , , ,Yes, ,Yes, , , , , , ,Yes, , , ,41,,,126,,1911
-79.39889,43.652745,6176152,1183260,2010,2010-08-16T04:00:00.000Z,1015,10,519 DUNDAS ST W, , ,Major Arterial,Toronto and East York,43.652745,-79.39889,Mid-Block,At Intersection,No Control,Clear,Daylight,Other,Non-Fatal Injury,Pedestrian Collisions,Driver,75 to 79,None,0,North,"Automobile, Station Wagon",Going Ahead,Failed to Yield Right of Way,Inattentive, , , , , , ,Yes, ,Yes, , , , , , ,Yes, , , ,14,,,78,,1912
-79.39889,43.652745,6176153,1183260,2010,2010-08-16T04:00:00.000Z,1015,10,519 DUNDAS ST W, , ,Major Arterial,Toronto and East York,43.652745,-79.39889,Mid-Block,At Intersection,No Control,Clear,Daylight,Other,Non-Fatal Injury,Pedestrian Collisions,Driver,65 to 69,None,0,East,"Automobile, Station Wagon",Stopped,Driving Properly,Normal, , , , , , ,Yes, ,Yes, , , , , , ,Yes, , , ,14,,,78,,1913
-79.39889,43.652745,6176154,1183260,2010,2010-08-16T04:00:00.000Z,1015,10,519 DUNDAS ST W, , ,Major Arterial,Toronto and East York,43.652745,-79.39889,Mid-Block,At Intersection,No Control,Clear,Daylight,Other,Non-Fatal Injury,Pedestrian Collisions,Pedestrian,30 to 34,Major,0,Unknown,Other, , , ,Pedestrian hit at private driveway,On Sidewalk or Shoulder,Normal, , , ,Yes, ,Yes, , , , , , ,Yes, , , ,14,,,78,,1914