X,Y,Index_,ACCNUM,YEAR,DATE,TIME,Hour,STREET1,STREET2,OFFSET,ROAD_CLASS,District,LATITUDE,LONGITUDE,LOCCOORD,ACCLOC,TRAFFCTL,VISIBILITY,LIGHT,RDSFCOND,ACCLASS,IMPACTYPE,INVTYPE,INVAGE,INJURY,FATAL_NO,INITDIR,VEHTYPE,MANOEUVER,DRIVACT,DRIVCOND,PEDTYPE,PEDACT,PEDCOND,CYCLISTYPE,CYCACT,CYCCOND,PEDESTRIAN,CYCLIST,AUTOMOBILE,MOTORCYCLE,TRUCK,TRSN_CITY_,EMERG_VEH,PASSENGER,SPEEDING,AG_DRIV,REDLIGHT,ALCOHOL,DISABILITY,Division,Ward_Name,Ward_ID,Hood_ID,Hood_Name,ObjectId
-79.48759,43.749645,6704840,1266690,2011,2011-11-29T05:00:00.000Z,1746,17,DOVEHOUSE AVE,KEELE ST, ,Major Arterial,North York,43.749645,-79.48759,Intersection, ,Traffic Signal,Rain,"Dark, artificial",Wet,Non-Fatal Injury,Pedestrian Collisions,Driver,40 to 44,None,0,North,"Automobile, Station Wagon",Turning Left,Failed to Yield Right of Way,Inattentive, , , , , , ,Yes, ,Yes, , , , , , ,Yes, , , ,31,,,27,,4149
-79.48759,43.749645,6704841,1266690,2011,2011-11-29T05:00:00.000Z,1746,17,DOVEHOUSE AVE,KEELE ST, ,Major Arterial,North York,43.749645,-79.48759,Intersection, ,Traffic Signal,Rain,"Dark, artificial",Wet,Non-Fatal Injury,Pedestrian Collisions,Pedestrian,65 to 69,Major,0,South,Other, , , ,Vehicle turns left while ped crosses with ROW at inter.,Crossing with right of way,Normal, , , ,Yes, ,Yes, , , , , , ,Yes, , , ,31,,,27,,4150
-79.245387,43.755477,80210115,4002199465,2014,2014-06-01T04:00:00.000Z,1747,17,LAWRENCE AVE E,MCCOWAN RD, ,Major Arterial,Scarborough,43.755477,-79.245387,Intersection,At Intersection,Traffic Signal,Clear,Daylight,Dry,Non-Fatal Injury,Rear End,Driver,30 to 34,None,0,West,"Automobile, Station Wagon",Going Ahead,Following too Close,Had Been Drinking, , , , , , , , ,Yes, , , , ,Yes, ,Yes, , , ,43,,,127,,4151
-79.245387,43.755477,80210116,4002199465,2014,2014-06-01T04:00:00.000Z,1747,17,LAWRENCE AVE E,MCCOWAN RD, ,Major Arterial,Scarborough,43.755477,-79.245387,Intersection,At Intersection,Traffic Signal,Clear,Daylight,Dry,Non-Fatal Injury,Rear End,Driver,65 to 69,None,0,West,"Automobile, Station Wagon",Stopped,Driving Properly,Normal, , , , , , , , ,Yes, , , , ,Yes, ,Yes, , , ,43,,,127,,4152
-79.245387,43.755477,80210117,4002199465,2014,2014-06-01T04:00:00.000Z,1747,17,LAWRENCE AVE E,MCCOWAN RD, ,Major Arterial,Scarborough,43.755477,-79.245387,Intersection,At Intersection,Traffic Signal,Clear,Daylight,Dry,Non-Fatal Injury,Rear End,Driver,50 to 54,None,0,West,"Automobile, Station Wagon",Stopped,Driving Properly,Normal, , , , , , , , ,Yes, , , , ,Yes, ,Yes, , , ,43,,,127,,4153
-79.245387,43.755477,80210118,4002199465,2014,2014-06-01T04:00:00.000Z,1747,17,LAWRENCE AVE E,MCCOWAN RD, ,Major Arterial,Scarborough,43.755477,-79.245387,Intersection,At Intersection,Traffic Signal,Clear,Daylight,Dry,Non-Fatal Injury,Rear End,Passenger,70 to 74,Major,0, , , , , , , , , , , , , ,Yes, , , , ,Yes, ,Yes, , , ,43,,,127,,4154
-79.443179,43.716258,80720029,6001798296,2016,2016-10-09T04:00:00.000Z,1747,17,LAWRENCE AVE W,WILLIAM R ALLEN RD N,5 m West of,Expressway,North York,43.716258,-79.443179,Intersection,At Intersection,Traffic Signal,Clear,Daylight,Dry,Non-Fatal Injury,Turning Movement,Driver,20 to 24,None,0,East,"Automobile, Station Wagon",Turning Left,Failed to Yield Right of Way,Inattentive, , , , , , , , ,Yes,Yes, , , ,Yes, ,Yes, , , ,"32,13",,,32,,4155
-79.443179,43.716258,80720030,6001798296,2016,2016-10-09T04:00:00.000Z,1747,17,LAWRENCE AVE W,WILLIAM R ALLEN RD N,5 m West of,Expressway,North York,43.716258,-79.443179,Intersection,At Intersection,Traffic Signal,Clear,Daylight,Dry,Non-Fatal Injury,Turning Movement,Motorcycle Driver,25 to 29,Major,0,West,Motorcycle,Going Ahead,Driving Properly,Normal, , , , , , , , ,Yes,Yes, , , ,Yes, ,Yes, , , ,"32,13",,,32,,4156
-79.443179,43.716258,80720031,6001798296,2016,2016-10-09T04:00:00.000Z,1747,17,LAWRENCE AVE W,WILLIAM R ALLEN RD N,5 m West of,Expressway,North York,43.716258,-79.443179,Intersection,At Intersection,Traffic Signal,Clear,Daylight,Dry,Non-Fatal Injury,Turning Movement,Passenger,15 to 19,None,0, , , , , , , , , , , , , ,Yes,Yes, , , ,Yes, ,Yes, , , ,"32,13",,,32,,4157
-79.39789,43.677845,7487822,1324973,2012,2012-10-04T04:00:00.000Z,1748,17,AVENUE RD,MACPHERSON AVE, ,Major Arterial,Toronto and East York,43.677845,-79.39789,Mid-Block, ,No Control,Clear,Daylight,Dry,Non-Fatal Injury,Cyclist Collisions,Vehicle Owner,unknown, ,0, ,Other, , , , , , , , , , ,Yes, , ,Yes, , , , ,Yes, , , ,53,,,95,,4158
-79.39789,43.677845,7487823,1324973,2012,2012-10-04T04:00:00.000Z,1748,17,AVENUE RD,MACPHERSON AVE, ,Major Arterial,Toronto and East York,43.677845,-79.39789,Mid-Block, ,No Control,Clear,Daylight,Dry,Non-Fatal Injury,Cyclist Collisions,Truck Driver,30 to 34,None,0,South,Truck - Open,Slowing or Stopping,Improper Passing,Normal, , , , , , , ,Yes, , ,Yes, , , , ,Yes, , , ,53,,,95,,4159
-79.39789,43.677845,7487824,1324973,2012,2012-10-04T04:00:00.000Z,1748,17,AVENUE RD,MACPHERSON AVE, ,Major Arterial,Toronto and East York,43.677845,-79.39789,Mid-Block, ,No Control,Clear,Daylight,Dry,Non-Fatal Injury,Cyclist Collisions,Cyclist,50 to 54,Major,0,South,Bicycle,Overtaking, , , , , ,Cyclist and Driver travelling in same direction. One vehicle sideswipes the other.,Improper Passing,Unknown, ,Yes, , ,Yes, , , , ,Yes, , , ,53,,,95,,4160
-79.39789,43.677845,7487825,1324973,2012,2012-10-04T04:00:00.000Z,1748,17,AVENUE RD,MACPHERSON AVE, ,Major Arterial,Toronto and East York,43.677845,-79.39789,Mid-Block, ,No Control,Clear,Daylight,Dry,Non-Fatal Injury,Cyclist Collisions,Other,unknown,None,0, ,Other, , , , , , , , , , ,Yes, , ,Yes, , , , ,Yes, , , ,53,,,95,,4161
-79.383662,43.68439,80875487,8000560882,2018,2018-03-28T04:00:00.000Z,1749,17,MOUNT PLEASANT RD,CARSTOWE RD, ,Major Arterial,Toronto and East York,43.68439,-79.383662,Mid-Block,Non Intersection,No Control,Clear,Daylight,Dry,Fatal,Turning Movement,Driver,15 to 19,None,0,North,"Automobile, Station Wagon",Making U Turn,Improper Turn,Normal, , , , , , , , ,Yes,Yes, , , , ,Yes,Yes, , , ,53,,,98,,4162
-79.383662,43.68439,80875565,8000560882,2018,2018-03-28T04:00:00.000Z,1749,17,MOUNT PLEASANT RD,CARSTOWE RD, ,Major Arterial,Toronto and East York,43.68439,-79.383662,Mid-Block,Non Intersection,No Control,Clear,Daylight,Dry,Fatal,Turning Movement,Motorcycle Driver,35 to 39,Fatal,17,North,Motorcycle,Going Ahead,Improper Passing,Normal, , , , , , , , ,Yes,Yes, , , , ,Yes,Yes, , , ,53,,,98,,4163
-79.51129,43.618345,5247585,1108100,2009,2009-06-03T04:00:00.000Z,1750,17,EVANS Ave,ISLINGTON Ave, ,Major Arterial,Etobicoke York,43.618345,-79.51129,Intersection,At Intersection,Traffic Signal,Clear,Daylight,Dry,Non-Fatal Injury,Angle,Vehicle Owner,unknown, ,0, ,Other, , , , , , , , , , , ,Yes, , , , ,Yes,Yes,Yes,Yes, , ,22,,,17,,4164
-79.51129,43.618345,5247586,1108100,2009,2009-06-03T04:00:00.000Z,1750,17,EVANS Ave,ISLINGTON Ave, ,Major Arterial,Etobicoke York,43.618345,-79.51129,Intersection,At Intersection,Traffic Signal,Clear,Daylight,Dry,Non-Fatal Injury,Angle,Driver,30 to 34,None,0,East,"Automobile, Station Wagon",Going Ahead,Disobeyed Traffic Control,Unknown, , , , , , , , ,Yes, , , , ,Yes,Yes,Yes,Yes, , ,22,,,17,,4165
-79.51129,43.618345,5247587,1108100,2009,2009-06-03T04:00:00.000Z,1750,17,EVANS Ave,ISLINGTON Ave, ,Major Arterial,Etobicoke York,43.618345,-79.51129,Intersection,At Intersection,Traffic Signal,Clear,Daylight,Dry,Non-Fatal Injury,Angle,Passenger,0 to 4,Minor,0, ,Other, , , , , , , , , , , ,Yes, , , , ,Yes,Yes,Yes,Yes, , ,22,,,17,,4166
-79.51129,43.618345,5247588,1108100,2009,2009-06-03T04:00:00.000Z,1750,17,EVANS Ave,ISLINGTON Ave, ,Major Arterial,Etobicoke York,43.618345,-79.51129,Intersection,At Intersection,Traffic Signal,Clear,Daylight,Dry,Non-Fatal Injury,Angle,Passenger,35 to 39,Minor,0, ,Other, , , , , , , , , , , ,Yes, , , , ,Yes,Yes,Yes,Yes, , ,22,,,17,,4167
-79.51129,43.618345,5247589,1108100,2009,2009-06-03T04:00:00.000Z,1750,17,EVANS Ave,ISLINGTON Ave, ,Major Arterial,Etobicoke York,43.618345,-79.51129,Intersection,At Intersection,Traffic Signal,Clear,Daylight,Dry,Non-Fatal Injury,Angle,Vehicle Owner,unknown, ,0, ,Other, , , , , , , , , , , ,Yes, , , , ,Yes,Yes,Yes,Yes, , ,22,,,17,,4168
-79.51129,43.618345,5247590,1108100,2009,2009-06-03T04:00:00.000Z,1750,17,EVANS Ave,ISLINGTON Ave, ,Major Arterial,Etobicoke York,43.618345,-79.51129,Intersection,At Intersection,Traffic Signal,Clear,Daylight,Dry,Non-Fatal Injury,Angle,Driver,40 to 44,Major,0,North,"Automobile, Station Wagon",Going Ahead,Driving Properly,Normal, , , , , , , , ,Yes, , , , ,Yes,Yes,Yes,Yes, , ,22,,,17,,4169
-79.41169,43.712045,6167318,1179647,2010,2010-06-01T04:00:00.000Z,1750,17,AVENUE RD,HILLHURST BLVD, ,Major Arterial,North York,43.712045,-79.41169,Intersection,At Intersection,Traffic Signal,Clear,Daylight,Dry,Non-Fatal Injury,Pedestrian Collisions,Vehicle Owner,unknown, ,0, ,Other, , , , , , , , , ,Yes, ,Yes, , , , , , ,Yes, , , ,53,,,103,,4170
-79.41169,43.712045,6167319,1179647,2010,2010-06-01T04:00:00.000Z,1750,17,AVENUE RD,HILLHURST BLVD, ,Major Arterial,North York,43.712045,-79.41169,Intersection,At Intersection,Traffic Signal,Clear,Daylight,Dry,Non-Fatal Injury,Pedestrian Collisions,Driver,15 to 19,None,0,South,"Automobile, Station Wagon",Going Ahead,Following too Close,Normal, , , , , , ,Yes, ,Yes, , , , , , ,Yes, , , ,53,,,103,,4171
-79.41169,43.712045,6167320,1179647,2010,2010-06-01T04:00:00.000Z,1750,17,AVENUE RD,HILLHURST BLVD, ,Major Arterial,North York,43.712045,-79.41169,Intersection,At Intersection,Traffic Signal,Clear,Daylight,Dry,Non-Fatal Injury,Pedestrian Collisions,Vehicle Owner,unknown, ,0, ,Other, , , , , , , , , ,Yes, ,Yes, , , , , , ,Yes, , , ,53,,,103,,4172
-79.41169,43.712045,6167321,1179647,2010,2010-06-01T04:00:00.000Z,1750,17,AVENUE RD,HILLHURST BLVD, ,Major Arterial,North York,43.712045,-79.41169,Intersection,At Intersection,Traffic Signal,Clear,Daylight,Dry,Non-Fatal Injury,Pedestrian Collisions,Driver,35 to 39,None,0,South,"Automobile, Station Wagon",Turning Right,Driving Properly,Normal, , , , , , ,Yes, ,Yes, , , , , , ,Yes, , , ,53,,,103,,4173
-79.41169,43.712045,6167322,1179647,2010,2010-06-01T04:00:00.000Z,1750,17,AVENUE RD,HILLHURST BLVD, ,Major Arterial,North York,43.712045,-79.41169,Intersection,At Intersection,Traffic Signal,Clear,Daylight,Dry,Non-Fatal Injury,Pedestrian Collisions,Pedestrian,40 to 44,Major,0,North,Other, , , ,Vehicle turns right while ped crosses with ROW at inter.,Crossing with right of way,Normal, , , ,Yes, ,Yes, , , , , , ,Yes, , , ,53,,,103,,4174
-79.576381,43.731658,7895174,1388506,2013,2013-09-22T04:00:00.000Z,1750,17,KIPLING Ave,ESTHER LORRIE Dr, ,Major Arterial,Etobicoke York,43.731658,-79.576381,Intersection, ,No Control,Clear,Daylight,Dry,Non-Fatal Injury,Rear End,Vehicle Owner,unknown, ,0, ,Other, , , , , , , , , , , ,Yes, , , , ,Yes, ,Yes, , , ,23,,,4,,4175
-79.576381,43.731658,7895175,1388506,2013,2013-09-22T04:00:00.000Z,1750,17,KIPLING Ave,ESTHER LORRIE Dr, ,Major Arterial,Etobicoke York,43.731658,-79.576381,Intersection, ,No Control,Clear,Daylight,Dry,Non-Fatal Injury,Rear End,Driver,40 to 44,None,0,South,"Automobile, Station Wagon",Going Ahead,Following too Close,Inattentive, , , , , , , , ,Yes, , , , ,Yes, ,Yes, , , ,23,,,4,,4176
-79.576381,43.731658,7895176,1388506,2013,2013-09-22T04:00:00.000Z,1750,17,KIPLING Ave,ESTHER LORRIE Dr, ,Major Arterial,Etobicoke York,43.731658,-79.576381,Intersection, ,No Control,Clear,Daylight,Dry,Non-Fatal Injury,Rear End,Passenger,30 to 34,Major,0, ,Other, , , , , , , , , , , ,Yes, , , , ,Yes, ,Yes, , , ,23,,,4,,4177
-79.576381,43.731658,7895177,1388506,2013,2013-09-22T04:00:00.000Z,1750,17,KIPLING Ave,ESTHER LORRIE Dr, ,Major Arterial,Etobicoke York,43.731658,-79.576381,Intersection, ,No Control,Clear,Daylight,Dry,Non-Fatal Injury,Rear End,Driver,35 to 39,Minor,0,South,"Automobile, Station Wagon",Turning Right,Improper Turn,Inattentive, , , , , , , , ,Yes, , , , ,Yes, ,Yes, , , ,23,,,4,,4178
-79.443607,43.660632,80155272,4001748870,2014,2014-03-22T04:00:00.000Z,1750,17,PATON RD,LANSDOWNE AVE, ,Minor Arterial,Toronto and East York,43.660632,-79.443607,Intersection,Intersection Related,Stop Sign,Clear,Daylight,Dry,Non-Fatal Injury,Pedestrian Collisions,Driver,40 to 44,None,0,West,"Automobile, Station Wagon",Other,Failed to Yield Right of Way,Normal, , , , , , ,Yes, ,Yes, , , , , , ,Yes, , , ,11,,,93,,4179
-79.443607,43.660632,80155273,4001748870,2014,2014-03-22T04:00:00.000Z,1750,17,PATON RD,LANSDOWNE AVE, ,Minor Arterial,Toronto and East York,43.660632,-79.443607,Intersection,Intersection Related,Stop Sign,Clear,Daylight,Dry,Non-Fatal Injury,Pedestrian Collisions,Pedestrian,85 to 89,Major,0,South, , , , ,Vehicle is reversing and hits pedestrian,Crossing with right of way,Normal, , , ,Yes, ,Yes, , , , , , ,Yes, , , ,11,,,93,,4180
-79.279849,43.791091,80632255,6001786629,2016,2016-10-07T04:00:00.000Z,1750,17,MONTGOMERY AV,MIDLAND AV,70 m East of,Local,Scarborough,43.791091,-79.279849,Mid-Block,Non Intersection,No Control,Clear,Daylight,Dry,Non-Fatal Injury,Pedestrian Collisions,Driver,60 to 64,None,0,West,"Automobile, Station Wagon",Going Ahead,Improper Passing,Inattentive, , , , , , ,Yes, ,Yes, , , , , , ,Yes, , , ,42,,,128,,4181
-79.279849,43.791091,80632256,6001786629,2016,2016-10-07T04:00:00.000Z,1750,17,MONTGOMERY AV,MIDLAND AV,70 m East of,Local,Scarborough,43.791091,-79.279849,Mid-Block,Non Intersection,No Control,Clear,Daylight,Dry,Non-Fatal Injury,Pedestrian Collisions,Pedestrian,75 to 79,Major,0,West, , , , ,Pedestrian hit at mid-block,Walking on Roadway with Traffic,Normal, , , ,Yes, ,Yes, , , , , , ,Yes, , , ,42,,,128,,4182
-79.371425,43.649378,80777037,7000957172,2017,2017-05-30T04:00:00.000Z,1750,17,FRONT ST E,LOWER JARVIS ST,20 m East of,Major Arterial,Toronto and East York,43.649378,-79.371425,Intersection,At Intersection,Traffic Signal,Rain,Daylight,Wet,Non-Fatal Injury,SMV Other,Motorcycle Driver,30 to 34,Major,0,West,Motorcycle,Slowing or Stopping,Speed too Fast For Condition,Inattentive, , , , , , , , , ,Yes, , , , ,Yes,Yes, , , ,51,,,77,,4183
-79.232578,43.741534,80975915,8002171142,2018,2018-11-25T05:00:00.000Z,1750,17,BELLAMY RD N,CEDAR BRAE BLVD, ,Minor Arterial,Scarborough,43.741534,-79.232578,Intersection,At Intersection,Stop Sign,Clear,"Dark, artificial",Dry,Fatal,Pedestrian Collisions,Pedestrian,80 to 84,Fatal,62,North, , , , ,Vehicle is going straight thru inter.while ped cross with ROW,Crossing with right of way,Normal, , , ,Yes, ,Yes, , , , , , ,Yes, , , ,43,,,138,,4184
-79.232578,43.741534,80976403,8002171142,2018,2018-11-25T05:00:00.000Z,1750,17,BELLAMY RD N,CEDAR BRAE BLVD, ,Minor Arterial,Scarborough,43.741534,-79.232578,Intersection,At Intersection,Stop Sign,Clear,"Dark, artificial",Dry,Fatal,Pedestrian Collisions,Driver,25 to 29,None,0,West,"Automobile, Station Wagon",Going Ahead,Failed to Yield Right of Way,Normal, , , , , , ,Yes, ,Yes, , , , , , ,Yes, , , ,43,,,138,,4185
-79.563442,43.70476,80976689,8002203899,2018,2018-11-30T05:00:00.000Z,1750,17,KIPLING AVE,BELFIELD RD, ,Major Arterial,Etobicoke York,43.70476,-79.563442,Intersection,At Intersection,Traffic Signal,Clear,Dark,Dry,Non-Fatal Injury,Pedestrian Collisions,Driver,45 to 49,None,0,North,"Automobile, Station Wagon",Turning Left,Failed to Yield Right of Way,Inattentive, , , , , , ,Yes, ,Yes, , , , , , ,Yes, , , ,23,,,1,,4186
-79.563442,43.70476,80976690,8002203899,2018,2018-11-30T05:00:00.000Z,1750,17,KIPLING AVE,BELFIELD RD, ,Major Arterial,Etobicoke York,43.70476,-79.563442,Intersection,At Intersection,Traffic Signal,Clear,Dark,Dry,Non-Fatal Injury,Pedestrian Collisions,Pedestrian,65 to 69,Major,0,North, , , , ,Vehicle turns left while ped crosses with ROW at inter.,Crossing with right of way,Normal, , , ,Yes, ,Yes, , , , , , ,Yes, , , ,23,,,1,,4187
-79.27269,43.796945,6177898,1183999,2010,2010-08-18T04:00:00.000Z,1752,17,2301 BRIMLEY RD, , ,Major Arterial,Scarborough,43.796945,-79.27269,Mid-Block, ,No Control,Clear,Daylight,Dry,Non-Fatal Injury,Pedestrian Collisions,Driver,70 to 74,None,0,West,"Automobile, Station Wagon",Turning Left,Failed to Yield Right of Way,Inattentive, , , , , , ,Yes, ,Yes, , , , , , ,Yes, , , ,42,,,129,,4188
-79.27269,43.796945,6177899,1183999,2010,2010-08-18T04:00:00.000Z,1752,17,2301 BRIMLEY RD, , ,Major Arterial,Scarborough,43.796945,-79.27269,Mid-Block, ,No Control,Clear,Daylight,Dry,Non-Fatal Injury,Pedestrian Collisions,Pedestrian,70 to 74,Major,0,West,Other, , , ,Pedestrian hit at mid-block,"Crossing, no Traffic Control",Unknown, , , ,Yes, ,Yes, , , , , , ,Yes, , , ,42,,,129,,4189
-79.27269,43.796945,6177900,1183999,2010,2010-08-18T04:00:00.000Z,1752,17,2301 BRIMLEY RD, , ,Major Arterial,Scarborough,43.796945,-79.27269,Mid-Block, ,No Control,Clear,Daylight,Dry,Non-Fatal Injury,Pedestrian Collisions,Pedestrian,70 to 74,Minor,0,West,Other, , , ,Pedestrian hit at mid-block,"Crossing, no Traffic Control",Unknown, , , ,Yes, ,Yes, , , , , , ,Yes, , , ,42,,,129,,4190
-79.31719,43.776645,7402951,1289088,2012,2012-04-15T04:00:00.000Z,1752,17,SHEPPARD AVE E,PHARMACY AVE, ,Major Arterial,Scarborough,43.776645,-79.31719,Mid-Block, ,No Control,Clear,Daylight,Dry,Non-Fatal Injury,Rear End,Vehicle Owner,unknown, ,0, ,Other, , , , , , , , , , , ,Yes,Yes, , , , , ,Yes, , , ,42,,,118,,4191
-79.31719,43.776645,7402952,1289088,2012,2012-04-15T04:00:00.000Z,1752,17,SHEPPARD AVE E,PHARMACY AVE, ,Major Arterial,Scarborough,43.776645,-79.31719,Mid-Block, ,No Control,Clear,Daylight,Dry,Non-Fatal Injury,Rear End,Motorcycle Driver,15 to 19,Major,0,East,Motorcycle,Changing Lanes,Improper Passing,Inattentive, , , , , , , , ,Yes,Yes, , , , , ,Yes, , , ,42,,,118,,4192
-79.21069,43.816745,7449886,1308881,2012,2012-06-13T04:00:00.000Z,1827,18,SEWELLS RD,MORNINGSIDE AVE, ,Minor Arterial,Scarborough,43.816745,-79.21069,Mid-Block, ,No Control,Clear,Daylight,Dry,Non-Fatal Injury,SMV Other,Other Property Owner,unknown, ,0, ,Other, , , , , , , , , , , ,Yes, , , , , ,Yes,Yes, , ,Yes,42,,,131,,4193
-79.31719,43.776645,7402953,1289088,2012,2012-04-15T04:00:00.000Z,1752,17,SHEPPARD AVE E,PHARMACY AVE, ,Major Arterial,Scarborough,43.776645,-79.31719,Mid-Block, ,No Control,Clear,Daylight,Dry,Non-Fatal Injury,Rear End,Driver,35 to 39,None,0,East,"Automobile, Station Wagon",Going Ahead,Driving Properly,Normal, , , , , , , , ,Yes,Yes, , , , , ,Yes, , , ,42,,,118,,4194
-79.35289,43.666145,7443464,1306296,2012,2012-06-13T04:00:00.000Z,1752,17,DON JAIL Road,BROADVIEW Aven, ,Minor Arterial,Toronto and East York,43.666145,-79.35289,Intersection,At Intersection,No Control,Clear,Daylight,Dry,Non-Fatal Injury,Cyclist Collisions,Driver,60 to 64,None,0,West,"Automobile, Station Wagon",Going Ahead,Failed to Yield Right of Way,Inattentive, , , , , , , ,Yes,Yes, , , , , , ,Yes, , , ,55,,,68,,4195
-79.35289,43.666145,7443465,1306296,2012,2012-06-13T04:00:00.000Z,1752,17,DON JAIL Road,BROADVIEW Aven, ,Minor Arterial,Toronto and East York,43.666145,-79.35289,Intersection,At Intersection,No Control,Clear,Daylight,Dry,Non-Fatal Injury,Cyclist Collisions,Cyclist,40 to 44,Major,0,South,Bicycle,Going Ahead, , , , , ,"Motorist without ROW drives into path of cyclist at inter, lnwy, dwy-Driver not turn.",Driving Properly,Normal, ,Yes,Yes, , , , , , ,Yes, , , ,55,,,68,,4196
-79.409953,43.665316,80632211,6001676072,2016,2016-09-20T04:00:00.000Z,1754,17,BLOOR ST W,LIPPINCOTT ST, ,Major Arterial,Toronto and East York,43.665316,-79.409953,Intersection,At Intersection,Stop Sign,Clear,Daylight,Dry,Non-Fatal Injury,Cyclist Collisions,Driver,50 to 54,None,0,North,"Automobile, Station Wagon",Slowing or Stopping,Failed to Yield Right of Way,Inattentive, , , , , , , ,Yes,Yes, , , , , , ,Yes, , , ,14,,,79,,4197
-79.409953,43.665316,80632212,6001676072,2016,2016-09-20T04:00:00.000Z,1754,17,BLOOR ST W,LIPPINCOTT ST, ,Major Arterial,Toronto and East York,43.665316,-79.409953,Intersection,At Intersection,Stop Sign,Clear,Daylight,Dry,Non-Fatal Injury,Cyclist Collisions,Cyclist,25 to 29,Major,0,East,Bicycle,Going Ahead, , , , , ,"Motorist without ROW drives into path of cyclist at inter, lnwy, dwy-Driver not turn.",Driving Properly,Normal, ,Yes,Yes, , , , , , ,Yes, , , ,14,,,79,,4198
-79.516155,43.700087,80975191,8002088057,2018,2018-11-12T05:00:00.000Z,1754,17,WESTON  RD,LAWRENCE  AVE W, ,Major Arterial,Etobicoke York,43.700087,-79.516155,Intersection,At Intersection,Traffic Signal,Clear,Dark,Dry,Non-Fatal Injury,Pedestrian Collisions,Driver,75 to 79,None,0,North,Pick Up Truck,Turning Left,Failed to Yield Right of Way,Inattentive, , , , , , ,Yes, ,Yes, , , , , , ,Yes, , , ,12,,,113,,4199
-79.516155,43.700087,80975192,8002088057,2018,2018-11-12T05:00:00.000Z,1754,17,WESTON  RD,LAWRENCE  AVE W, ,Major Arterial,Etobicoke York,43.700087,-79.516155,Intersection,At Intersection,Traffic Signal,Clear,Dark,Dry,Non-Fatal Injury,Pedestrian Collisions,Pedestrian,55 to 59,Major,0,South, , , , ,Vehicle turns left while ped crosses with ROW at inter.,Crossing with right of way,Normal, , , ,Yes, ,Yes, , , , , , ,Yes, , , ,12,,,113,,4200
-79.55439,43.676345,5404318,1057990,2008,2008-08-21T04:00:00.000Z,1755,17,EGLINTON Aven W,LLOYD MANOR Road, ,Major Arterial,Etobicoke York,43.676345,-79.55439,Mid-Block, ,No Control,Clear,Daylight,Dry,Non-Fatal Injury,Rear End,Driver,25 to 29,Minimal,0,East,"Automobile, Station Wagon",Stopped,Driving Properly,Normal, , , , , , , , ,Yes, ,Yes, , , , ,Yes, , , ,"23,22",,,10,,4201
-79.55439,43.676345,5404319,1057990,2008,2008-08-21T04:00:00.000Z,1755,17,EGLINTON Aven W,LLOYD MANOR Road, ,Major Arterial,Etobicoke York,43.676345,-79.55439,Mid-Block, ,No Control,Clear,Daylight,Dry,Non-Fatal Injury,Rear End,Vehicle Owner,unknown, ,0, ,Other, , , , , , , , , , , ,Yes, ,Yes, , , , ,Yes, , , ,"23,22",,,10,,4202
-79.55439,43.676345,5404320,1057990,2008,2008-08-21T04:00:00.000Z,1755,17,EGLINTON Aven W,LLOYD MANOR Road, ,Major Arterial,Etobicoke York,43.676345,-79.55439,Mid-Block, ,No Control,Clear,Daylight,Dry,Non-Fatal Injury,Rear End,Truck Driver,25 to 29,None,0,East,Truck - Open,Going Ahead,Following too Close,Normal, , , , , , , , ,Yes, ,Yes, , , , ,Yes, , , ,"23,22",,,10,,4203
-79.55439,43.676345,5404321,1057990,2008,2008-08-21T04:00:00.000Z,1755,17,EGLINTON Aven W,LLOYD MANOR Road, ,Major Arterial,Etobicoke York,43.676345,-79.55439,Mid-Block, ,No Control,Clear,Daylight,Dry,Non-Fatal Injury,Rear End,Driver,30 to 34,None,0,East,"Automobile, Station Wagon",Stopped,Driving Properly,Normal, , , , , , , , ,Yes, ,Yes, , , , ,Yes, , , ,"23,22",,,10,,4204
-79.55439,43.676345,5404322,1057990,2008,2008-08-21T04:00:00.000Z,1755,17,EGLINTON Aven W,LLOYD MANOR Road, ,Major Arterial,Etobicoke York,43.676345,-79.55439,Mid-Block, ,No Control,Clear,Daylight,Dry,Non-Fatal Injury,Rear End,Driver,60 to 64,None,0,East,"Automobile, Station Wagon",Stopped,Driving Properly,Normal, , , , , , , , ,Yes, ,Yes, , , , ,Yes, , , ,"23,22",,,10,,4205
-79.55439,43.676345,5404323,1057990,2008,2008-08-21T04:00:00.000Z,1755,17,EGLINTON Aven W,LLOYD MANOR Road, ,Major Arterial,Etobicoke York,43.676345,-79.55439,Mid-Block, ,No Control,Clear,Daylight,Dry,Non-Fatal Injury,Rear End,Driver,40 to 44,Major,0,East,"Automobile, Station Wagon",Stopped,Driving Properly,Normal, , , , , , , , ,Yes, ,Yes, , , , ,Yes, , , ,"23,22",,,10,,4206
-79.31159,43.693645,5420531,1064977,2008,2008-10-17T04:00:00.000Z,1755,17,LUMSDEN AVE,GLEDHILL AVE, ,Minor Arterial,Toronto and East York,43.693645,-79.31159,Intersection,At Intersection,Pedestrian Crossover,Clear,Daylight,Dry,Fatal,Pedestrian Collisions,Driver,80 to 84,None,0,West,"Automobile, Station Wagon",Going Ahead,Failed to Yield Right of Way,Had Been Drinking, , , , , , ,Yes, ,Yes, , , , , , ,Yes, , , ,54,,,60,,4207
-79.36859,43.652145,6214562,1199427,2010,2010-10-02T04:00:00.000Z,1810,18,ADELAIDE ST E,SHERBOURNE ST, ,Major Arterial,Toronto and East York,43.652145,-79.36859,Intersection,At Intersection,Traffic Signal,Clear,Daylight,Dry,Non-Fatal Injury,Angle,Driver,20 to 24,None,0,East,"Automobile, Station Wagon",Going Ahead,Driving Properly,Normal, , , , , , , , ,Yes,Yes, , , , , ,Yes,Yes, , ,51,,,73,,4208