X,Y,Index_,ACCNUM,YEAR,DATE,TIME,Hour,STREET1,STREET2,OFFSET,ROAD_CLASS,District,LATITUDE,LONGITUDE,LOCCOORD,ACCLOC,TRAFFCTL,VISIBILITY,LIGHT,RDSFCOND,ACCLASS,IMPACTYPE,INVTYPE,INVAGE,INJURY,FATAL_NO,INITDIR,VEHTYPE,MANOEUVER,DRIVACT,DRIVCOND,PEDTYPE,PEDACT,PEDCOND,CYCLISTYPE,CYCACT,CYCCOND,PEDESTRIAN,CYCLIST,AUTOMOBILE,MOTORCYCLE,TRUCK,TRSN_CITY_,EMERG_VEH,PASSENGER,SPEEDING,AG_DRIV,REDLIGHT,ALCOHOL,DISABILITY,Division,Ward_Name,Ward_ID,Hood_ID,Hood_Name,ObjectId
-79.34039,43.668145,5201757,1087632,2009,2009-01-09T05:00:00.000Z,1640,16,GERRARD ST E,PAPE AVE, ,Minor Arterial,Toronto and East York,43.668145,-79.34039,Intersection,At Intersection,Traffic Signal,Clear,Daylight,Wet,Non-Fatal Injury,Pedestrian Collisions,Pedestrian,50 to 54,Major,0,East,Other, , , ,Vehicle turns left while ped crosses with ROW at inter.,Crossing with right of way,Normal, , , ,Yes, ,Yes, , , , , , ,Yes, , , ,55,,,70,,4388
-79.51984,43.699214,80542714,6000944060,2016,2016-05-31T04:00:00.000Z,1756,17,LAWRENCE AVE W,LITTLE AVE,5 m West of,Major Arterial,Etobicoke York,43.699214,-79.51984,Intersection,At Intersection,Traffic Signal,Clear,Daylight,Dry,Non-Fatal Injury,Pedestrian Collisions,Pedestrian,55 to 59,Major,0,North, , , , ,Vehicle turns right while ped crosses with ROW at inter.,Crossing with right of way,Normal, , , ,Yes, ,Yes, , , , ,Yes, ,Yes, , , ,12,,,113,,4389
-79.36759,43.663245,7408711,1291534,2012,2012-03-02T05:00:00.000Z,1812,18,PARLIAMENT ST,SPRUCE ST, ,Minor Arterial,Toronto and East York,43.663245,-79.36759,Intersection, ,No Control,Clear,Daylight,Dry,Non-Fatal Injury,Pedestrian Collisions,Pedestrian,30 to 34,Minimal,0,East,Other, , , ,Pedestrian hit at mid-block,Walking on Roadway with Traffic,Normal, , , ,Yes, , ,Yes, , , , ,Yes,Yes, , , ,51,,,73,,4390
-79.51984,43.699214,80542715,6000944060,2016,2016-05-31T04:00:00.000Z,1756,17,LAWRENCE AVE W,LITTLE AVE,5 m West of,Major Arterial,Etobicoke York,43.699214,-79.51984,Intersection,At Intersection,Traffic Signal,Clear,Daylight,Dry,Non-Fatal Injury,Pedestrian Collisions,Passenger,5 to 9,None,0, , , , , , , , , , , ,Yes, ,Yes, , , , ,Yes, ,Yes, , , ,12,,,113,,4391
-79.49569,43.676145,5253048,1110609,2009,2009-05-22T04:00:00.000Z,1845,18,JANE Stre,ALLIANCE Aven, ,Major Arterial,Etobicoke York,43.676145,-79.49569,Intersection,At Intersection,Traffic Signal,Clear,Daylight,Dry,Non-Fatal Injury,Rear End,Passenger,45 to 49,Major,0, ,Other, , , , , , , , , , , ,Yes, , , , ,Yes, ,Yes, , , ,12,,,111,,4392
-79.22049,43.810045,6199854,1193206,2010,2010-09-02T04:00:00.000Z,1715,17,MCLEVIN AVE,HUPFIELD TRL, ,Minor Arterial,Scarborough,43.810045,-79.22049,Mid-Block, ,No Control,Clear,Daylight,Dry,Non-Fatal Injury,Rear End,Driver,45 to 49,Minimal,0,West,Other,Parked,Driving Properly,Unknown, , , , , , , , ,Yes, , , , ,Yes,Yes,Yes, , , ,42,,,132,,4393
-79.363429,43.645873,80545822,6001157650,2016,2016-07-02T04:00:00.000Z,1812,18,QUEENS QUAY E,BONNYCASTLE ST,65.6 M E of,Minor Arterial,Toronto and East York,43.645873,-79.363429,Mid-Block,Non Intersection,No Control,Clear,Daylight,Dry,Fatal,SMV Other,Passenger,35 to 39,Fatal,45, , , , , , , , , , , , , ,Yes, , , , ,Yes,Yes,Yes, , , ,51,,,77,,4394
-79.49569,43.676145,5253049,1110609,2009,2009-05-22T04:00:00.000Z,1845,18,JANE Stre,ALLIANCE Aven, ,Major Arterial,Etobicoke York,43.676145,-79.49569,Intersection,At Intersection,Traffic Signal,Clear,Daylight,Dry,Non-Fatal Injury,Rear End,Driver,50 to 54,None,0,North,"Automobile, Station Wagon",Going Ahead,Following too Close,Inattentive, , , , , , , , ,Yes, , , , ,Yes, ,Yes, , , ,12,,,111,,4395
-79.51984,43.699214,80542716,6000944060,2016,2016-05-31T04:00:00.000Z,1756,17,LAWRENCE AVE W,LITTLE AVE,5 m West of,Major Arterial,Etobicoke York,43.699214,-79.51984,Intersection,At Intersection,Traffic Signal,Clear,Daylight,Dry,Non-Fatal Injury,Pedestrian Collisions,Passenger,0 to 4,None,0, , , , , , , , , , , ,Yes, ,Yes, , , , ,Yes, ,Yes, , , ,12,,,113,,4396
-79.479076,43.650492,80153606,4001652316,2014,2014-03-06T05:00:00.000Z,1730,17,BLOOR ST W,DURIE ST, ,Major Arterial,Toronto and East York,43.650492,-79.479076,Intersection,At Intersection,Traffic Signal,Clear,Daylight,Dry,Non-Fatal Injury,Pedestrian Collisions,Driver,25 to 29,None,0,West,Pick Up Truck,Going Ahead,Disobeyed Traffic Control,Inattentive, , , , , , ,Yes, ,Yes, , , , , , ,Yes,Yes, , ,11,,,87,,4397
-79.619922,43.723643,80218467,4002915951,2014,2014-09-15T04:00:00.000Z,1655,16,HUMBERWOOD BLVD,HULLRICK DR,15 m East of,Collector,Etobicoke York,43.723643,-79.619922,Intersection,Non Intersection,No Control,Rain,Daylight,Wet,Non-Fatal Injury,Approaching,Driver,25 to 29,Major,0,West,"Automobile, Station Wagon",Overtaking,Speed too Fast For Condition,Normal, , , , , , , , ,Yes, , , , , ,Yes,Yes, , , ,23,,,1,,4398
-79.39189,43.641745,6675460,1253834,2011,2011-08-16T04:00:00.000Z,1640,16,BLUE JAYS WAY,NAVY WHARF CRT, ,Minor Arterial,Toronto and East York,43.641745,-79.39189,Intersection,At Intersection,No Control,Clear,Daylight,Dry,Non-Fatal Injury,Cyclist Collisions,Driver,unknown,None,0,West,"Automobile, Station Wagon",Going Ahead,Failed to Yield Right of Way,Unknown, , , , , , , ,Yes,Yes, , , , , , ,Yes, , , ,52,,,77,,4399
-79.42979,43.719245,5864086,1148477,2009,2009-12-25T05:00:00.000Z,1845,18,LAWRENCE AVE W,BATHURST ST, ,Major Arterial,North York,43.719245,-79.42979,Intersection,At Intersection,Traffic Signal,Rain,Dark,Wet,Non-Fatal Injury,Pedestrian Collisions,Driver,20 to 24,None,0,South,"Automobile, Station Wagon",Turning Left,Failed to Yield Right of Way,Normal, , , , , , ,Yes, ,Yes, , , , , , ,Yes, , , ,"32,13,53",,,39,,4400
-79.479076,43.650492,80153607,4001652316,2014,2014-03-06T05:00:00.000Z,1730,17,BLOOR ST W,DURIE ST, ,Major Arterial,Toronto and East York,43.650492,-79.479076,Intersection,At Intersection,Traffic Signal,Clear,Daylight,Dry,Non-Fatal Injury,Pedestrian Collisions,Pedestrian,60 to 64,Major,0,South, , , , ,Vehicle is going straight thru inter.while ped cross with ROW,Crossing with right of way,Normal, , , ,Yes, ,Yes, , , , , , ,Yes,Yes, , ,11,,,87,,4401
-79.22049,43.810045,6199855,1193206,2010,2010-09-02T04:00:00.000Z,1715,17,MCLEVIN AVE,HUPFIELD TRL, ,Minor Arterial,Scarborough,43.810045,-79.22049,Mid-Block, ,No Control,Clear,Daylight,Dry,Non-Fatal Injury,Rear End,Passenger,25 to 29,Major,0, ,Other, , , , , , , , , , , ,Yes, , , , ,Yes,Yes,Yes, , , ,42,,,132,,4402
-79.363429,43.645873,80545838,6001157650,2016,2016-07-02T04:00:00.000Z,1812,18,QUEENS QUAY E,BONNYCASTLE ST,65.6 M E of,Minor Arterial,Toronto and East York,43.645873,-79.363429,Mid-Block,Non Intersection,No Control,Clear,Daylight,Dry,Fatal,SMV Other,Driver,30 to 34,Major,0,East,"Automobile, Station Wagon",Going Ahead,Exceeding Speed Limit,Inattentive, , , , , , , , ,Yes, , , , ,Yes,Yes,Yes, , , ,51,,,77,,4403
-79.39189,43.641745,6675461,1253834,2011,2011-08-16T04:00:00.000Z,1640,16,BLUE JAYS WAY,NAVY WHARF CRT, ,Minor Arterial,Toronto and East York,43.641745,-79.39189,Intersection,At Intersection,No Control,Clear,Daylight,Dry,Non-Fatal Injury,Cyclist Collisions,Cyclist,25 to 29,Major,0,West,Bicycle,Turning Left, , , , , ,Cyclist turned left across motorists path.,Driving Properly,Normal, ,Yes,Yes, , , , , , ,Yes, , , ,52,,,77,,4404
-79.42979,43.719245,5864087,1148477,2009,2009-12-25T05:00:00.000Z,1845,18,LAWRENCE AVE W,BATHURST ST, ,Major Arterial,North York,43.719245,-79.42979,Intersection,At Intersection,Traffic Signal,Rain,Dark,Wet,Non-Fatal Injury,Pedestrian Collisions,Pedestrian,55 to 59,Minor,0,South,Other, , , ,Vehicle turns left while ped crosses with ROW at inter.,Crossing with right of way,Normal, , , ,Yes, ,Yes, , , , , , ,Yes, , , ,"32,13,53",,,39,,4405
-79.530544,43.646765,80156688,4001840034,2014,2014-04-06T04:00:00.000Z,1730,17,DUNDAS ST W,MABELLE AVE, ,Major Arterial,Etobicoke York,43.646765,-79.530544,Intersection,At Intersection,Traffic Signal,Clear,Daylight,Dry,Non-Fatal Injury,Pedestrian Collisions,Driver,70 to 74,None,0,North,"Automobile, Station Wagon",Turning Left,Failed to Yield Right of Way,Inattentive, , , , , , ,Yes, ,Yes, , , , ,Yes, ,Yes, , , ,22,,,14,,4406
-79.22049,43.810045,6199856,1193206,2010,2010-09-02T04:00:00.000Z,1715,17,MCLEVIN AVE,HUPFIELD TRL, ,Minor Arterial,Scarborough,43.810045,-79.22049,Mid-Block, ,No Control,Clear,Daylight,Dry,Non-Fatal Injury,Rear End,Driver,20 to 24,Major,0,West,"Automobile, Station Wagon",Going Ahead,Speed too Fast For Condition,Normal, , , , , , , , ,Yes, , , , ,Yes,Yes,Yes, , , ,42,,,132,,4407
-79.34669,43.656645,5445162,1076080,2008,2008-11-25T05:00:00.000Z,1814,18,324 EASTERN AVE, , ,Major Arterial,Toronto and East York,43.656645,-79.34669,Intersection, ,No Control,Rain,Dark,Wet,Non-Fatal Injury,Cyclist Collisions,Driver,40 to 44,None,0,South,"Automobile, Station Wagon",Turning Right,Failed to Yield Right of Way,Normal, , , , , , , ,Yes,Yes, , , , , , ,Yes, , , ,55,,,70,,4408
-79.619922,43.723643,80218468,4002915951,2014,2014-09-15T04:00:00.000Z,1655,16,HUMBERWOOD BLVD,HULLRICK DR,15 m East of,Collector,Etobicoke York,43.723643,-79.619922,Intersection,Non Intersection,No Control,Rain,Daylight,Wet,Non-Fatal Injury,Approaching,Driver,30 to 34,Minor,0,East,"Automobile, Station Wagon",Going Ahead,Driving Properly,Normal, , , , , , , , ,Yes, , , , , ,Yes,Yes, , , ,23,,,1,,4409
-79.51984,43.699214,80542717,6000944060,2016,2016-05-31T04:00:00.000Z,1756,17,LAWRENCE AVE W,LITTLE AVE,5 m West of,Major Arterial,Etobicoke York,43.699214,-79.51984,Intersection,At Intersection,Traffic Signal,Clear,Daylight,Dry,Non-Fatal Injury,Pedestrian Collisions,Passenger,0 to 4,None,0, , , , , , , , , , , ,Yes, ,Yes, , , , ,Yes, ,Yes, , , ,12,,,113,,4410
-79.417903,43.727889,80156118,4001802886,2014,2014-03-31T04:00:00.000Z,1715,17,AVENUE RD,FAIRLAWN AVE, ,Major Arterial,North York,43.727889,-79.417903,Intersection,At Intersection,Traffic Signal,Clear,Daylight,Dry,Non-Fatal Injury,Pedestrian Collisions,Driver,25 to 29,None,0,South,"Automobile, Station Wagon",Going Ahead,Disobeyed Traffic Control,Inattentive, , , , , , ,Yes, ,Yes, , , , , , ,Yes,Yes, , ,32,,,39,,4411
-79.34669,43.656645,5445163,1076080,2008,2008-11-25T05:00:00.000Z,1814,18,324 EASTERN AVE, , ,Major Arterial,Toronto and East York,43.656645,-79.34669,Intersection, ,No Control,Rain,Dark,Wet,Non-Fatal Injury,Cyclist Collisions,Cyclist,35 to 39,Major,0,East,Bicycle,Going Ahead, , , , , ,"Motorist turns right at non-signal Inter.(stop, yield, no cont.,and dwy) and strikes cyclist.",Driving Properly,Normal, ,Yes,Yes, , , , , , ,Yes, , , ,55,,,70,,4412
-79.520641,43.683287,80975832,8001758367,2018,2018-09-22T04:00:00.000Z,1655,16,EGLINTON AV W,RICHVIEW RD,400 m East of,Major Arterial,Etobicoke York,43.683287,-79.520641,Mid-Block,Non Intersection,Stop Sign,Clear,Daylight,Dry,Non-Fatal Injury,Turning Movement,Motorcycle Driver,35 to 39,Major,0,East,Motorcycle,Going Ahead,Driving Properly,Normal, , , , , , , , ,Yes,Yes, , , , ,Yes,Yes, , , ,"23,22",,,9,,4413
-79.42979,43.719245,5864088,1148477,2009,2009-12-25T05:00:00.000Z,1845,18,LAWRENCE AVE W,BATHURST ST, ,Major Arterial,North York,43.719245,-79.42979,Intersection,At Intersection,Traffic Signal,Rain,Dark,Wet,Non-Fatal Injury,Pedestrian Collisions,Pedestrian,30 to 34,Major,0,South,Other, , , ,Vehicle turns left while ped crosses with ROW at inter.,Crossing with right of way,Normal, , , ,Yes, ,Yes, , , , , , ,Yes, , , ,"32,13,53",,,39,,4414
-79.530544,43.646765,80156689,4001840034,2014,2014-04-06T04:00:00.000Z,1730,17,DUNDAS ST W,MABELLE AVE, ,Major Arterial,Etobicoke York,43.646765,-79.530544,Intersection,At Intersection,Traffic Signal,Clear,Daylight,Dry,Non-Fatal Injury,Pedestrian Collisions,Passenger,80 to 84,None,0, , , , , , , , , , , ,Yes, ,Yes, , , , ,Yes, ,Yes, , , ,22,,,14,,4415
-79.417903,43.727889,80156119,4001802886,2014,2014-03-31T04:00:00.000Z,1715,17,AVENUE RD,FAIRLAWN AVE, ,Major Arterial,North York,43.727889,-79.417903,Intersection,At Intersection,Traffic Signal,Clear,Daylight,Dry,Non-Fatal Injury,Pedestrian Collisions,Pedestrian,25 to 29,Major,0,East, , , , ,Vehicle is going straight thru inter.while ped cross with ROW,Crossing with right of way,Normal, , , ,Yes, ,Yes, , , , , , ,Yes,Yes, , ,32,,,39,,4416
-79.28099,43.712045,7474505,1319386,2012,2012-08-31T04:00:00.000Z,1640,16,ST CLAIR AVE E,WARDEN AVE, ,Major Arterial,Scarborough,43.712045,-79.28099,Intersection,At Intersection,Traffic Signal,Clear,Daylight,Dry,Non-Fatal Injury,Turning Movement,Driver,45 to 49,None,0,South,"Automobile, Station Wagon",Stopped,Driving Properly,Normal, , , , , , , , ,Yes, , , , ,Yes, ,Yes,Yes, , ,41,,,120,,4417
-79.55879,43.748545,6107736,1153216,2010,2010-01-25T05:00:00.000Z,1845,18,GRACEDALE BLVD,FINCH AVE W, ,Major Arterial,Etobicoke York,43.748545,-79.55879,Intersection,At Intersection,No Control,Clear,Dusk,Wet,Non-Fatal Injury,Pedestrian Collisions,Driver,unknown,None,0,East,"Automobile, Station Wagon",Turning Left,Failed to Yield Right of Way,Unknown, , , , , , ,Yes, ,Yes, , , , , , ,Yes, , , ,31,,,22,,4418
-79.530544,43.646765,80156690,4001840034,2014,2014-04-06T04:00:00.000Z,1730,17,DUNDAS ST W,MABELLE AVE, ,Major Arterial,Etobicoke York,43.646765,-79.530544,Intersection,At Intersection,Traffic Signal,Clear,Daylight,Dry,Non-Fatal Injury,Pedestrian Collisions,Pedestrian,55 to 59,Major,0,South, , , , ,Vehicle turns left while ped crosses with ROW at inter.,Crossing with right of way,Unknown, , , ,Yes, ,Yes, , , , ,Yes, ,Yes, , , ,22,,,14,,4419
-79.340778,43.653514,80251330,5001652822,2015,2015-09-23T04:00:00.000Z,1715,17,BOOTH AVE,LAKE SHORE BLVD E,1 m North of,Expressway,Toronto and East York,43.653514,-79.340778,Intersection,At Intersection,Stop Sign,Clear,Daylight,Dry,Non-Fatal Injury,Cyclist Collisions,Driver,60 to 64,None,0,South,"Automobile, Station Wagon",Turning Right,Failed to Yield Right of Way,Inattentive, , , , , , , ,Yes,Yes, , , , ,Yes, ,Yes, , , ,55,,,70,,4420
-79.44279,43.658645,5399210,1055801,2008,2008-08-01T04:00:00.000Z,1815,18,LANSDOWNE Aven,BLOOR Stre W, ,Minor Arterial,Toronto and East York,43.658645,-79.44279,Mid-Block, ,No Control,Clear,Daylight,Dry,Non-Fatal Injury,Turning Movement,Vehicle Owner,unknown, ,0, ,Other, , , , , , , , , , , ,Yes, , , , , , ,Yes, , , ,11,,,93,,4421
-79.28099,43.712045,7474506,1319386,2012,2012-08-31T04:00:00.000Z,1640,16,ST CLAIR AVE E,WARDEN AVE, ,Major Arterial,Scarborough,43.712045,-79.28099,Intersection,At Intersection,Traffic Signal,Clear,Daylight,Dry,Non-Fatal Injury,Turning Movement,Passenger,65 to 69,Major,0, ,Other, , , , , , , , , , , ,Yes, , , , ,Yes, ,Yes,Yes, , ,41,,,120,,4422
-79.30589,43.706945,5866532,1139022,2009,2009-11-02T05:00:00.000Z,1758,17,ST CLAIR Aven E,SELWYN Aven, ,Major Arterial,Toronto and East York,43.706945,-79.30589,Intersection,At Intersection,Traffic Signal,Rain,Dark,Wet,Non-Fatal Injury,Pedestrian Collisions,Driver,60 to 64,None,0,South, ,Turning Left,Failed to Yield Right of Way,Normal, , , , , , ,Yes, , , , , , , , ,Yes, , , ,54,,,54,,4423
-79.520641,43.683287,80975833,8001758367,2018,2018-09-22T04:00:00.000Z,1655,16,EGLINTON AV W,RICHVIEW RD,400 m East of,Major Arterial,Etobicoke York,43.683287,-79.520641,Mid-Block,Non Intersection,Stop Sign,Clear,Daylight,Dry,Non-Fatal Injury,Turning Movement,Driver,45 to 49,None,0,North,"Automobile, Station Wagon",Turning Right,Failed to Yield Right of Way,Normal, , , , , , , , ,Yes,Yes, , , , ,Yes,Yes, , , ,"23,22",,,9,,4424
-79.44279,43.658645,5399211,1055801,2008,2008-08-01T04:00:00.000Z,1815,18,LANSDOWNE Aven,BLOOR Stre W, ,Minor Arterial,Toronto and East York,43.658645,-79.44279,Mid-Block, ,No Control,Clear,Daylight,Dry,Non-Fatal Injury,Turning Movement,Driver,25 to 29,Major,0,South,"Automobile, Station Wagon",Going Ahead,Driving Properly,Normal, , , , , , , , ,Yes, , , , , , ,Yes, , , ,11,,,93,,4425
-79.30589,43.706945,5866533,1139022,2009,2009-11-02T05:00:00.000Z,1758,17,ST CLAIR Aven E,SELWYN Aven, ,Major Arterial,Toronto and East York,43.706945,-79.30589,Intersection,At Intersection,Traffic Signal,Rain,Dark,Wet,Non-Fatal Injury,Pedestrian Collisions,Pedestrian,15 to 19,Major,0,North,Other, , , ,Vehicle turns left while ped crosses with ROW at inter.,Crossing with right of way,Normal, , , ,Yes, , , , , , , , ,Yes, , , ,54,,,54,,4426
-79.28099,43.712045,7474507,1319386,2012,2012-08-31T04:00:00.000Z,1640,16,ST CLAIR AVE E,WARDEN AVE, ,Major Arterial,Scarborough,43.712045,-79.28099,Intersection,At Intersection,Traffic Signal,Clear,Daylight,Dry,Non-Fatal Injury,Turning Movement,Driver,15 to 19,Minimal,0,East,"Automobile, Station Wagon",Turning Left,Driving Properly,Normal, , , , , , , , ,Yes, , , , ,Yes, ,Yes,Yes, , ,41,,,120,,4427
-79.55879,43.748545,6107737,1153216,2010,2010-01-25T05:00:00.000Z,1845,18,GRACEDALE BLVD,FINCH AVE W, ,Major Arterial,Etobicoke York,43.748545,-79.55879,Intersection,At Intersection,No Control,Clear,Dusk,Wet,Non-Fatal Injury,Pedestrian Collisions,Pedestrian,50 to 54,Major,0,East,Other, , , ,Vehicle turns left while ped crosses with ROW at inter.,Crossing with right of way,Normal, , , ,Yes, ,Yes, , , , , , ,Yes, , , ,31,,,22,,4428
-79.308833,43.753657,80219803,4003042543,2014,2014-10-04T04:00:00.000Z,1730,17,PHARMACY AVE,PRINCEWAY DR,55 m North of,Minor Arterial,Scarborough,43.753657,-79.308833,Mid-Block,Non Intersection,No Control,Clear,Daylight,Dry,Non-Fatal Injury,Turning Movement,Driver,55 to 59,None,0,North,"Automobile, Station Wagon",Turning Left,Failed to Yield Right of Way,Inattentive, , , , , , , , ,Yes,Yes, , , ,Yes, ,Yes, , , ,41,,,119,,4429
-79.340778,43.653514,80251331,5001652822,2015,2015-09-23T04:00:00.000Z,1715,17,BOOTH AVE,LAKE SHORE BLVD E,1 m North of,Expressway,Toronto and East York,43.653514,-79.340778,Intersection,At Intersection,Stop Sign,Clear,Daylight,Dry,Non-Fatal Injury,Cyclist Collisions,Cyclist,40 to 44,Major,0,East,Bicycle,Going Ahead, , , , , ,"Motorist turns right at non-signal Inter.(stop, yield, no cont.,and dwy) and strikes cyclist.",Driving Properly,Normal, ,Yes,Yes, , , , ,Yes, ,Yes, , , ,55,,,70,,4430
-79.308833,43.753657,80219804,4003042543,2014,2014-10-04T04:00:00.000Z,1730,17,PHARMACY AVE,PRINCEWAY DR,55 m North of,Minor Arterial,Scarborough,43.753657,-79.308833,Mid-Block,Non Intersection,No Control,Clear,Daylight,Dry,Non-Fatal Injury,Turning Movement,Motorcycle Driver,25 to 29,Major,0,South,Motorcycle,Going Ahead,Lost control,Normal, , , , , , , , ,Yes,Yes, , , ,Yes, ,Yes, , , ,41,,,119,,4431
-79.308833,43.753657,80219805,4003042543,2014,2014-10-04T04:00:00.000Z,1730,17,PHARMACY AVE,PRINCEWAY DR,55 m North of,Minor Arterial,Scarborough,43.753657,-79.308833,Mid-Block,Non Intersection,No Control,Clear,Daylight,Dry,Non-Fatal Injury,Turning Movement,Passenger,60 to 64,None,0, , , , , , , , , , , , , ,Yes,Yes, , , ,Yes, ,Yes, , , ,41,,,119,,4432
-79.340778,43.653514,80251332,5001652822,2015,2015-09-23T04:00:00.000Z,1715,17,BOOTH AVE,LAKE SHORE BLVD E,1 m North of,Expressway,Toronto and East York,43.653514,-79.340778,Intersection,At Intersection,Stop Sign,Clear,Daylight,Dry,Non-Fatal Injury,Cyclist Collisions,Passenger,65 to 69,None,0, , , , , , , , , , , , ,Yes,Yes, , , , ,Yes, ,Yes, , , ,55,,,70,,4433
-79.33609,43.772945,7816964,1355516,2013,2013-04-12T04:00:00.000Z,1845,18,YORKLAND Blvd,CONSUMERS Rd, ,Minor Arterial,North York,43.772945,-79.33609,Mid-Block, ,No Control,Clear,Daylight,Wet,Non-Fatal Injury,SMV Other,Driver,30 to 34,Major,0,West,"Automobile, Station Wagon",Turning Left,Speed too Fast For Condition,Inattentive, , , , , , , , ,Yes, , , , , ,Yes,Yes, , , ,33,,,53,,4434
-79.320888,43.683928,80173527,4002857314,2014,2014-09-06T04:00:00.000Z,1758,17,DANFORTH AVE,WOODINGTON AVE, ,Major Arterial,Toronto and East York,43.683928,-79.320888,Intersection,At Intersection,Traffic Signal,Clear,Daylight,Dry,Non-Fatal Injury,Pedestrian Collisions,Driver,35 to 39,None,0,South,Delivery Van,Turning Left,Failed to Yield Right of Way,Inattentive, , , , , , ,Yes, ,Yes, , , , , , ,Yes, , , ,"54,55",,,64,,4435
-79.302364,43.692603,7889861,1386590,2013,2013-10-09T04:00:00.000Z,1658,16,SECORD AVE,BARRINGTON AVE, ,Collector,Toronto and East York,43.692603,-79.302364,Intersection, ,Stop Sign,Clear,Daylight,Dry,Non-Fatal Injury,Pedestrian Collisions,Passenger,0 to 4,None,0, ,Other, , , , , , , , , ,Yes, ,Yes, , , , ,Yes, ,Yes, , , ,54,,,61,,4436
-79.308833,43.753657,80219806,4003042543,2014,2014-10-04T04:00:00.000Z,1730,17,PHARMACY AVE,PRINCEWAY DR,55 m North of,Minor Arterial,Scarborough,43.753657,-79.308833,Mid-Block,Non Intersection,No Control,Clear,Daylight,Dry,Non-Fatal Injury,Turning Movement,Passenger,80 to 84,None,0, , , , , , , , , , , , , ,Yes,Yes, , , ,Yes, ,Yes, , , ,41,,,119,,4437
-79.44279,43.658645,5399212,1055801,2008,2008-08-01T04:00:00.000Z,1815,18,LANSDOWNE Aven,BLOOR Stre W, ,Minor Arterial,Toronto and East York,43.658645,-79.44279,Mid-Block, ,No Control,Clear,Daylight,Dry,Non-Fatal Injury,Turning Movement,Vehicle Owner,unknown, ,0, ,Other, , , , , , , , , , , ,Yes, , , , , , ,Yes, , , ,11,,,93,,4438
-79.431415,43.726615,80493933,5002054157,2015,2015-11-30T05:00:00.000Z,1715,17,BATHURST ST,MARMION AVE,7 m East of,Major Arterial,North York,43.726615,-79.431415,Intersection,Intersection Related,No Control,Clear,"Dark, artificial",Dry,Fatal,Pedestrian Collisions,Driver,25 to 29,None,0,South,Pick Up Truck,Turning Left,Failed to Yield Right of Way,Inattentive, , , , , , ,Yes, ,Yes, , , , , , ,Yes, , , ,32,,,39,,4439
-79.308833,43.753657,80219807,4003042543,2014,2014-10-04T04:00:00.000Z,1730,17,PHARMACY AVE,PRINCEWAY DR,55 m North of,Minor Arterial,Scarborough,43.753657,-79.308833,Mid-Block,Non Intersection,No Control,Clear,Daylight,Dry,Non-Fatal Injury,Turning Movement,Passenger,80 to 84,None,0, , , , , , , , , , , , , ,Yes,Yes, , , ,Yes, ,Yes, , , ,41,,,119,,4440
-79.44279,43.658645,5399213,1055801,2008,2008-08-01T04:00:00.000Z,1815,18,LANSDOWNE Aven,BLOOR Stre W, ,Minor Arterial,Toronto and East York,43.658645,-79.44279,Mid-Block, ,No Control,Clear,Daylight,Dry,Non-Fatal Injury,Turning Movement,Driver,20 to 24,Minimal,0,East,Other,Turning Left,Failed to Yield Right of Way,Normal, , , , , , , , ,Yes, , , , , , ,Yes, , , ,11,,,93,,4441
-79.308833,43.753657,80219808,4003042543,2014,2014-10-04T04:00:00.000Z,1730,17,PHARMACY AVE,PRINCEWAY DR,55 m North of,Minor Arterial,Scarborough,43.753657,-79.308833,Mid-Block,Non Intersection,No Control,Clear,Daylight,Dry,Non-Fatal Injury,Turning Movement,Passenger,50 to 54,None,0, , , , , , , , , , , , , ,Yes,Yes, , , ,Yes, ,Yes, , , ,41,,,119,,4442
-79.431415,43.726615,80493934,5002054157,2015,2015-11-30T05:00:00.000Z,1715,17,BATHURST ST,MARMION AVE,7 m East of,Major Arterial,North York,43.726615,-79.431415,Intersection,Intersection Related,No Control,Clear,"Dark, artificial",Dry,Fatal,Pedestrian Collisions,Pedestrian,65 to 69,Fatal,60,Unknown, , , , ,Vehicle turns left while ped crosses with ROW at inter.,"Crossing, no Traffic Control",Normal, , , ,Yes, ,Yes, , , , , , ,Yes, , , ,32,,,39,,4443
-79.28629,43.803745,7840289,1365621,2013,2013-07-13T04:00:00.000Z,1845,18,FINCH AVE E,MIDLAND AVE, ,Major Arterial,Scarborough,43.803745,-79.28629,Intersection,At Intersection,Traffic Signal,Clear,Daylight,Dry,Non-Fatal Injury,Pedestrian Collisions,Driver,60 to 64,None,0,North,"Automobile, Station Wagon",Turning Left,Failed to Yield Right of Way,Inattentive, , , , , , ,Yes, ,Yes, , , , , , ,Yes, , , ,42,,,129,,4444
-79.28099,43.712045,7474508,1319386,2012,2012-08-31T04:00:00.000Z,1640,16,ST CLAIR AVE E,WARDEN AVE, ,Major Arterial,Scarborough,43.712045,-79.28099,Intersection,At Intersection,Traffic Signal,Clear,Daylight,Dry,Non-Fatal Injury,Turning Movement,Driver,40 to 44,Minor,0,West,"Automobile, Station Wagon",Going Ahead,Disobeyed Traffic Control,Normal, , , , , , , , ,Yes, , , , ,Yes, ,Yes,Yes, , ,41,,,120,,4445