X,Y,Index_,ACCNUM,YEAR,DATE,TIME,Hour,STREET1,STREET2,OFFSET,ROAD_CLASS,District,LATITUDE,LONGITUDE,LOCCOORD,ACCLOC,TRAFFCTL,VISIBILITY,LIGHT,RDSFCOND,ACCLASS,IMPACTYPE,INVTYPE,INVAGE,INJURY,FATAL_NO,INITDIR,VEHTYPE,MANOEUVER,DRIVACT,DRIVCOND,PEDTYPE,PEDACT,PEDCOND,CYCLISTYPE,CYCACT,CYCCOND,PEDESTRIAN,CYCLIST,AUTOMOBILE,MOTORCYCLE,TRUCK,TRSN_CITY_,EMERG_VEH,PASSENGER,SPEEDING,AG_DRIV,REDLIGHT,ALCOHOL,DISABILITY,Division,Ward_Name,Ward_ID,Hood_ID,Hood_Name,ObjectId
-79.471866,43.710231,80939417,8000514399,2018,2018-03-21T04:00:00.000Z,1720,17,LAWRENCE AVE W,BENTON RD,10 m East of,Major Arterial,Etobicoke York,43.710231,-79.471866,Intersection,At Intersection,Traffic Signal,Clear,Daylight,Dry,Non-Fatal Injury,Angle,Driver,55 to 59,Major,0,North,Passenger Van,Going Ahead,Driving Properly,Normal, , , , , , , , ,Yes, , , , , , ,Yes,Yes, , ,12,,,30,,4686
-79.246219,43.773245,80177976,4003154882,2014,2014-10-22T04:00:00.000Z,1803,18,PARKINGTON CRES,ELLESMERE RD, ,Major Arterial,Scarborough,43.773245,-79.246219,Intersection,At Intersection,Traffic Signal,Clear,Dusk,Dry,Non-Fatal Injury,Pedestrian Collisions,Truck Driver,65 to 69,None,0,South,Truck - Open,Turning Left,Driving Properly,Normal, , , , , , ,Yes, ,Yes, ,Yes, , , , ,Yes,Yes, , ,43,,,137,,4687
-79.27729,43.693645,5402359,1057170,2008,2008-08-04T04:00:00.000Z,1737,17,DANFORTH Road,DANFORTH Aven, ,Major Arterial,Scarborough,43.693645,-79.27729,Intersection,At Intersection,Traffic Signal,Clear,Daylight,Dry,Non-Fatal Injury,Rear End,Passenger,10 to 14,Minor,0, ,Other, , , , , , , , , , , ,Yes, , , , ,Yes, ,Yes, , ,Yes,41,,,121,,4688
-79.38647,43.698161,80199676,4000047040,2014,2014-12-08T05:00:00.000Z,1700,17,MT PLEASANT RD,MERTON ST, ,Major Arterial,Toronto and East York,43.698161,-79.38647,Intersection,At Intersection,Traffic Signal,Clear,"Dark, artificial",Dry,Non-Fatal Injury,Pedestrian Collisions,Driver,75 to 79,None,0,North,"Automobile, Station Wagon",Turning Left,Failed to Yield Right of Way,Inattentive, , , , , , ,Yes, ,Yes, , , , , , ,Yes, , , ,53,,,99,,4689
-79.222179,43.778483,80632081,6001365744,2016,2016-08-03T04:00:00.000Z,1822,18,ELLESMERE RD,HELICON GT, ,Major Arterial,Scarborough,43.778483,-79.222179,Intersection,At Intersection,Traffic Signal,Clear,Daylight,Dry,Non-Fatal Injury,Turning Movement,Driver,60 to 64,Minimal,0,West,"Automobile, Station Wagon",Going Ahead,Disobeyed Traffic Control,Inattentive, , , , , , , , ,Yes, , , , , , ,Yes,Yes, , ,43,,,135,,4690
-79.246219,43.773245,80177977,4003154882,2014,2014-10-22T04:00:00.000Z,1803,18,PARKINGTON CRES,ELLESMERE RD, ,Major Arterial,Scarborough,43.773245,-79.246219,Intersection,At Intersection,Traffic Signal,Clear,Dusk,Dry,Non-Fatal Injury,Pedestrian Collisions,Driver,25 to 29,None,0,West,"Automobile, Station Wagon",Going Ahead,Disobeyed Traffic Control,Inattentive, , , , , , ,Yes, ,Yes, ,Yes, , , , ,Yes,Yes, , ,43,,,137,,4691
-79.579456,43.651335,80946709,8001264786,2018,2018-07-11T04:00:00.000Z,1720,17,RATHBURN  RD,RENFORTH DR, ,Minor Arterial,Etobicoke York,43.651335,-79.579456,Intersection,At Intersection,Traffic Signal,Clear,Daylight,Dry,Non-Fatal Injury,Turning Movement,Driver,45 to 49,None,0,West,"Automobile, Station Wagon",Turning Left,Failed to Yield Right of Way,Normal, , , , , , , , ,Yes,Yes, , , , , ,Yes, , , ,22,,,13,,4692
-79.27729,43.693645,5402360,1057170,2008,2008-08-04T04:00:00.000Z,1737,17,DANFORTH Road,DANFORTH Aven, ,Major Arterial,Scarborough,43.693645,-79.27729,Intersection,At Intersection,Traffic Signal,Clear,Daylight,Dry,Non-Fatal Injury,Rear End,Vehicle Owner,unknown, ,0, ,Other, , , , , , , , , , , ,Yes, , , , ,Yes, ,Yes, , ,Yes,41,,,121,,4693
-79.55219,43.769145,7514256,1279961,2012,2012-02-10T05:00:00.000Z,1850,18,STEELES Ave W,KLONDIKE Dr, ,Major Arterial,Etobicoke York,43.769145,-79.55219,Intersection, ,No Control,Clear,"Dark, artificial",Dry,Non-Fatal Injury,Rear End,Passenger,40 to 44,Major,0, ,Other, , , , , , , , , , , ,Yes, , , , ,Yes,Yes,Yes, , , ,31,,,0,,4694
-79.620067,43.722979,80717846,6001582808,2016,2016-09-06T04:00:00.000Z,1643,16,HULLRICK DR,CINRICKBAR DR, ,Local,Etobicoke York,43.722979,-79.620067,Intersection,At Intersection,Stop Sign,Clear,Daylight,Dry,Non-Fatal Injury,Angle,Driver,50 to 54,Major,0,West,"Automobile, Station Wagon",Going Ahead,Driving Properly,Normal, , , , , , , , ,Yes, , , , ,Yes,Yes,Yes, , , ,23,,,1,,4695
-79.246219,43.773245,80177978,4003154882,2014,2014-10-22T04:00:00.000Z,1803,18,PARKINGTON CRES,ELLESMERE RD, ,Major Arterial,Scarborough,43.773245,-79.246219,Intersection,At Intersection,Traffic Signal,Clear,Dusk,Dry,Non-Fatal Injury,Pedestrian Collisions,Pedestrian,25 to 29,Major,0,South, , , , ,Vehicle turns left while ped crosses with ROW at inter.,Crossing with right of way,Normal, , , ,Yes, ,Yes, ,Yes, , , , ,Yes,Yes, , ,43,,,137,,4696
-79.27729,43.693645,5402361,1057170,2008,2008-08-04T04:00:00.000Z,1737,17,DANFORTH Road,DANFORTH Aven, ,Major Arterial,Scarborough,43.693645,-79.27729,Intersection,At Intersection,Traffic Signal,Clear,Daylight,Dry,Non-Fatal Injury,Rear End,Driver,30 to 34,Major,0,South,"Automobile, Station Wagon",Going Ahead,Following too Close,Medical or Physical Disability, , , , , , , , ,Yes, , , , ,Yes, ,Yes, , ,Yes,41,,,121,,4697
-79.55219,43.769145,7514257,1279961,2012,2012-02-10T05:00:00.000Z,1850,18,STEELES Ave W,KLONDIKE Dr, ,Major Arterial,Etobicoke York,43.769145,-79.55219,Intersection, ,No Control,Clear,"Dark, artificial",Dry,Non-Fatal Injury,Rear End,Other,unknown,None,0, ,Other, , , , , , , , , , , ,Yes, , , , ,Yes,Yes,Yes, , , ,31,,,0,,4698
-79.222179,43.778483,80632082,6001365744,2016,2016-08-03T04:00:00.000Z,1822,18,ELLESMERE RD,HELICON GT, ,Major Arterial,Scarborough,43.778483,-79.222179,Intersection,At Intersection,Traffic Signal,Clear,Daylight,Dry,Non-Fatal Injury,Turning Movement,Driver,55 to 59,Major,0,South,"Automobile, Station Wagon",Turning Left,Driving Properly,Normal, , , , , , , , ,Yes, , , , , , ,Yes,Yes, , ,43,,,135,,4699
-79.579456,43.651335,80946710,8001264786,2018,2018-07-11T04:00:00.000Z,1720,17,RATHBURN  RD,RENFORTH DR, ,Minor Arterial,Etobicoke York,43.651335,-79.579456,Intersection,At Intersection,Traffic Signal,Clear,Daylight,Dry,Non-Fatal Injury,Turning Movement,Motorcycle Driver,40 to 44,Major,0,East,Motorcycle,Going Ahead,Driving Properly,Normal, , , , , , , , ,Yes,Yes, , , , , ,Yes, , , ,22,,,13,,4700
-79.48809,43.658245,5052567,1139055,2009,2009-11-02T05:00:00.000Z,1823,18,JANE ST,ANNETTE ST, ,Major Arterial,Toronto and East York,43.658245,-79.48809,Intersection, ,Traffic Signal,Clear,Dark,Wet,Non-Fatal Injury,Turning Movement,Vehicle Owner,unknown, ,0, ,Other, , , , , , , , , , , ,Yes, , , , , , ,Yes, , , ,11,,,89,,4701
-79.463603,43.698886,80632029,6001057996,2016,2016-06-17T04:00:00.000Z,1737,17,CALEDONIA RD,CASTLEFIELD AVE,35 m North of,Minor Arterial,North York,43.698886,-79.463603,Mid-Block,Non Intersection,No Control,Clear,Daylight,Dry,Non-Fatal Injury,Turning Movement,Motorcycle Driver,20 to 24,Major,0,North,Motorcycle,Going Ahead,Exceeding Speed Limit,Normal, , , , , , , , ,Yes,Yes, , , , ,Yes,Yes, , , ,13,,,108,,4702
-79.42686,43.792102,80180577,4003325282,2014,2014-11-18T05:00:00.000Z,1804,18,MOORE PARK AVE,HILDA AVE, ,Collector,North York,43.792102,-79.42686,Intersection,At Intersection,Stop Sign,Clear,"Dark, artificial",Dry,Non-Fatal Injury,Cyclist Collisions,Driver,unknown,None,0,East,"Automobile, Station Wagon",Going Ahead,Failed to Yield Right of Way,Unknown, , , , , , , ,Yes,Yes, , , , , , ,Yes, , , ,32,,,36,,4703
-79.38647,43.698161,80199677,4000047040,2014,2014-12-08T05:00:00.000Z,1700,17,MT PLEASANT RD,MERTON ST, ,Major Arterial,Toronto and East York,43.698161,-79.38647,Intersection,At Intersection,Traffic Signal,Clear,"Dark, artificial",Dry,Non-Fatal Injury,Pedestrian Collisions,Pedestrian,65 to 69,Major,0, , , , , ,Vehicle turns left while ped crosses with ROW at inter., ,Unknown, , , ,Yes, ,Yes, , , , , , ,Yes, , , ,53,,,99,,4704
-79.35139,43.665745,7840756,1365804,2013,2013-05-23T04:00:00.000Z,1850,18,GERRARD St E,BROADVIEW Ave, ,Minor Arterial,Toronto and East York,43.665745,-79.35139,Mid-Block, ,No Control,Clear,Daylight,Dry,Non-Fatal Injury,Cyclist Collisions,Driver,50 to 54,None,0,East,"Automobile, Station Wagon",Parked,Failed to Yield Right of Way,Normal, , , , , , , ,Yes,Yes, , , , , , ,Yes, , , ,55,,,68,,4705
-79.620067,43.722979,80717847,6001582808,2016,2016-09-06T04:00:00.000Z,1643,16,HULLRICK DR,CINRICKBAR DR, ,Local,Etobicoke York,43.722979,-79.620067,Intersection,At Intersection,Stop Sign,Clear,Daylight,Dry,Non-Fatal Injury,Angle,Passenger,25 to 29,None,0, , , , , , , , , , , , , ,Yes, , , , ,Yes,Yes,Yes, , , ,23,,,1,,4706
-79.35139,43.665745,7840757,1365804,2013,2013-05-23T04:00:00.000Z,1850,18,GERRARD St E,BROADVIEW Ave, ,Minor Arterial,Toronto and East York,43.665745,-79.35139,Mid-Block, ,No Control,Clear,Daylight,Dry,Non-Fatal Injury,Cyclist Collisions,Cyclist,35 to 39,Major,0,East,Bicycle,Going Ahead, , , , , ,Cyclist struck opened vehicle door,Driving Properly,Normal, ,Yes,Yes, , , , , , ,Yes, , , ,55,,,68,,4707
-79.219951,43.745635,80251245,5001646824,2015,2015-09-23T04:00:00.000Z,1700,17,MARKHAM RD,DUNELM ST,165 m South of,Major Arterial,Scarborough,43.745635,-79.219951,Mid-Block,Non Intersection,No Control,Clear,Daylight,Dry,Non-Fatal Injury,Rear End,Driver,20 to 24,None,0,South,"Automobile, Station Wagon",Going Ahead,Following too Close,Normal, , , , , , , , ,Yes, , , , ,Yes, ,Yes, , , ,43,,,139,,4708
-79.48809,43.658245,5052568,1139055,2009,2009-11-02T05:00:00.000Z,1823,18,JANE ST,ANNETTE ST, ,Major Arterial,Toronto and East York,43.658245,-79.48809,Intersection, ,Traffic Signal,Clear,Dark,Wet,Non-Fatal Injury,Turning Movement,Driver,40 to 44,Minor,0,South,"Automobile, Station Wagon",Turning Left,Failed to Yield Right of Way,Normal, , , , , , , , ,Yes, , , , , , ,Yes, , , ,11,,,89,,4709
-79.42686,43.792102,80180578,4003325282,2014,2014-11-18T05:00:00.000Z,1804,18,MOORE PARK AVE,HILDA AVE, ,Collector,North York,43.792102,-79.42686,Intersection,At Intersection,Stop Sign,Clear,"Dark, artificial",Dry,Non-Fatal Injury,Cyclist Collisions,Cyclist,55 to 59,Major,0,South, ,Going Ahead, , , , , ,"Motorist without ROW drives into path of cyclist at inter, lnwy, dwy-Driver not turn.",Driving Properly,Normal, ,Yes,Yes, , , , , , ,Yes, , , ,32,,,36,,4710
-79.463603,43.698886,80632030,6001057996,2016,2016-06-17T04:00:00.000Z,1737,17,CALEDONIA RD,CASTLEFIELD AVE,35 m North of,Minor Arterial,North York,43.698886,-79.463603,Mid-Block,Non Intersection,No Control,Clear,Daylight,Dry,Non-Fatal Injury,Turning Movement,Driver,40 to 44,None,0,West,"Automobile, Station Wagon",Turning Right,Driving Properly,Normal, , , , , , , , ,Yes,Yes, , , , ,Yes,Yes, , , ,13,,,108,,4711
-79.526561,43.682265,80244230,5001168527,2015,2015-07-10T04:00:00.000Z,1850,18,EGLINTON AVE W,ROYAL YORK RD, ,Major Arterial,Etobicoke York,43.682265,-79.526561,Intersection,At Intersection,Traffic Signal,Clear,Daylight,Dry,Non-Fatal Injury,Turning Movement,Driver,unknown,None,0,West, ,Turning Left,Failed to Yield Right of Way,Unknown, , , , , , , , , ,Yes, , , , , ,Yes, , , ,"23,22",,,9,,4712
-79.219951,43.745635,80251246,5001646824,2015,2015-09-23T04:00:00.000Z,1700,17,MARKHAM RD,DUNELM ST,165 m South of,Major Arterial,Scarborough,43.745635,-79.219951,Mid-Block,Non Intersection,No Control,Clear,Daylight,Dry,Non-Fatal Injury,Rear End,Driver,65 to 69,Minimal,0,South,"Automobile, Station Wagon",Going Ahead,Driving Properly,Normal, , , , , , , , ,Yes, , , , ,Yes, ,Yes, , , ,43,,,139,,4713
-79.48809,43.658245,5052569,1139055,2009,2009-11-02T05:00:00.000Z,1823,18,JANE ST,ANNETTE ST, ,Major Arterial,Toronto and East York,43.658245,-79.48809,Intersection, ,Traffic Signal,Clear,Dark,Wet,Non-Fatal Injury,Turning Movement,Driver,55 to 59,Major,0,North,"Automobile, Station Wagon",Going Ahead,Driving Properly,Normal, , , , , , , , ,Yes, , , , , , ,Yes, , , ,11,,,89,,4714
-79.620067,43.722979,80717848,6001582808,2016,2016-09-06T04:00:00.000Z,1643,16,HULLRICK DR,CINRICKBAR DR, ,Local,Etobicoke York,43.722979,-79.620067,Intersection,At Intersection,Stop Sign,Clear,Daylight,Dry,Non-Fatal Injury,Angle,Passenger,15 to 19,None,0, , , , , , , , , , , , , ,Yes, , , , ,Yes,Yes,Yes, , , ,23,,,1,,4715
-79.244525,43.746295,80946941,8001217493,2018,2018-07-04T04:00:00.000Z,1720,17,DANFORTH RD,CARSLAKE CRES,10 m South of,Major Arterial,Scarborough,43.746295,-79.244525,Intersection,Intersection Related,No Control,Clear,Daylight,Dry,Non-Fatal Injury,Approaching,Driver,70 to 74,Major,0,South,"Automobile, Station Wagon",Going Ahead,Lost control,Normal, , , , , , , , ,Yes, , , , , ,Yes,Yes, , , ,43,,,127,,4716
-79.27009,43.813645,6649622,1242807,2011,2011-05-20T04:00:00.000Z,1738,17,MCCOWAN Road,BRIDLEY Driv, ,Major Arterial,Scarborough,43.813645,-79.27009,Mid-Block, ,No Control,Clear,Daylight,Dry,Non-Fatal Injury,Rear End,Driver,35 to 39,None,0,South,"Automobile, Station Wagon",Going Ahead,Driving Properly,Normal, , , , , , , , ,Yes, , , , ,Yes,Yes,Yes, , , ,42,,,129,,4717
-79.2196,43.813903,80496697,5000679922,2015,2015-04-24T04:00:00.000Z,1804,18,HUPFIELD TRL,GLANVIL CRES,20 m South of,Collector,Scarborough,43.813903,-79.2196,Intersection,Non Intersection,No Control,Clear,Daylight,Dry,Non-Fatal Injury,SMV Other,Driver,15 to 19,None,0,North,"Automobile, Station Wagon",Going Ahead,Lost control,Normal, , , , , , , , ,Yes, , , , ,Yes,Yes,Yes, , , ,42,,,132,,4718
-79.219951,43.745635,80251247,5001646824,2015,2015-09-23T04:00:00.000Z,1700,17,MARKHAM RD,DUNELM ST,165 m South of,Major Arterial,Scarborough,43.745635,-79.219951,Mid-Block,Non Intersection,No Control,Clear,Daylight,Dry,Non-Fatal Injury,Rear End,Driver,40 to 44,Major,0,South,"Automobile, Station Wagon",Going Ahead,Driving Properly,Normal, , , , , , , , ,Yes, , , , ,Yes, ,Yes, , , ,43,,,139,,4719
-79.244525,43.746295,80946942,8001217493,2018,2018-07-04T04:00:00.000Z,1720,17,DANFORTH RD,CARSLAKE CRES,10 m South of,Major Arterial,Scarborough,43.746295,-79.244525,Intersection,Intersection Related,No Control,Clear,Daylight,Dry,Non-Fatal Injury,Approaching,Driver,50 to 54,Major,0,North,"Automobile, Station Wagon",Going Ahead,Driving Properly,Normal, , , , , , , , ,Yes, , , , , ,Yes,Yes, , , ,43,,,127,,4720
-79.526561,43.682265,80244231,5001168527,2015,2015-07-10T04:00:00.000Z,1850,18,EGLINTON AVE W,ROYAL YORK RD, ,Major Arterial,Etobicoke York,43.682265,-79.526561,Intersection,At Intersection,Traffic Signal,Clear,Daylight,Dry,Non-Fatal Injury,Turning Movement,Motorcycle Driver,55 to 59,Major,0,East,Motorcycle,Going Ahead,Driving Properly,Normal, , , , , , , , , ,Yes, , , , , ,Yes, , , ,"23,22",,,9,,4721
-79.27009,43.813645,6649623,1242807,2011,2011-05-20T04:00:00.000Z,1738,17,MCCOWAN Road,BRIDLEY Driv, ,Major Arterial,Scarborough,43.813645,-79.27009,Mid-Block, ,No Control,Clear,Daylight,Dry,Non-Fatal Injury,Rear End,Passenger,20 to 24,Minor,0, ,Other, , , , , , , , , , , ,Yes, , , , ,Yes,Yes,Yes, , , ,42,,,129,,4722
-79.401088,43.646899,80632050,6001269035,2016,2016-07-19T04:00:00.000Z,1850,18,RICHMOND ST W,PORTLAND ST,27 m West of,Major Arterial,Toronto and East York,43.646899,-79.401088,Intersection,At/Near Private Drive,No Control,Clear,Daylight,Dry,Non-Fatal Injury,Cyclist Collisions,Driver,50 to 54,None,0,West,"Automobile, Station Wagon",Turning Right,Failed to Yield Right of Way,Inattentive, , , , , , , ,Yes,Yes, , , , , , ,Yes, , , ,14,,,77,,4723
-79.2196,43.813903,80496698,5000679922,2015,2015-04-24T04:00:00.000Z,1804,18,HUPFIELD TRL,GLANVIL CRES,20 m South of,Collector,Scarborough,43.813903,-79.2196,Intersection,Non Intersection,No Control,Clear,Daylight,Dry,Non-Fatal Injury,SMV Other,Passenger,15 to 19,Major,0, , , , , , , , , , , , , ,Yes, , , , ,Yes,Yes,Yes, , , ,42,,,132,,4724
-79.498782,43.684405,80976650,8002203656,2018,2018-11-30T05:00:00.000Z,1720,17,EGLINTON  AVE W,JANE ST, ,Major Arterial,Etobicoke York,43.684405,-79.498782,Intersection,At Intersection,Traffic Signal,Clear,Dusk,Dry,Non-Fatal Injury,Turning Movement,Driver,35 to 39,None,0,West,"Automobile, Station Wagon",Turning Left,Failed to Yield Right of Way,Inattentive, , , , , , , , ,Yes, , , , ,Yes, ,Yes, , , ,12,,,115,,4725
-79.219951,43.745635,80251248,5001646824,2015,2015-09-23T04:00:00.000Z,1700,17,MARKHAM RD,DUNELM ST,165 m South of,Major Arterial,Scarborough,43.745635,-79.219951,Mid-Block,Non Intersection,No Control,Clear,Daylight,Dry,Non-Fatal Injury,Rear End,Passenger,60 to 64,Minimal,0, , , , , , , , , , , , , ,Yes, , , , ,Yes, ,Yes, , , ,43,,,139,,4726
-79.401088,43.646899,80632051,6001269035,2016,2016-07-19T04:00:00.000Z,1850,18,RICHMOND ST W,PORTLAND ST,27 m West of,Major Arterial,Toronto and East York,43.646899,-79.401088,Intersection,At/Near Private Drive,No Control,Clear,Daylight,Dry,Non-Fatal Injury,Cyclist Collisions,Cyclist,25 to 29,Major,0,West,Bicycle,Going Ahead, , , , , ,"Motorist turns right at non-signal Inter.(stop, yield, no cont.,and dwy) and strikes cyclist.",Driving Properly,Normal, ,Yes,Yes, , , , , , ,Yes, , , ,14,,,77,,4727
-79.46649,43.682045,5313832,1017137,2008,2008-01-25T05:00:00.000Z,1823,18,ROGERS RD,KANE AVE, ,Minor Arterial,Toronto and East York,43.682045,-79.46649,Intersection, ,Stop Sign,Clear,Dark,Dry,Fatal,Angle,Passenger,55 to 59,Minor,0, ,Other, , , , , , , , , , , ,Yes, , , , ,Yes,Yes,Yes, , , ,12,,,110,,4728
-79.30159,43.722145,7429012,1300277,2012,2012-04-27T04:00:00.000Z,1644,16,1437 VICTORIA PARK AVE, , ,Major Arterial,Scarborough,43.722145,-79.30159,Mid-Block,At Intersection,No Control,Clear,Daylight,Dry,Non-Fatal Injury,Pedestrian Collisions,Driver,50 to 54,None,0,West,"Automobile, Station Wagon",Turning Left,Failed to Yield Right of Way,Normal, , , , , , ,Yes, ,Yes, , , , , , ,Yes, , , ,"54,41",,,120,,4729
-79.350253,43.693171,80891695,7002038270,2017,2017-11-10T05:00:00.000Z,1850,18,O CONNOR DR,PAPE AVE, ,Major Arterial,Toronto and East York,43.693171,-79.350253,Intersection,At Intersection,Traffic Signal,Clear,"Dark, artificial",Dry,Non-Fatal Injury,Pedestrian Collisions,Pedestrian,50 to 54,Major,0,West, , , , ,Vehicle turns left while ped crosses with ROW at inter.,Crossing with right of way,Normal, , , ,Yes, ,Yes, , , , , , ,Yes, , , ,54,,,58,,4730
-79.46649,43.682045,5313833,1017137,2008,2008-01-25T05:00:00.000Z,1823,18,ROGERS RD,KANE AVE, ,Minor Arterial,Toronto and East York,43.682045,-79.46649,Intersection, ,Stop Sign,Clear,Dark,Dry,Fatal,Angle,Driver,75 to 79,Fatal,5,South,"Automobile, Station Wagon",Going Ahead,Failed to Yield Right of Way,Normal, , , , , , , , ,Yes, , , , ,Yes,Yes,Yes, , , ,12,,,110,,4731
-79.219951,43.745635,80251249,5001646824,2015,2015-09-23T04:00:00.000Z,1700,17,MARKHAM RD,DUNELM ST,165 m South of,Major Arterial,Scarborough,43.745635,-79.219951,Mid-Block,Non Intersection,No Control,Clear,Daylight,Dry,Non-Fatal Injury,Rear End,Passenger,15 to 19,None,0, , , , , , , , , , , , , ,Yes, , , , ,Yes, ,Yes, , , ,43,,,139,,4732
-79.498782,43.684405,80976651,8002203656,2018,2018-11-30T05:00:00.000Z,1720,17,EGLINTON  AVE W,JANE ST, ,Major Arterial,Etobicoke York,43.684405,-79.498782,Intersection,At Intersection,Traffic Signal,Clear,Dusk,Dry,Non-Fatal Injury,Turning Movement,Driver,80 to 84,Minor,0,East,"Automobile, Station Wagon",Going Ahead,Driving Properly,Normal, , , , , , , , ,Yes, , , , ,Yes, ,Yes, , , ,12,,,115,,4733
-79.443141,43.716181,80975009,8002139374,2018,2018-11-20T05:00:00.000Z,1804,18,665 LAWRENCE AVE W, , ,Expressway,North York,43.716181,-79.443141,Intersection,At Intersection,Traffic Signal,Clear,Dark,Dry,Fatal,Pedestrian Collisions,Driver,50 to 54,None,0,West,Municipal Transit Bus (TTC),Turning Left,Failed to Yield Right of Way,Normal, , , , , , ,Yes, , , , ,Yes, , , ,Yes, , , ,"32,13",,,32,,4734
-79.27009,43.813645,6649624,1242807,2011,2011-05-20T04:00:00.000Z,1738,17,MCCOWAN Road,BRIDLEY Driv, ,Major Arterial,Scarborough,43.813645,-79.27009,Mid-Block, ,No Control,Clear,Daylight,Dry,Non-Fatal Injury,Rear End,Passenger,15 to 19,Major,0, ,Other, , , , , , , , , , , ,Yes, , , , ,Yes,Yes,Yes, , , ,42,,,129,,4735
-79.498782,43.684405,80976652,8002203656,2018,2018-11-30T05:00:00.000Z,1720,17,EGLINTON  AVE W,JANE ST, ,Major Arterial,Etobicoke York,43.684405,-79.498782,Intersection,At Intersection,Traffic Signal,Clear,Dusk,Dry,Non-Fatal Injury,Turning Movement,Passenger,40 to 44,None,0, , , , , , , , , , , , , ,Yes, , , , ,Yes, ,Yes, , , ,12,,,115,,4736
-79.443141,43.716181,80975446,8002139374,2018,2018-11-20T05:00:00.000Z,1804,18,665 LAWRENCE AVE W, , ,Expressway,North York,43.716181,-79.443141,Intersection,At Intersection,Traffic Signal,Clear,Dark,Dry,Fatal,Pedestrian Collisions,Pedestrian,55 to 59,Fatal,61,West, , , , ,Pedestrian involved in a collision with transit vehicle anywhere along roadway,Crossing with right of way,Unknown, , , ,Yes, , , , ,Yes, , , ,Yes, , , ,"32,13",,,32,,4737
-79.365466,43.645079,80943569,8000970456,2018,2018-05-29T04:00:00.000Z,1700,17,QUEENS QUAY  E,DOCKSIDE DR, ,Minor Arterial,Toronto and East York,43.645079,-79.365466,Intersection,At Intersection,Traffic Signal,Clear,Daylight,Dry,Non-Fatal Injury,Cyclist Collisions,Driver,35 to 39,None,0,East,"Automobile, Station Wagon",Turning Right,Failed to Yield Right of Way,Normal, , , , , , , ,Yes,Yes, , , , , , ,Yes, , , ,51,,,77,,4738
-79.27009,43.813645,6649625,1242807,2011,2011-05-20T04:00:00.000Z,1738,17,MCCOWAN Road,BRIDLEY Driv, ,Major Arterial,Scarborough,43.813645,-79.27009,Mid-Block, ,No Control,Clear,Daylight,Dry,Non-Fatal Injury,Rear End,Passenger,15 to 19,Minimal,0, ,Other, , , , , , , , , , , ,Yes, , , , ,Yes,Yes,Yes, , , ,42,,,129,,4739
-79.498782,43.684405,80976653,8002203656,2018,2018-11-30T05:00:00.000Z,1720,17,EGLINTON  AVE W,JANE ST, ,Major Arterial,Etobicoke York,43.684405,-79.498782,Intersection,At Intersection,Traffic Signal,Clear,Dusk,Dry,Non-Fatal Injury,Turning Movement,Passenger,0 to 4,None,0, , , , , , , , , , , , , ,Yes, , , , ,Yes, ,Yes, , , ,12,,,115,,4740
-79.46649,43.682045,5313834,1017137,2008,2008-01-25T05:00:00.000Z,1823,18,ROGERS RD,KANE AVE, ,Minor Arterial,Toronto and East York,43.682045,-79.46649,Intersection, ,Stop Sign,Clear,Dark,Dry,Fatal,Angle,Vehicle Owner,unknown, ,0, ,Other, , , , , , , , , , , ,Yes, , , , ,Yes,Yes,Yes, , , ,12,,,110,,4741
-79.350253,43.693171,80891696,7002038270,2017,2017-11-10T05:00:00.000Z,1850,18,O CONNOR DR,PAPE AVE, ,Major Arterial,Toronto and East York,43.693171,-79.350253,Intersection,At Intersection,Traffic Signal,Clear,"Dark, artificial",Dry,Non-Fatal Injury,Pedestrian Collisions,Driver,unknown,None,0,West,"Automobile, Station Wagon",Turning Left,Failed to Yield Right of Way,Unknown, , , , , , ,Yes, ,Yes, , , , , , ,Yes, , , ,54,,,58,,4742
-79.240093,43.788844,7859717,1373856,2013,2013-09-05T04:00:00.000Z,1805,18,MILNER AVE,SCUNTHORPE RD, ,Minor Arterial,Scarborough,43.788844,-79.240093,Intersection, ,Pedestrian Crossover,Clear,Daylight,Dry,Fatal,Pedestrian Collisions,Pedestrian,85 to 89,Fatal,38,South, , , , ,Pedestrian hit a PXO/ped. Mid-block signal,"Crossing, Pedestrian Crossover",Unknown, , , ,Yes, , , ,Yes, , , , ,Yes, , , ,42,,,128,,4743
-79.365466,43.645079,80943570,8000970456,2018,2018-05-29T04:00:00.000Z,1700,17,QUEENS QUAY  E,DOCKSIDE DR, ,Minor Arterial,Toronto and East York,43.645079,-79.365466,Intersection,At Intersection,Traffic Signal,Clear,Daylight,Dry,Non-Fatal Injury,Cyclist Collisions,Cyclist,25 to 29,Major,0,West,Bicycle,Going Ahead, , , , , ,Motorist turning right on green or amber at signalized intersection strikes cyclist.,Driving Properly,Normal, ,Yes,Yes, , , , , , ,Yes, , , ,51,,,77,,4744