X,Y,Index_,ACCNUM,YEAR,DATE,TIME,Hour,STREET1,STREET2,OFFSET,ROAD_CLASS,District,LATITUDE,LONGITUDE,LOCCOORD,ACCLOC,TRAFFCTL,VISIBILITY,LIGHT,RDSFCOND,ACCLASS,IMPACTYPE,INVTYPE,INVAGE,INJURY,FATAL_NO,INITDIR,VEHTYPE,MANOEUVER,DRIVACT,DRIVCOND,PEDTYPE,PEDACT,PEDCOND,CYCLISTYPE,CYCACT,CYCCOND,PEDESTRIAN,CYCLIST,AUTOMOBILE,MOTORCYCLE,TRUCK,TRSN_CITY_,EMERG_VEH,PASSENGER,SPEEDING,AG_DRIV,REDLIGHT,ALCOHOL,DISABILITY,Division,Ward_Name,Ward_ID,Hood_ID,Hood_Name,ObjectId
-79.27009,43.813645,6649626,1242807,2011,2011-05-20T04:00:00.000Z,1738,17,MCCOWAN Road,BRIDLEY Driv, ,Major Arterial,Scarborough,43.813645,-79.27009,Mid-Block, ,No Control,Clear,Daylight,Dry,Non-Fatal Injury,Rear End,Vehicle Owner,unknown, ,0, ,Other, , , , , , , , , , , ,Yes, , , , ,Yes,Yes,Yes, , , ,42,,,129,,4745
-79.46649,43.682045,5313835,1017137,2008,2008-01-25T05:00:00.000Z,1823,18,ROGERS RD,KANE AVE, ,Minor Arterial,Toronto and East York,43.682045,-79.46649,Intersection, ,Stop Sign,Clear,Dark,Dry,Fatal,Angle,Driver,25 to 29,None,0,East,"Automobile, Station Wagon",Going Ahead,Driving Properly,Normal, , , , , , , , ,Yes, , , , ,Yes,Yes,Yes, , , ,12,,,110,,4746
-79.498782,43.684405,80976654,8002203656,2018,2018-11-30T05:00:00.000Z,1720,17,EGLINTON  AVE W,JANE ST, ,Major Arterial,Etobicoke York,43.684405,-79.498782,Intersection,At Intersection,Traffic Signal,Clear,Dusk,Dry,Non-Fatal Injury,Turning Movement,Passenger,75 to 79,Major,0, , , , , , , , , , , , , ,Yes, , , , ,Yes, ,Yes, , , ,12,,,115,,4747
-79.30159,43.722145,7429013,1300277,2012,2012-04-27T04:00:00.000Z,1644,16,1437 VICTORIA PARK AVE, , ,Major Arterial,Scarborough,43.722145,-79.30159,Mid-Block,At Intersection,No Control,Clear,Daylight,Dry,Non-Fatal Injury,Pedestrian Collisions,Pedestrian,70 to 74,Major,0,East,Other, , , ,Pedestrian hit at mid-block,"Crossing, no Traffic Control",Normal, , , ,Yes, ,Yes, , , , , , ,Yes, , , ,"54,41",,,120,,4748
-79.411464,43.640742,80489445,5001603018,2015,2015-09-16T04:00:00.000Z,1721,17,STRACHAN AVE,WELLINGTON ST W, ,Minor Arterial,Toronto and East York,43.640742,-79.411464,Intersection,At Intersection,Stop Sign,Clear,Daylight,Dry,Non-Fatal Injury,Angle,Driver,40 to 44,None,0,West,"Automobile, Station Wagon",Going Ahead,Failed to Yield Right of Way,Normal, , , , , , , , ,Yes, , , , , , ,Yes, , , ,14,,,82,,4749
-79.37305,43.66318,80496237,5002234344,2015,2015-12-30T05:00:00.000Z,1824,18,CARLTON ST,SHERBOURNE ST, ,Minor Arterial,Toronto and East York,43.66318,-79.37305,Intersection,At Intersection,Traffic Signal,Clear,Dark,Dry,Non-Fatal Injury,Pedestrian Collisions,Driver,25 to 29,None,0,West,"Automobile, Station Wagon",Turning Right,Failed to Yield Right of Way,Inattentive, , , , , , ,Yes, ,Yes, , , , , , ,Yes, , , ,51,,,73,,4750
-79.240093,43.788844,7859718,1373856,2013,2013-09-05T04:00:00.000Z,1805,18,MILNER AVE,SCUNTHORPE RD, ,Minor Arterial,Scarborough,43.788844,-79.240093,Intersection, ,Pedestrian Crossover,Clear,Daylight,Dry,Fatal,Pedestrian Collisions,Truck Driver,60 to 64,None,0,West,"Truck - Closed (Blazer, etc)",Going Ahead,Failed to Yield Right of Way,Unknown, , , , , , ,Yes, , , ,Yes, , , , ,Yes, , , ,42,,,128,,4751
-79.27009,43.813645,6649627,1242807,2011,2011-05-20T04:00:00.000Z,1738,17,MCCOWAN Road,BRIDLEY Driv, ,Major Arterial,Scarborough,43.813645,-79.27009,Mid-Block, ,No Control,Clear,Daylight,Dry,Non-Fatal Injury,Rear End,Driver,15 to 19,Minor,0,South,"Automobile, Station Wagon",Changing Lanes,Following too Close,Had Been Drinking, , , , , , , , ,Yes, , , , ,Yes,Yes,Yes, , , ,42,,,129,,4752
-79.385654,43.667491,80943630,8000956490,2018,2018-05-27T04:00:00.000Z,1700,17,YONGE  ST,ISABELLA  ST, ,Major Arterial,Toronto and East York,43.667491,-79.385654,Intersection,Intersection Related,No Control,Clear,Daylight,Dry,Non-Fatal Injury,Turning Movement,Driver,50 to 54,None,0,South,"Automobile, Station Wagon",Turning Left,Failed to Yield Right of Way,Normal, , , , , , , , ,Yes,Yes, , , , ,Yes,Yes, , , ,"51,52",,,75,,4753
-79.37305,43.66318,80496238,5002234344,2015,2015-12-30T05:00:00.000Z,1824,18,CARLTON ST,SHERBOURNE ST, ,Minor Arterial,Toronto and East York,43.66318,-79.37305,Intersection,At Intersection,Traffic Signal,Clear,Dark,Dry,Non-Fatal Injury,Pedestrian Collisions,Pedestrian,35 to 39,Major,0,East, , , , ,Vehicle turns right while ped crosses with ROW at inter.,Crossing with right of way,Normal, , , ,Yes, ,Yes, , , , , , ,Yes, , , ,51,,,73,,4754
-79.411464,43.640742,80489446,5001603018,2015,2015-09-16T04:00:00.000Z,1721,17,STRACHAN AVE,WELLINGTON ST W, ,Minor Arterial,Toronto and East York,43.640742,-79.411464,Intersection,At Intersection,Stop Sign,Clear,Daylight,Dry,Non-Fatal Injury,Angle,Driver,35 to 39,Major,0,South,"Automobile, Station Wagon",Going Ahead,Driving Properly,Normal, , , , , , , , ,Yes, , , , , , ,Yes, , , ,14,,,82,,4755
-79.51839,43.663146,80171781,4002755635,2014,2014-08-22T04:00:00.000Z,1805,18,ROYAL YORK RD,ASHLEY RD, ,Minor Arterial,Etobicoke York,43.663146,-79.51839,Intersection,At Intersection,No Control,Clear,Daylight,Dry,Non-Fatal Injury,Cyclist Collisions,Driver,30 to 34,None,0,South,"Automobile, Station Wagon",Turning Right,Failed to Yield Right of Way,Inattentive, , , , , , , ,Yes,Yes, , , , , , ,Yes, , , ,22,,,9,,4756
-79.375842,43.644267,7543878,1338579,2012,2012-12-09T05:00:00.000Z,1644,16,YONGE ST,LAKE SHORE BLVD E, ,Expressway,Toronto and East York,43.644267,-79.375842,Intersection,At Intersection,Traffic Signal,Rain,"Dark, artificial",Wet,Non-Fatal Injury,Angle,Vehicle Owner,unknown, ,0, ,Other, , , , , , , , , , , ,Yes, , , , ,Yes, ,Yes,Yes, , ,"51,52",,,77,,4757
-79.472026,43.683169,80951123,8001732179,2018,2018-09-18T04:00:00.000Z,1850,18,KEELE ST,AILEEN AVE, ,Major Arterial,Etobicoke York,43.683169,-79.472026,Intersection,At Intersection,No Control,Clear,Daylight,Dry,Fatal,Turning Movement,Motorcycle Driver,40 to 44,Fatal,47,North,Motorcycle,Going Ahead,Lost control,Unknown, , , , , , , , ,Yes,Yes, , , , ,Yes,Yes, , , ,12,,,110,,4758
-79.385654,43.667491,80943631,8000956490,2018,2018-05-27T04:00:00.000Z,1700,17,YONGE  ST,ISABELLA  ST, ,Major Arterial,Toronto and East York,43.667491,-79.385654,Intersection,Intersection Related,No Control,Clear,Daylight,Dry,Non-Fatal Injury,Turning Movement,Motorcycle Driver,30 to 34,Major,0,North,Motorcycle,Going Ahead,Driving Properly,Normal, , , , , , , , ,Yes,Yes, , , , ,Yes,Yes, , , ,"51,52",,,75,,4759
-79.27009,43.813645,6649628,1242807,2011,2011-05-20T04:00:00.000Z,1738,17,MCCOWAN Road,BRIDLEY Driv, ,Major Arterial,Scarborough,43.813645,-79.27009,Mid-Block, ,No Control,Clear,Daylight,Dry,Non-Fatal Injury,Rear End,Other Property Owner,unknown, ,0, ,Other, , , , , , , , , , , ,Yes, , , , ,Yes,Yes,Yes, , , ,42,,,129,,4760
-79.55079,43.725345,5406543,1058854,2008,2008-08-31T04:00:00.000Z,1825,18,ALBION RD,BEATTIE AVE, ,Major Arterial,Etobicoke York,43.725345,-79.55079,Intersection, ,No Control,Clear,Daylight,Dry,Non-Fatal Injury,Rear End,Passenger,40 to 44,Major,0, ,Other, , , , , , , , , , , ,Yes, , , , ,Yes, ,Yes, , , ,23,,,5,,4761
-79.472026,43.683169,80951124,8001732179,2018,2018-09-18T04:00:00.000Z,1850,18,KEELE ST,AILEEN AVE, ,Major Arterial,Etobicoke York,43.683169,-79.472026,Intersection,At Intersection,No Control,Clear,Daylight,Dry,Fatal,Turning Movement,Driver,50 to 54,None,0,South,"Automobile, Station Wagon",Turning Left,Driving Properly,Normal, , , , , , , , ,Yes,Yes, , , , ,Yes,Yes, , , ,12,,,110,,4762
-79.485935,43.652877,80632209,6001675837,2016,2016-09-20T04:00:00.000Z,1721,17,JANE ST,COLBECK ST, ,Major Arterial,Toronto and East York,43.652877,-79.485935,Intersection,At Intersection,Pedestrian Crossover,Clear,Daylight,Dry,Non-Fatal Injury,Pedestrian Collisions,Driver,35 to 39,None,0,South,"Automobile, Station Wagon",Going Ahead,Failed to Yield Right of Way,Normal, , , , , , ,Yes, ,Yes, , , , , , ,Yes, , , ,11,,,89,,4763
-79.412708,43.795069,80945201,8001115863,2018,2018-06-19T04:00:00.000Z,1700,17,MADAWASKA AVE,WILLOWDALE AVE, ,Minor Arterial,North York,43.795069,-79.412708,Intersection,At Intersection,Stop Sign,Clear,Daylight,Dry,Non-Fatal Injury,Angle,Driver,45 to 49,Major,0,East,"Automobile, Station Wagon",Going Ahead,Failed to Yield Right of Way,Inattentive, , , , , , , , ,Yes, , , , , , ,Yes, , , ,32,,,50,,4764
-79.51839,43.663146,80171782,4002755635,2014,2014-08-22T04:00:00.000Z,1805,18,ROYAL YORK RD,ASHLEY RD, ,Minor Arterial,Etobicoke York,43.663146,-79.51839,Intersection,At Intersection,No Control,Clear,Daylight,Dry,Non-Fatal Injury,Cyclist Collisions,Cyclist,30 to 34,Major,0,South,Bicycle,Going Ahead, , , , , ,"Motorist turns right at non-signal Inter.(stop, yield, no cont.,and dwy) and strikes cyclist.",Driving Properly,Normal, ,Yes,Yes, , , , , , ,Yes, , , ,22,,,9,,4765
-79.27009,43.813645,6649629,1242807,2011,2011-05-20T04:00:00.000Z,1738,17,MCCOWAN Road,BRIDLEY Driv, ,Major Arterial,Scarborough,43.813645,-79.27009,Mid-Block, ,No Control,Clear,Daylight,Dry,Non-Fatal Injury,Rear End,Vehicle Owner,unknown, ,0, ,Other, , , , , , , , , , , ,Yes, , , , ,Yes,Yes,Yes, , , ,42,,,129,,4766
-79.55079,43.725345,5406544,1058854,2008,2008-08-31T04:00:00.000Z,1825,18,ALBION RD,BEATTIE AVE, ,Major Arterial,Etobicoke York,43.725345,-79.55079,Intersection, ,No Control,Clear,Daylight,Dry,Non-Fatal Injury,Rear End,Driver,45 to 49,None,0,North,"Automobile, Station Wagon",Stopped,Driving Properly,Normal, , , , , , , , ,Yes, , , , ,Yes, ,Yes, , , ,23,,,5,,4767
-79.425716,43.630068,80507565,6000720268,2016,2016-04-27T04:00:00.000Z,1805,18,LAKE SHORE BLVD W,BRITISH COLUMBIA RD,324 m East of,Major Arterial,Toronto and East York,43.630068,-79.425716,Mid-Block,Non Intersection,No Control,Clear,Daylight,Dry,Non-Fatal Injury,Approaching,Driver,30 to 34,Major,0,West,"Automobile, Station Wagon",Going Ahead,Other,Inattentive, , , , , , , , ,Yes, , ,Yes, , ,Yes,Yes, , , ,14,,,82,,4768
-79.485935,43.652877,80632210,6001675837,2016,2016-09-20T04:00:00.000Z,1721,17,JANE ST,COLBECK ST, ,Major Arterial,Toronto and East York,43.652877,-79.485935,Intersection,At Intersection,Pedestrian Crossover,Clear,Daylight,Dry,Non-Fatal Injury,Pedestrian Collisions,Pedestrian,35 to 39,Major,0,East, ,Going Ahead, , ,Pedestrian hit a PXO/ped. Mid-block signal,"Crossing, Pedestrian Crossover",Normal, , , ,Yes, ,Yes, , , , , , ,Yes, , , ,11,,,89,,4769
-79.25899,43.710345,5065164,1144668,2009,2009-11-21T05:00:00.000Z,1740,17,KENNEDY Rd,PARK St, ,Collector,Scarborough,43.710345,-79.25899,Mid-Block, ,No Control,Clear,Dark,Dry,Non-Fatal Injury,Rear End,Moped Driver,65 to 69,Major,0,North,Moped,Going Ahead,Driving Properly,Normal, , , , , , , ,Yes,Yes, , , , , ,Yes,Yes, , , ,41,,,122,,4770
-79.412708,43.795069,80945202,8001115863,2018,2018-06-19T04:00:00.000Z,1700,17,MADAWASKA AVE,WILLOWDALE AVE, ,Minor Arterial,North York,43.795069,-79.412708,Intersection,At Intersection,Stop Sign,Clear,Daylight,Dry,Non-Fatal Injury,Angle,Driver,30 to 34,Minor,0,South,Pick Up Truck,Going Ahead,Driving Properly,Normal, , , , , , , , ,Yes, , , , , , ,Yes, , , ,32,,,50,,4771
-79.194705,43.761939,80972681,8001849626,2018,2018-10-06T04:00:00.000Z,1850,18,KINGSTON RD,GALLOWAY RD, ,Major Arterial,Scarborough,43.761939,-79.194705,Intersection,At Intersection,Traffic Signal,Clear,Daylight,Dry,Non-Fatal Injury,Turning Movement,Motorcycle Driver,15 to 19,Major,0,West,Motorcycle,Going Ahead,Speed too Fast For Condition,Normal, , , , , , , , ,Yes,Yes, , , ,Yes,Yes,Yes, , , ,43,,,136,,4772
-79.375842,43.644267,7543879,1338579,2012,2012-12-09T05:00:00.000Z,1644,16,YONGE ST,LAKE SHORE BLVD E, ,Expressway,Toronto and East York,43.644267,-79.375842,Intersection,At Intersection,Traffic Signal,Rain,"Dark, artificial",Wet,Non-Fatal Injury,Angle,Driver,35 to 39,Major,0,West,"Automobile, Station Wagon",Going Ahead,Driving Properly,Normal, , , , , , , , ,Yes, , , , ,Yes, ,Yes,Yes, , ,"51,52",,,77,,4773
-79.25899,43.710345,5065165,1144668,2009,2009-11-21T05:00:00.000Z,1740,17,KENNEDY Rd,PARK St, ,Collector,Scarborough,43.710345,-79.25899,Mid-Block, ,No Control,Clear,Dark,Dry,Non-Fatal Injury,Rear End,Driver,35 to 39,None,0,North,"Automobile, Station Wagon",Going Ahead,Following too Close,Normal, , , , , , , ,Yes,Yes, , , , , ,Yes,Yes, , , ,41,,,122,,4774
-79.58919,43.741045,5862853,1137440,2009,2009-10-25T04:00:00.000Z,1722,17,ALBION RD,FINCH AVE W, ,Major Arterial,Etobicoke York,43.741045,-79.58919,Intersection,At Intersection,Traffic Signal,Clear,Daylight,Dry,Non-Fatal Injury,Turning Movement,Driver,20 to 24,Major,0,West,Taxi,Turning Left,Improper Turn,Normal, , , , , , , , ,Yes, , , , , ,Yes,Yes, , , ,23,,,2,,4775
-79.425716,43.630068,80507566,6000720268,2016,2016-04-27T04:00:00.000Z,1805,18,LAKE SHORE BLVD W,BRITISH COLUMBIA RD,324 m East of,Major Arterial,Toronto and East York,43.630068,-79.425716,Mid-Block,Non Intersection,No Control,Clear,Daylight,Dry,Non-Fatal Injury,Approaching,Driver,50 to 54,Minor,0,East,"Automobile, Station Wagon",Going Ahead,Driving Properly,Normal, , , , , , , , ,Yes, , ,Yes, , ,Yes,Yes, , , ,14,,,82,,4776
-79.194705,43.761939,80972682,8001849626,2018,2018-10-06T04:00:00.000Z,1850,18,KINGSTON RD,GALLOWAY RD, ,Major Arterial,Scarborough,43.761939,-79.194705,Intersection,At Intersection,Traffic Signal,Clear,Daylight,Dry,Non-Fatal Injury,Turning Movement,Driver,30 to 34,None,0,East,Pick Up Truck,Turning Left,Driving Properly,Normal, , , , , , , , ,Yes,Yes, , , ,Yes,Yes,Yes, , , ,43,,,136,,4777
-79.412708,43.795069,80945203,8001115863,2018,2018-06-19T04:00:00.000Z,1700,17,MADAWASKA AVE,WILLOWDALE AVE, ,Minor Arterial,North York,43.795069,-79.412708,Intersection,At Intersection,Stop Sign,Clear,Daylight,Dry,Non-Fatal Injury,Angle,Driver,50 to 54,Major,0,North,"Automobile, Station Wagon",Going Ahead,Driving Properly,Normal, , , , , , , , ,Yes, , , , , , ,Yes, , , ,32,,,50,,4778
-79.194705,43.761939,80972683,8001849626,2018,2018-10-06T04:00:00.000Z,1850,18,KINGSTON RD,GALLOWAY RD, ,Major Arterial,Scarborough,43.761939,-79.194705,Intersection,At Intersection,Traffic Signal,Clear,Daylight,Dry,Non-Fatal Injury,Turning Movement,Motorcycle Passenger,15 to 19,Major,0, , , , , , , , , , , , , ,Yes,Yes, , , ,Yes,Yes,Yes, , , ,43,,,136,,4779
-79.58919,43.741045,5862854,1137440,2009,2009-10-25T04:00:00.000Z,1722,17,ALBION RD,FINCH AVE W, ,Major Arterial,Etobicoke York,43.741045,-79.58919,Intersection,At Intersection,Traffic Signal,Clear,Daylight,Dry,Non-Fatal Injury,Turning Movement,Driver,25 to 29,Minor,0,East,"Automobile, Station Wagon",Going Ahead,Driving Properly,Normal, , , , , , , , ,Yes, , , , , ,Yes,Yes, , , ,23,,,2,,4780
-79.38309,43.767745,6218767,1201108,2010,2010-10-25T04:00:00.000Z,1740,17,SHEPPARD AVE E,REAN DR, ,Major Arterial,North York,43.767745,-79.38309,Intersection,At Intersection,Traffic Signal,Clear,Dark,Dry,Non-Fatal Injury,Turning Movement,Driver,45 to 49,Minor,0,West,"Automobile, Station Wagon",Going Ahead,Driving Properly,Normal, , , , , , , , ,Yes, , , , , ,Yes,Yes, , , ,33,,,52,,4781
-79.55079,43.725345,5406545,1058854,2008,2008-08-31T04:00:00.000Z,1825,18,ALBION RD,BEATTIE AVE, ,Major Arterial,Etobicoke York,43.725345,-79.55079,Intersection, ,No Control,Clear,Daylight,Dry,Non-Fatal Injury,Rear End,Driver,30 to 34,Minor,0,North,"Automobile, Station Wagon",Going Ahead,Following too Close,Normal, , , , , , , , ,Yes, , , , ,Yes, ,Yes, , , ,23,,,5,,4782
-79.21767,43.798106,80485493,4002616805,2014,2014-08-01T04:00:00.000Z,1722,17,SHEPPARD AVE E,NEILSON RD, ,Major Arterial,Scarborough,43.798106,-79.21767,Intersection,Intersection Related,Traffic Signal,Clear,Daylight,Dry,Fatal,Cyclist Collisions,Driver,15 to 19,None,0,West,"Automobile, Station Wagon",Going Ahead,Speed too Fast For Condition,Normal, , , , , , , ,Yes,Yes, , , , , ,Yes,Yes, , , ,42,,,132,,4783
-79.493869,43.605387,80948087,8001059223,2018,2018-06-11T04:00:00.000Z,1700,17,ROYAL YORK  RD,DARTMOUTH  CRES, ,Minor Arterial,Etobicoke York,43.605387,-79.493869,Mid-Block,Non Intersection,No Control,Clear,Daylight,Dry,Non-Fatal Injury,Cyclist Collisions,Motorcycle Driver,unknown,None,0,South,Motorcycle,Going Ahead,Failed to Yield Right of Way,Unknown, , , , , , , ,Yes, ,Yes, , , , , ,Yes, , , ,22,,,17,,4784
-79.38309,43.767745,6218768,1201108,2010,2010-10-25T04:00:00.000Z,1740,17,SHEPPARD AVE E,REAN DR, ,Major Arterial,North York,43.767745,-79.38309,Intersection,At Intersection,Traffic Signal,Clear,Dark,Dry,Non-Fatal Injury,Turning Movement,Vehicle Owner,unknown, ,0, ,Other, , , , , , , , , , , ,Yes, , , , , ,Yes,Yes, , , ,33,,,52,,4785
-79.194705,43.761939,80972684,8001849626,2018,2018-10-06T04:00:00.000Z,1850,18,KINGSTON RD,GALLOWAY RD, ,Major Arterial,Scarborough,43.761939,-79.194705,Intersection,At Intersection,Traffic Signal,Clear,Daylight,Dry,Non-Fatal Injury,Turning Movement,Passenger,30 to 34,Minimal,0, , , , , , , , , , , , , ,Yes,Yes, , , ,Yes,Yes,Yes, , , ,43,,,136,,4786
-79.425716,43.630068,80507567,6000720268,2016,2016-04-27T04:00:00.000Z,1805,18,LAKE SHORE BLVD W,BRITISH COLUMBIA RD,324 m East of,Major Arterial,Toronto and East York,43.630068,-79.425716,Mid-Block,Non Intersection,No Control,Clear,Daylight,Dry,Non-Fatal Injury,Approaching,Driver,20 to 24,None,0,East,"Automobile, Station Wagon",Going Ahead,Driving Properly,Normal, , , , , , , , ,Yes, , ,Yes, , ,Yes,Yes, , , ,14,,,82,,4787
-79.375842,43.644267,7543880,1338579,2012,2012-12-09T05:00:00.000Z,1644,16,YONGE ST,LAKE SHORE BLVD E, ,Expressway,Toronto and East York,43.644267,-79.375842,Intersection,At Intersection,Traffic Signal,Rain,"Dark, artificial",Wet,Non-Fatal Injury,Angle,Passenger,0 to 4,Minimal,0, ,Other, , , , , , , , , , , ,Yes, , , , ,Yes, ,Yes,Yes, , ,"51,52",,,77,,4788
-79.38469,43.693545,6604138,1223175,2011,2011-03-15T04:00:00.000Z,1825,18,MOUNT PLEASANT Road,MOORE Aven, ,Major Arterial,Toronto and East York,43.693545,-79.38469,Intersection,At Intersection,Traffic Signal,Clear,Daylight,Dry,Non-Fatal Injury,Pedestrian Collisions,Passenger,80 to 84,None,0, ,Other, , , , , , , , , ,Yes, ,Yes, , , , ,Yes, ,Yes, , , ,53,,,98,,4789
-79.21767,43.798106,80485494,4002616805,2014,2014-08-01T04:00:00.000Z,1722,17,SHEPPARD AVE E,NEILSON RD, ,Major Arterial,Scarborough,43.798106,-79.21767,Intersection,Intersection Related,Traffic Signal,Clear,Daylight,Dry,Fatal,Cyclist Collisions,Cyclist,15 to 19,Fatal,18,North,Bicycle,Going Ahead, , , , , ,"Motorist without ROW drives into path of cyclist at inter, lnwy, dwy-Driver not turn.",Driving Properly,Inattentive, ,Yes,Yes, , , , , ,Yes,Yes, , , ,42,,,132,,4790
-79.493869,43.605387,80948088,8001059223,2018,2018-06-11T04:00:00.000Z,1700,17,ROYAL YORK  RD,DARTMOUTH  CRES, ,Minor Arterial,Etobicoke York,43.605387,-79.493869,Mid-Block,Non Intersection,No Control,Clear,Daylight,Dry,Non-Fatal Injury,Cyclist Collisions,Cyclist,25 to 29,Major,0,South,Bicycle,Going Ahead, , , , , ,Cyclist and Driver travelling in same direction. One vehicle rear-ended the other.,Driving Properly,Normal, ,Yes, ,Yes, , , , , ,Yes, , , ,22,,,17,,4791
-79.425716,43.630068,80507568,6000720268,2016,2016-04-27T04:00:00.000Z,1805,18,LAKE SHORE BLVD W,BRITISH COLUMBIA RD,324 m East of,Major Arterial,Toronto and East York,43.630068,-79.425716,Mid-Block,Non Intersection,No Control,Clear,Daylight,Dry,Non-Fatal Injury,Approaching,Driver,55 to 59,None,0,East,"Bus (Other) (Go Bus, Gray Coach)",Going Ahead,Driving Properly,Normal, , , , , , , , ,Yes, , ,Yes, , ,Yes,Yes, , , ,14,,,82,,4792
-79.215091,43.818743,7774164,1334928,2013,2013-01-10T05:00:00.000Z,1851,18,MORNINGSIDE AVE,OLD FINCH AVE, ,Minor Arterial,Scarborough,43.818743,-79.215091,Intersection,At Intersection,Traffic Signal,Clear,Dark,Dry,Fatal,Turning Movement,Driver,35 to 39,None,0,West,Municipal Transit Bus (TTC),Turning Right,Failed to Yield Right of Way,Normal, , , , , , , , ,Yes, , ,Yes, , ,Yes,Yes,Yes, , ,42,,,132,,4793
-79.375842,43.644267,7543881,1338579,2012,2012-12-09T05:00:00.000Z,1644,16,YONGE ST,LAKE SHORE BLVD E, ,Expressway,Toronto and East York,43.644267,-79.375842,Intersection,At Intersection,Traffic Signal,Rain,"Dark, artificial",Wet,Non-Fatal Injury,Angle,Driver,45 to 49,Minor,0,West,"Automobile, Station Wagon",Going Ahead,Driving Properly,Normal, , , , , , , , ,Yes, , , , ,Yes, ,Yes,Yes, , ,"51,52",,,77,,4794
-79.38469,43.693545,6604139,1223175,2011,2011-03-15T04:00:00.000Z,1825,18,MOUNT PLEASANT Road,MOORE Aven, ,Major Arterial,Toronto and East York,43.693545,-79.38469,Intersection,At Intersection,Traffic Signal,Clear,Daylight,Dry,Non-Fatal Injury,Pedestrian Collisions,Driver,75 to 79,None,0,West,"Automobile, Station Wagon",Turning Left,Failed to Yield Right of Way,Normal, , , , , , ,Yes, ,Yes, , , , ,Yes, ,Yes, , , ,53,,,98,,4795
-79.21767,43.798106,80485495,4002616805,2014,2014-08-01T04:00:00.000Z,1722,17,SHEPPARD AVE E,NEILSON RD, ,Major Arterial,Scarborough,43.798106,-79.21767,Intersection,Intersection Related,Traffic Signal,Clear,Daylight,Dry,Fatal,Cyclist Collisions,Driver,50 to 54,None,0,North,"Automobile, Station Wagon",Going Ahead,Speed too Fast For Condition,Inattentive, , , , , , , ,Yes,Yes, , , , , ,Yes,Yes, , , ,42,,,132,,4796
-79.38309,43.767745,6218769,1201108,2010,2010-10-25T04:00:00.000Z,1740,17,SHEPPARD AVE E,REAN DR, ,Major Arterial,North York,43.767745,-79.38309,Intersection,At Intersection,Traffic Signal,Clear,Dark,Dry,Non-Fatal Injury,Turning Movement,Driver,30 to 34,Major,0,East,"Automobile, Station Wagon",Turning Left,Failed to Yield Right of Way,Inattentive, , , , , , , , ,Yes, , , , , ,Yes,Yes, , , ,33,,,52,,4797
-79.257442,43.720404,80000064,5000212905,2015,2015-02-05T05:00:00.000Z,1701,17,750 DANFORTH RD, , ,Major Arterial,Scarborough,43.720404,-79.257442,Mid-Block, ,No Control,Clear,"Daylight, artificial",Wet,Fatal,Pedestrian Collisions,Driver,40 to 44,None,0,West,"Automobile, Station Wagon",Going Ahead,Driving Properly,Unknown, , , , , , ,Yes, ,Yes, , , , , ,Yes,Yes, , , ,41,,,124,,4798
-79.215091,43.818743,7774165,1334928,2013,2013-01-10T05:00:00.000Z,1851,18,MORNINGSIDE AVE,OLD FINCH AVE, ,Minor Arterial,Scarborough,43.818743,-79.215091,Intersection,At Intersection,Traffic Signal,Clear,Dark,Dry,Fatal,Turning Movement,Driver,70 to 74,Fatal,1,North,"Automobile, Station Wagon",Going Ahead,Disobeyed Traffic Control,Unknown, , , , , , , , ,Yes, , ,Yes, , ,Yes,Yes,Yes, , ,42,,,132,,4799
-79.215091,43.818743,7774166,1334928,2013,2013-01-10T05:00:00.000Z,1851,18,MORNINGSIDE AVE,OLD FINCH AVE, ,Minor Arterial,Scarborough,43.818743,-79.215091,Intersection,At Intersection,Traffic Signal,Clear,Dark,Dry,Fatal,Turning Movement,Other Property Owner,unknown, ,0, , , , , , , , , , , , , ,Yes, , ,Yes, , ,Yes,Yes,Yes, , ,42,,,132,,4800
-79.432338,43.730368,80254766,5001873445,2015,2015-10-31T04:00:00.000Z,1852,18,BATHURST ST,BROOKE AVE,6 m South of,Major Arterial,North York,43.730368,-79.432338,Intersection,Intersection Related,Stop Sign,Clear,"Dusk, artificial",Dry,Non-Fatal Injury,Pedestrian Collisions,Driver,40 to 44,None,0,West,"Automobile, Station Wagon",Turning Left,Failed to Yield Right of Way,Normal, , , , , , ,Yes, ,Yes, , , , ,Yes, ,Yes, , , ,32,,,39,,4801
-79.432338,43.730368,80254767,5001873445,2015,2015-10-31T04:00:00.000Z,1852,18,BATHURST ST,BROOKE AVE,6 m South of,Major Arterial,North York,43.730368,-79.432338,Intersection,Intersection Related,Stop Sign,Clear,"Dusk, artificial",Dry,Non-Fatal Injury,Pedestrian Collisions,Pedestrian,65 to 69,Major,0,Unknown, , , , ,Vehicle turns left while ped crosses without ROW at inter.,"Crossing, no Traffic Control",Normal, , , ,Yes, ,Yes, , , , ,Yes, ,Yes, , , ,32,,,39,,4802
-79.432338,43.730368,80254768,5001873445,2015,2015-10-31T04:00:00.000Z,1852,18,BATHURST ST,BROOKE AVE,6 m South of,Major Arterial,North York,43.730368,-79.432338,Intersection,Intersection Related,Stop Sign,Clear,"Dusk, artificial",Dry,Non-Fatal Injury,Pedestrian Collisions,Passenger,40 to 44,None,0, , , , , , , , , , , ,Yes, ,Yes, , , , ,Yes, ,Yes, , , ,32,,,39,,4803
-79.432338,43.730368,80254769,5001873445,2015,2015-10-31T04:00:00.000Z,1852,18,BATHURST ST,BROOKE AVE,6 m South of,Major Arterial,North York,43.730368,-79.432338,Intersection,Intersection Related,Stop Sign,Clear,"Dusk, artificial",Dry,Non-Fatal Injury,Pedestrian Collisions,Passenger,5 to 9,None,0, , , , , , , , , , , ,Yes, ,Yes, , , , ,Yes, ,Yes, , , ,32,,,39,,4804