X,Y,Index_,ACCNUM,YEAR,DATE,TIME,Hour,STREET1,STREET2,OFFSET,ROAD_CLASS,District,LATITUDE,LONGITUDE,LOCCOORD,ACCLOC,TRAFFCTL,VISIBILITY,LIGHT,RDSFCOND,ACCLASS,IMPACTYPE,INVTYPE,INVAGE,INJURY,FATAL_NO,INITDIR,VEHTYPE,MANOEUVER,DRIVACT,DRIVCOND,PEDTYPE,PEDACT,PEDCOND,CYCLISTYPE,CYCACT,CYCCOND,PEDESTRIAN,CYCLIST,AUTOMOBILE,MOTORCYCLE,TRUCK,TRSN_CITY_,EMERG_VEH,PASSENGER,SPEEDING,AG_DRIV,REDLIGHT,ALCOHOL,DISABILITY,Division,Ward_Name,Ward_ID,Hood_ID,Hood_Name,ObjectId
-79.36769,43.674045,6280813,1205176,2010,2010-10-14T04:00:00.000Z,1703,17,BLOOR ST E,CASTLE FRANK RD, ,Major Arterial,Toronto and East York,43.674045,-79.36769,Mid-Block, ,No Control,Rain,Daylight,Wet,Non-Fatal Injury,Approaching,Driver,30 to 34,Major,0,West,"Automobile, Station Wagon",Going Ahead,Driving Properly,Normal, , , , , , , , ,Yes, , , , , ,Yes,Yes, , , ,"51,53",,,71,,4864
-79.199089,43.800244,7644820,1264317,2011,2011-11-14T05:00:00.000Z,1704,17,MILNER Aven,MORNINGSIDE Aven, ,Expressway,Scarborough,43.800244,-79.199089,Intersection, ,Traffic Signal,Clear,"Dusk, artificial",Wet,Non-Fatal Injury,Rear End,Driver,80 to 84,None,0,East,"Automobile, Station Wagon",Turning Left,Driving Properly,Normal, , , , , , , , ,Yes, , , , ,Yes, ,Yes, , , ,42,,,132,,4865
-79.199089,43.800244,7644821,1264317,2011,2011-11-14T05:00:00.000Z,1704,17,MILNER Aven,MORNINGSIDE Aven, ,Expressway,Scarborough,43.800244,-79.199089,Intersection, ,Traffic Signal,Clear,"Dusk, artificial",Wet,Non-Fatal Injury,Rear End,Passenger,80 to 84,Major,0, ,Other, , , , , , , , , , , ,Yes, , , , ,Yes, ,Yes, , , ,42,,,132,,4866
-79.199089,43.800244,7644822,1264317,2011,2011-11-14T05:00:00.000Z,1704,17,MILNER Aven,MORNINGSIDE Aven, ,Expressway,Scarborough,43.800244,-79.199089,Intersection, ,Traffic Signal,Clear,"Dusk, artificial",Wet,Non-Fatal Injury,Rear End,Driver,50 to 54,None,0,East,"Automobile, Station Wagon",Turning Left,Following too Close,Normal, , , , , , , , ,Yes, , , , ,Yes, ,Yes, , , ,42,,,132,,4867
-79.29709,43.692145,6149521,1171688,2010,2010-04-30T04:00:00.000Z,1705,17,DAWES RD,DENTONIA PARK AVE, ,Minor Arterial,Toronto and East York,43.692145,-79.29709,Intersection,At Intersection,Pedestrian Crossover,Clear,Daylight,Dry,Non-Fatal Injury,Rear End,Driver,65 to 69,None,0,South,"Automobile, Station Wagon",Going Ahead,Following too Close,Unknown, , , , , , , , ,Yes, , , , ,Yes, ,Yes, , , ,54,,,61,,4868
-79.29709,43.692145,6149522,1171688,2010,2010-04-30T04:00:00.000Z,1705,17,DAWES RD,DENTONIA PARK AVE, ,Minor Arterial,Toronto and East York,43.692145,-79.29709,Intersection,At Intersection,Pedestrian Crossover,Clear,Daylight,Dry,Non-Fatal Injury,Rear End,Passenger,80 to 84,Major,0, ,Other, , , , , , , , , , , ,Yes, , , , ,Yes, ,Yes, , , ,54,,,61,,4869
-79.29709,43.692145,6149523,1171688,2010,2010-04-30T04:00:00.000Z,1705,17,DAWES RD,DENTONIA PARK AVE, ,Minor Arterial,Toronto and East York,43.692145,-79.29709,Intersection,At Intersection,Pedestrian Crossover,Clear,Daylight,Dry,Non-Fatal Injury,Rear End,Driver,75 to 79,None,0,South,"Automobile, Station Wagon",Slowing or Stopping,Driving Properly,Normal, , , , , , , , ,Yes, , , , ,Yes, ,Yes, , , ,54,,,61,,4870
-79.54669,43.697045,6658057,1246412,2011,2011-05-14T04:00:00.000Z,1705,17,DIXON RD,ISLINGTON AVE, ,Major Arterial,Etobicoke York,43.697045,-79.54669,Intersection,At Intersection,Traffic Signal,Rain,Daylight,Wet,Non-Fatal Injury,Turning Movement,Passenger,15 to 19,Major,0, ,Other, , , , , , , , , , , ,Yes,Yes, , , ,Yes, ,Yes, , , ,23,,,6,,4871
-79.54669,43.697045,6658058,1246412,2011,2011-05-14T04:00:00.000Z,1705,17,DIXON RD,ISLINGTON AVE, ,Major Arterial,Etobicoke York,43.697045,-79.54669,Intersection,At Intersection,Traffic Signal,Rain,Daylight,Wet,Non-Fatal Injury,Turning Movement,Motorcycle Driver,15 to 19,Major,0,West,Motorcycle,Going Ahead,Driving Properly,Normal, , , , , , , , ,Yes,Yes, , , ,Yes, ,Yes, , , ,23,,,6,,4872
-79.54669,43.697045,6658059,1246412,2011,2011-05-14T04:00:00.000Z,1705,17,DIXON RD,ISLINGTON AVE, ,Major Arterial,Etobicoke York,43.697045,-79.54669,Intersection,At Intersection,Traffic Signal,Rain,Daylight,Wet,Non-Fatal Injury,Turning Movement,Driver,30 to 34,None,0,East,"Automobile, Station Wagon",Slowing or Stopping,Driving Properly,Normal, , , , , , , , ,Yes,Yes, , , ,Yes, ,Yes, , , ,23,,,6,,4873
-79.54669,43.697045,6658060,1246412,2011,2011-05-14T04:00:00.000Z,1705,17,DIXON RD,ISLINGTON AVE, ,Major Arterial,Etobicoke York,43.697045,-79.54669,Intersection,At Intersection,Traffic Signal,Rain,Daylight,Wet,Non-Fatal Injury,Turning Movement,Driver,unknown,None,0,East,"Automobile, Station Wagon",Turning Left,Failed to Yield Right of Way,Unknown, , , , , , , , ,Yes,Yes, , , ,Yes, ,Yes, , , ,23,,,6,,4874
-79.335178,43.714598,80890817,3001139681,2013,2013-12-12T05:00:00.000Z,1705,17,200 GATEWAY BLVD, , ,Collector,North York,43.714598,-79.335178,Mid-Block,At/Near Private Drive,No Control,Clear,"Dark, artificial",Dry,Non-Fatal Injury,Pedestrian Collisions,Pedestrian,35 to 39,Major,0,East, , , , ,Pedestrian hit at private driveway,"Crossing, no Traffic Control",Normal, , , ,Yes, ,Yes, , , , , , ,Yes, , , ,54,,,44,,4875
-79.335178,43.714598,80890818,3001139681,2013,2013-12-12T05:00:00.000Z,1705,17,200 GATEWAY BLVD, , ,Collector,North York,43.714598,-79.335178,Mid-Block,At/Near Private Drive,No Control,Clear,"Dark, artificial",Dry,Non-Fatal Injury,Pedestrian Collisions,Driver,45 to 49,None,0,West,Passenger Van,Turning Left,Failed to Yield Right of Way,Inattentive, , , , , , ,Yes, ,Yes, , , , , , ,Yes, , , ,54,,,44,,4876
-79.304042,43.816859,80976719,8002197002,2018,2018-11-29T05:00:00.000Z,1705,17,KENNEDY  RD,PASSMORE AVE,169 m South of,Major Arterial,Scarborough,43.816859,-79.304042,Mid-Block,At/Near Private Drive,No Control,Clear,Dusk,Dry,Non-Fatal Injury,Cyclist Collisions,Driver,60 to 64,None,0,South,"Automobile, Station Wagon",Going Ahead,Driving Properly,Normal, , , , , , , ,Yes,Yes, , , , ,Yes, ,Yes, , , ,42,,,130,,4877
-79.304042,43.816859,80976720,8002197002,2018,2018-11-29T05:00:00.000Z,1705,17,KENNEDY  RD,PASSMORE AVE,169 m South of,Major Arterial,Scarborough,43.816859,-79.304042,Mid-Block,At/Near Private Drive,No Control,Clear,Dusk,Dry,Non-Fatal Injury,Cyclist Collisions,Cyclist,70 to 74,Major,0,East,Bicycle,Going Ahead, , , , , ,"Cyclist without ROW rides into path of motorist at inter, lnwy, dwy-Cyclist not turn.",Other,Inattentive, ,Yes,Yes, , , , ,Yes, ,Yes, , , ,42,,,130,,4878
-79.304042,43.816859,80976721,8002197002,2018,2018-11-29T05:00:00.000Z,1705,17,KENNEDY  RD,PASSMORE AVE,169 m South of,Major Arterial,Scarborough,43.816859,-79.304042,Mid-Block,At/Near Private Drive,No Control,Clear,Dusk,Dry,Non-Fatal Injury,Cyclist Collisions,Driver,35 to 39,None,0,North,"Automobile, Station Wagon",Going Ahead,Driving Properly,Normal, , , , , , , ,Yes,Yes, , , , ,Yes, ,Yes, , , ,42,,,130,,4879
-79.304042,43.816859,80976722,8002197002,2018,2018-11-29T05:00:00.000Z,1705,17,KENNEDY  RD,PASSMORE AVE,169 m South of,Major Arterial,Scarborough,43.816859,-79.304042,Mid-Block,At/Near Private Drive,No Control,Clear,Dusk,Dry,Non-Fatal Injury,Cyclist Collisions,Passenger,0 to 4,None,0, , , , , , , , , , , , ,Yes,Yes, , , , ,Yes, ,Yes, , , ,42,,,130,,4880
-79.474895,43.68981,80942257,8000720463,2018,2018-04-22T04:00:00.000Z,1706,17,1854 KEELE ST, , ,Major Arterial,Etobicoke York,43.68981,-79.474895,Mid-Block,Non Intersection,No Control,Clear,"Dark, artificial",Dry,Non-Fatal Injury,Pedestrian Collisions,Pedestrian,60 to 64,Major,0,West, , , , ,Pedestrian hit at mid-block,"Crossing, no Traffic Control",Other, , , ,Yes, , ,Yes, , , , ,Yes,Yes, , , ,12,,,110,,4881
-79.474895,43.68981,80942258,8000720463,2018,2018-04-22T04:00:00.000Z,1706,17,1854 KEELE ST, , ,Major Arterial,Etobicoke York,43.68981,-79.474895,Mid-Block,Non Intersection,No Control,Clear,"Dark, artificial",Dry,Non-Fatal Injury,Pedestrian Collisions,Motorcycle Driver,unknown,None,0,South,Motorcycle,Going Ahead,Exceeding Speed Limit,Other, , , , , , ,Yes, , ,Yes, , , , ,Yes,Yes, , , ,12,,,110,,4882
-79.47299,43.635945,6225179,1203769,2010,2010-06-27T04:00:00.000Z,1710,17,THE QUEENSWAY,GARDINER QUEENSWAY W RAMP, ,Major Arterial,Toronto and East York,43.635945,-79.47299,Intersection,At Intersection,Traffic Signal,Clear,Daylight,Wet,Non-Fatal Injury,Rear End,Vehicle Owner,unknown, ,0, ,Other, , , , , , , , , , , , , , ,Yes, ,Yes, ,Yes, , , ,11,,,87,,4883
-79.47299,43.635945,6225180,1203769,2010,2010-06-27T04:00:00.000Z,1710,17,THE QUEENSWAY,GARDINER QUEENSWAY W RAMP, ,Major Arterial,Toronto and East York,43.635945,-79.47299,Intersection,At Intersection,Traffic Signal,Clear,Daylight,Wet,Non-Fatal Injury,Rear End,Driver,30 to 34,None,0,West,Municipal Transit Bus (TTC),Going Ahead,Following too Close,Inattentive, , , , , , , , , , , ,Yes, ,Yes, ,Yes, , , ,11,,,87,,4884
-79.47299,43.635945,6225181,1203769,2010,2010-06-27T04:00:00.000Z,1710,17,THE QUEENSWAY,GARDINER QUEENSWAY W RAMP, ,Major Arterial,Toronto and East York,43.635945,-79.47299,Intersection,At Intersection,Traffic Signal,Clear,Daylight,Wet,Non-Fatal Injury,Rear End,Passenger,unknown,Minimal,0, ,Other, , , , , , , , , , , , , , ,Yes, ,Yes, ,Yes, , , ,11,,,87,,4885
-79.47299,43.635945,6225182,1203769,2010,2010-06-27T04:00:00.000Z,1710,17,THE QUEENSWAY,GARDINER QUEENSWAY W RAMP, ,Major Arterial,Toronto and East York,43.635945,-79.47299,Intersection,At Intersection,Traffic Signal,Clear,Daylight,Wet,Non-Fatal Injury,Rear End,Passenger,65 to 69,Minimal,0, ,Other, , , , , , , , , , , , , , ,Yes, ,Yes, ,Yes, , , ,11,,,87,,4886
-79.47299,43.635945,6225183,1203769,2010,2010-06-27T04:00:00.000Z,1710,17,THE QUEENSWAY,GARDINER QUEENSWAY W RAMP, ,Major Arterial,Toronto and East York,43.635945,-79.47299,Intersection,At Intersection,Traffic Signal,Clear,Daylight,Wet,Non-Fatal Injury,Rear End,Passenger,45 to 49,Minimal,0, ,Other, , , , , , , , , , , , , , ,Yes, ,Yes, ,Yes, , , ,11,,,87,,4887
-79.47299,43.635945,6225184,1203769,2010,2010-06-27T04:00:00.000Z,1710,17,THE QUEENSWAY,GARDINER QUEENSWAY W RAMP, ,Major Arterial,Toronto and East York,43.635945,-79.47299,Intersection,At Intersection,Traffic Signal,Clear,Daylight,Wet,Non-Fatal Injury,Rear End,Passenger,65 to 69,Minimal,0, ,Other, , , , , , , , , , , , , , ,Yes, ,Yes, ,Yes, , , ,11,,,87,,4888
-79.47299,43.635945,6225185,1203769,2010,2010-06-27T04:00:00.000Z,1710,17,THE QUEENSWAY,GARDINER QUEENSWAY W RAMP, ,Major Arterial,Toronto and East York,43.635945,-79.47299,Intersection,At Intersection,Traffic Signal,Clear,Daylight,Wet,Non-Fatal Injury,Rear End,Passenger,50 to 54,Minimal,0, ,Other, , , , , , , , , , , , , , ,Yes, ,Yes, ,Yes, , , ,11,,,87,,4889
-79.47299,43.635945,6225186,1203769,2010,2010-06-27T04:00:00.000Z,1710,17,THE QUEENSWAY,GARDINER QUEENSWAY W RAMP, ,Major Arterial,Toronto and East York,43.635945,-79.47299,Intersection,At Intersection,Traffic Signal,Clear,Daylight,Wet,Non-Fatal Injury,Rear End,Passenger,65 to 69,Major,0, ,Other, , , , , , , , , , , , , , ,Yes, ,Yes, ,Yes, , , ,11,,,87,,4890
-79.47299,43.635945,6225187,1203769,2010,2010-06-27T04:00:00.000Z,1710,17,THE QUEENSWAY,GARDINER QUEENSWAY W RAMP, ,Major Arterial,Toronto and East York,43.635945,-79.47299,Intersection,At Intersection,Traffic Signal,Clear,Daylight,Wet,Non-Fatal Injury,Rear End,Vehicle Owner,unknown, ,0, ,Other, , , , , , , , , , , , , , ,Yes, ,Yes, ,Yes, , , ,11,,,87,,4891
-79.47299,43.635945,6225188,1203769,2010,2010-06-27T04:00:00.000Z,1710,17,THE QUEENSWAY,GARDINER QUEENSWAY W RAMP, ,Major Arterial,Toronto and East York,43.635945,-79.47299,Intersection,At Intersection,Traffic Signal,Clear,Daylight,Wet,Non-Fatal Injury,Rear End,Driver,35 to 39,None,0,West,Municipal Transit Bus (TTC),Stopped,Driving Properly,Normal, , , , , , , , , , , ,Yes, ,Yes, ,Yes, , , ,11,,,87,,4892
-79.572353,43.723429,80493733,5002036269,2015,2015-11-27T05:00:00.000Z,1644,16,KIPLING AVE,GENTHORN AVE,6 m South of,Major Arterial,Etobicoke York,43.723429,-79.572353,Intersection,Intersection Related,Traffic Signal,Clear,"Dark, artificial",Wet,Non-Fatal Injury,Rear End,Driver,45 to 49,Minor,0,North,"Automobile, Station Wagon",Stopped,Driving Properly,Normal, , , , , , , , ,Yes, , , , ,Yes, ,Yes, , , ,23,,,4,,4893
-79.264842,43.779536,80201577,4001426631,2014,2014-01-28T05:00:00.000Z,1740,17,BRIMLEY RD,HIGHWAY 401 C  W, ,Expressway,Scarborough,43.779536,-79.264842,Mid-Block,Non Intersection,No Control,Clear,"Dark, artificial",Dry,Non-Fatal Injury,Approaching,Passenger,5 to 9,None,0, , , , , , , , , , , , , ,Yes, , , , ,Yes,Yes,Yes, , , ,"42,41,43",,,128,,4894
-79.344959,43.814719,80899487,7000838415,2017,2017-05-12T04:00:00.000Z,1723,17,3160 STEELES AVE E, ,26 m West of,Major Arterial,North York,43.814719,-79.344959,Mid-Block,Intersection Related,No Control,Clear,Daylight,Dry,Non-Fatal Injury,Rear End,Driver,45 to 49,Minimal,0,West,"Automobile, Station Wagon",Stopped,Driving Properly,Normal, , , , , , , , ,Yes, , , , ,Yes,Yes,Yes, , , ,33,,,48,,4895
-79.227596,43.816252,80485918,4003516677,2014,2014-12-19T05:00:00.000Z,1740,17,FINCH AVE E,NEILSON RD, ,Minor Arterial,Scarborough,43.816252,-79.227596,Intersection,At Intersection,Traffic Signal,Clear,Dark,Dry,Fatal,Pedestrian Collisions,Driver,25 to 29,None,0,North,Municipal Transit Bus (TTC),Turning Right,Failed to Yield Right of Way,Other, , , , , , ,Yes, , , , ,Yes, , , ,Yes, , , ,42,,,132,,4896
-79.344959,43.814719,80899488,7000838415,2017,2017-05-12T04:00:00.000Z,1723,17,3160 STEELES AVE E, ,26 m West of,Major Arterial,North York,43.814719,-79.344959,Mid-Block,Intersection Related,No Control,Clear,Daylight,Dry,Non-Fatal Injury,Rear End,Driver,35 to 39,None,0,West,"Automobile, Station Wagon",Stopped,Driving Properly,Normal, , , , , , , , ,Yes, , , , ,Yes,Yes,Yes, , , ,33,,,48,,4897
-79.344959,43.814719,80899489,7000838415,2017,2017-05-12T04:00:00.000Z,1723,17,3160 STEELES AVE E, ,26 m West of,Major Arterial,North York,43.814719,-79.344959,Mid-Block,Intersection Related,No Control,Clear,Daylight,Dry,Non-Fatal Injury,Rear End,Driver,45 to 49,None,0,West,"Automobile, Station Wagon",Stopped,Driving Properly,Normal, , , , , , , , ,Yes, , , , ,Yes,Yes,Yes, , , ,33,,,48,,4898
-79.357456,43.753421,80632359,6002100980,2016,2016-11-26T05:00:00.000Z,1807,18,YORK MILLS RD,SCARSDALE RD,8 m West of,Major Arterial,North York,43.753421,-79.357456,Intersection,At Intersection,Traffic Signal,Rain,"Dark, artificial",Wet,Non-Fatal Injury,Pedestrian Collisions,Pedestrian,60 to 64,Major,0,South, , , , ,Vehicle turns left while ped crosses with ROW at inter.,Crossing with right of way,Normal, , , ,Yes, ,Yes, , , , , , ,Yes, , , ,33,,,42,,4899
-79.344959,43.814719,80899490,7000838415,2017,2017-05-12T04:00:00.000Z,1723,17,3160 STEELES AVE E, ,26 m West of,Major Arterial,North York,43.814719,-79.344959,Mid-Block,Intersection Related,No Control,Clear,Daylight,Dry,Non-Fatal Injury,Rear End,Driver,45 to 49,None,0,West,"Automobile, Station Wagon",Stopped,Driving Properly,Normal, , , , , , , , ,Yes, , , , ,Yes,Yes,Yes, , , ,33,,,48,,4900
-79.344959,43.814719,80899491,7000838415,2017,2017-05-12T04:00:00.000Z,1723,17,3160 STEELES AVE E, ,26 m West of,Major Arterial,North York,43.814719,-79.344959,Mid-Block,Intersection Related,No Control,Clear,Daylight,Dry,Non-Fatal Injury,Rear End,Driver,30 to 34,Major,0,West,"Automobile, Station Wagon",Stopped,Driving Properly,Normal, , , , , , , , ,Yes, , , , ,Yes,Yes,Yes, , , ,33,,,48,,4901
-79.344959,43.814719,80899492,7000838415,2017,2017-05-12T04:00:00.000Z,1723,17,3160 STEELES AVE E, ,26 m West of,Major Arterial,North York,43.814719,-79.344959,Mid-Block,Intersection Related,No Control,Clear,Daylight,Dry,Non-Fatal Injury,Rear End,Driver,20 to 24,None,0,West,"Automobile, Station Wagon",Going Ahead,Speed too Fast For Condition,Had Been Drinking, , , , , , , , ,Yes, , , , ,Yes,Yes,Yes, , , ,33,,,48,,4902
-79.400165,43.683455,80972244,8001797776,2018,2018-09-28T04:00:00.000Z,1723,17,AVENUE RD,FARNHAM AVE,4 m West of,Major Arterial,Toronto and East York,43.683455,-79.400165,Intersection,At Intersection,Stop Sign,Clear,Daylight,Dry,Non-Fatal Injury,Turning Movement,Driver,25 to 29,Minor,0,North,"Automobile, Station Wagon",Turning Left,Failed to Yield Right of Way,Normal, , , , , , , , ,Yes, , , , ,Yes,Yes,Yes, , , ,53,,,97,,4903
-79.400165,43.683455,80972245,8001797776,2018,2018-09-28T04:00:00.000Z,1723,17,AVENUE RD,FARNHAM AVE,4 m West of,Major Arterial,Toronto and East York,43.683455,-79.400165,Intersection,At Intersection,Stop Sign,Clear,Daylight,Dry,Non-Fatal Injury,Turning Movement,Driver,35 to 39,None,0,South,"Automobile, Station Wagon",Going Ahead,Speed too Fast For Condition,Normal, , , , , , , , ,Yes, , , , ,Yes,Yes,Yes, , , ,53,,,97,,4904
-79.400165,43.683455,80972246,8001797776,2018,2018-09-28T04:00:00.000Z,1723,17,AVENUE RD,FARNHAM AVE,4 m West of,Major Arterial,Toronto and East York,43.683455,-79.400165,Intersection,At Intersection,Stop Sign,Clear,Daylight,Dry,Non-Fatal Injury,Turning Movement,Passenger,50 to 54,Major,0, , , , , , , , , , , , , ,Yes, , , , ,Yes,Yes,Yes, , , ,53,,,97,,4905
-79.41229,43.780445,5871218,1146990,2009,2009-12-14T05:00:00.000Z,1724,17,KENNETH Aven,FINCH Aven E, ,Major Arterial,North York,43.780445,-79.41229,Intersection,At Intersection,Traffic Signal,Rain,Daylight,Wet,Non-Fatal Injury,Pedestrian Collisions,Driver,30 to 34,None,0,North,"Automobile, Station Wagon",Turning Right,Failed to Yield Right of Way,Normal, , , , , , ,Yes, ,Yes, , , , , , ,Yes, , , ,32,,,51,,4906
-79.41229,43.780445,5871219,1146990,2009,2009-12-14T05:00:00.000Z,1724,17,KENNETH Aven,FINCH Aven E, ,Major Arterial,North York,43.780445,-79.41229,Intersection,At Intersection,Traffic Signal,Rain,Daylight,Wet,Non-Fatal Injury,Pedestrian Collisions,Pedestrian,50 to 54,Major,0,East,Other, , , ,Vehicle turns right while ped crosses with ROW at inter.,Crossing with right of way,Normal, , , ,Yes, ,Yes, , , , , , ,Yes, , , ,32,,,51,,4907
-79.413181,43.776915,80511388,5000643015,2015,2015-04-18T04:00:00.000Z,1724,17,BYNG AVE,DORIS AVE, ,Minor Arterial,North York,43.776915,-79.413181,Intersection,Non Intersection,Traffic Signal,Clear,Daylight,Dry,Non-Fatal Injury,Turning Movement,Driver,55 to 59,Major,0,South,"Automobile, Station Wagon",Turning Left,Failed to Yield Right of Way,Normal, , , , , , , , ,Yes,Yes, , , ,Yes,Yes,Yes, , , ,32,,,51,,4908
-79.413181,43.776915,80511389,5000643015,2015,2015-04-18T04:00:00.000Z,1724,17,BYNG AVE,DORIS AVE, ,Minor Arterial,North York,43.776915,-79.413181,Intersection,Non Intersection,Traffic Signal,Clear,Daylight,Dry,Non-Fatal Injury,Turning Movement,Motorcycle Driver,20 to 24,None,0,North,Motorcycle,Going Ahead,Exceeding Speed Limit,Normal, , , , , , , , ,Yes,Yes, , , ,Yes,Yes,Yes, , , ,32,,,51,,4909
-79.413181,43.776915,80511390,5000643015,2015,2015-04-18T04:00:00.000Z,1724,17,BYNG AVE,DORIS AVE, ,Minor Arterial,North York,43.776915,-79.413181,Intersection,Non Intersection,Traffic Signal,Clear,Daylight,Dry,Non-Fatal Injury,Turning Movement,Passenger,70 to 74,Minor,0, , , , , , , , , , , , , ,Yes,Yes, , , ,Yes,Yes,Yes, , , ,32,,,51,,4910
-79.393695,43.687121,80508064,4001839979,2014,2014-04-06T04:00:00.000Z,1725,17,YONGE ST,PLEASANT BLVD, ,Major Arterial,Toronto and East York,43.687121,-79.393695,Intersection,At Intersection,No Control,Clear,Daylight,Dry,Non-Fatal Injury,Pedestrian Collisions,Driver,75 to 79,None,0,South,"Automobile, Station Wagon",Turning Left,Failed to Yield Right of Way,Normal, , , , , , ,Yes, ,Yes,Yes, , , , ,Yes,Yes, , , ,53,,,98,,4911
-79.393695,43.687121,80508065,4001839979,2014,2014-04-06T04:00:00.000Z,1725,17,YONGE ST,PLEASANT BLVD, ,Major Arterial,Toronto and East York,43.687121,-79.393695,Intersection,At Intersection,No Control,Clear,Daylight,Dry,Non-Fatal Injury,Pedestrian Collisions,Motorcycle Driver,25 to 29,Major,0,North,Motorcycle,Changing Lanes,Driving Properly,Normal, , , , , , ,Yes, ,Yes,Yes, , , , ,Yes,Yes, , , ,53,,,98,,4912
-79.393695,43.687121,80508066,4001839979,2014,2014-04-06T04:00:00.000Z,1725,17,YONGE ST,PLEASANT BLVD, ,Major Arterial,Toronto and East York,43.687121,-79.393695,Intersection,At Intersection,No Control,Clear,Daylight,Dry,Non-Fatal Injury,Pedestrian Collisions,Pedestrian,65 to 69,Major,0,Unknown, , , , ,Pedestrian hit on sidewalk or shoulder,On Sidewalk or Shoulder,Normal, , , ,Yes, ,Yes,Yes, , , , ,Yes,Yes, , , ,53,,,98,,4913
-79.572353,43.723429,80493734,5002036269,2015,2015-11-27T05:00:00.000Z,1644,16,KIPLING AVE,GENTHORN AVE,6 m South of,Major Arterial,Etobicoke York,43.723429,-79.572353,Intersection,Intersection Related,Traffic Signal,Clear,"Dark, artificial",Wet,Non-Fatal Injury,Rear End,Driver,50 to 54,Major,0,North,"Automobile, Station Wagon",Stopped,Driving Properly,Normal, , , , , , , , ,Yes, , , , ,Yes, ,Yes, , , ,23,,,4,,4914
-79.572353,43.723429,80493735,5002036269,2015,2015-11-27T05:00:00.000Z,1644,16,KIPLING AVE,GENTHORN AVE,6 m South of,Major Arterial,Etobicoke York,43.723429,-79.572353,Intersection,Intersection Related,Traffic Signal,Clear,"Dark, artificial",Wet,Non-Fatal Injury,Rear End,Passenger,5 to 9,None,0, , , , , , , , , , , , , ,Yes, , , , ,Yes, ,Yes, , , ,23,,,4,,4915
-79.357456,43.753421,80632360,6002100980,2016,2016-11-26T05:00:00.000Z,1807,18,YORK MILLS RD,SCARSDALE RD,8 m West of,Major Arterial,North York,43.753421,-79.357456,Intersection,At Intersection,Traffic Signal,Rain,"Dark, artificial",Wet,Non-Fatal Injury,Pedestrian Collisions,Pedestrian,65 to 69,Minor,0,South, , , , ,Vehicle turns left while ped crosses with ROW at inter.,Crossing with right of way,Unknown, , , ,Yes, ,Yes, , , , , , ,Yes, , , ,33,,,42,,4916
-79.46519,43.761045,6915629,1248878,2011,2011-08-12T04:00:00.000Z,1808,18,DUFFERIN Stre,STEEPROCK Driv, ,Major Arterial,North York,43.761045,-79.46519,Intersection,At Intersection,Traffic Signal,Clear,Daylight,Dry,Non-Fatal Injury,Turning Movement,Vehicle Owner,unknown, ,0, ,Other, , , , , , , , , , , ,Yes,Yes, , , , ,Yes,Yes, , , ,32,,,34,,4917
-79.46519,43.761045,6915630,1248878,2011,2011-08-12T04:00:00.000Z,1808,18,DUFFERIN Stre,STEEPROCK Driv, ,Major Arterial,North York,43.761045,-79.46519,Intersection,At Intersection,Traffic Signal,Clear,Daylight,Dry,Non-Fatal Injury,Turning Movement,Motorcycle Driver,25 to 29,Major,0,South,Motorcycle,Going Ahead,Speed too Fast For Condition,Inattentive, , , , , , , , ,Yes,Yes, , , , ,Yes,Yes, , , ,32,,,34,,4918
-79.46519,43.761045,6915631,1248878,2011,2011-08-12T04:00:00.000Z,1808,18,DUFFERIN Stre,STEEPROCK Driv, ,Major Arterial,North York,43.761045,-79.46519,Intersection,At Intersection,Traffic Signal,Clear,Daylight,Dry,Non-Fatal Injury,Turning Movement,Driver,50 to 54,Minimal,0,North,"Automobile, Station Wagon",Turning Left,Driving Properly,Normal, , , , , , , , ,Yes,Yes, , , , ,Yes,Yes, , , ,32,,,34,,4919
-79.570628,43.651934,80770719,7001165135,2017,2017-06-29T04:00:00.000Z,1808,18,THE WEST MALL,CAMBRIAN RD,98 m South of,Minor Arterial,Etobicoke York,43.651934,-79.570628,Mid-Block,Non Intersection,No Control,Clear,Daylight,Dry,Non-Fatal Injury,Angle,Driver,15 to 19,Minor,0,West,Passenger Van,Going Ahead,Failed to Yield Right of Way,Normal, , , , , , , , ,Yes, , ,Yes, ,Yes,Yes,Yes, , , ,22,,,13,,4920
-79.570628,43.651934,80770720,7001165135,2017,2017-06-29T04:00:00.000Z,1808,18,THE WEST MALL,CAMBRIAN RD,98 m South of,Minor Arterial,Etobicoke York,43.651934,-79.570628,Mid-Block,Non Intersection,No Control,Clear,Daylight,Dry,Non-Fatal Injury,Angle,Driver,40 to 44,Minor,0,North,Municipal Transit Bus (TTC),Going Ahead,Driving Properly,Normal, , , , , , , , ,Yes, , ,Yes, ,Yes,Yes,Yes, , , ,22,,,13,,4921
-79.570628,43.651934,80770721,7001165135,2017,2017-06-29T04:00:00.000Z,1808,18,THE WEST MALL,CAMBRIAN RD,98 m South of,Minor Arterial,Etobicoke York,43.651934,-79.570628,Mid-Block,Non Intersection,No Control,Clear,Daylight,Dry,Non-Fatal Injury,Angle,Passenger,20 to 24,Minor,0, , , , , , , , , , , , , ,Yes, , ,Yes, ,Yes,Yes,Yes, , , ,22,,,13,,4922