X,Y,Index_,ACCNUM,YEAR,DATE,TIME,Hour,STREET1,STREET2,OFFSET,ROAD_CLASS,District,LATITUDE,LONGITUDE,LOCCOORD,ACCLOC,TRAFFCTL,VISIBILITY,LIGHT,RDSFCOND,ACCLASS,IMPACTYPE,INVTYPE,INVAGE,INJURY,FATAL_NO,INITDIR,VEHTYPE,MANOEUVER,DRIVACT,DRIVCOND,PEDTYPE,PEDACT,PEDCOND,CYCLISTYPE,CYCACT,CYCCOND,PEDESTRIAN,CYCLIST,AUTOMOBILE,MOTORCYCLE,TRUCK,TRSN_CITY_,EMERG_VEH,PASSENGER,SPEEDING,AG_DRIV,REDLIGHT,ALCOHOL,DISABILITY,Division,Ward_Name,Ward_ID,Hood_ID,Hood_Name,ObjectId
-79.30119,43.678145,5283205,1123704,2009,2009-09-09T04:00:00.000Z,1452,14,KINGSTON Rd,LEE Ave, ,Major Arterial,Toronto and East York,43.678145,-79.30119,Intersection,At Intersection,Pedestrian Crossover,Clear,Daylight,Dry,Non-Fatal Injury,Pedestrian Collisions,Driver,60 to 64,None,0,West,"Automobile, Station Wagon",Going Ahead,Failed to Yield Right of Way,Inattentive, , , , , , ,Yes, ,Yes, , , , , , ,Yes, , , ,55,,,62,,3045
-79.294071,43.717333,7852784,1370852,2013,2013-08-16T04:00:00.000Z,1453,14,PHARMACY AVE,LEAHURST DR, ,Minor Arterial,Scarborough,43.717333,-79.294071,Intersection,At Intersection,No Control,Clear,Daylight,Dry,Non-Fatal Injury,Turning Movement,Motorcycle Driver,45 to 49,Major,0,North,Motorcycle,Going Ahead,Driving Properly,Normal, , , , , , , , ,Yes,Yes, , , , , ,Yes, , , ,41,,,120,,3046
-79.294071,43.717333,7852785,1370852,2013,2013-08-16T04:00:00.000Z,1453,14,PHARMACY AVE,LEAHURST DR, ,Minor Arterial,Scarborough,43.717333,-79.294071,Intersection,At Intersection,No Control,Clear,Daylight,Dry,Non-Fatal Injury,Turning Movement,Driver,35 to 39,None,0,South,"Automobile, Station Wagon",Going Ahead,Driving Properly,Normal, , , , , , , , ,Yes,Yes, , , , , ,Yes, , , ,41,,,120,,3047
-79.294071,43.717333,7852786,1370852,2013,2013-08-16T04:00:00.000Z,1453,14,PHARMACY AVE,LEAHURST DR, ,Minor Arterial,Scarborough,43.717333,-79.294071,Intersection,At Intersection,No Control,Clear,Daylight,Dry,Non-Fatal Injury,Turning Movement,Driver,unknown,None,0,South,"Automobile, Station Wagon",Turning Left,Failed to Yield Right of Way,Unknown, , , , , , , , ,Yes,Yes, , , , , ,Yes, , , ,41,,,120,,3048
-79.484546,43.736933,80213484,4002496005,2014,2014-07-14T04:00:00.000Z,1453,14,KEELE ST,WHITBURN CRES, ,Major Arterial,North York,43.736933,-79.484546,Intersection,Intersection Related,Traffic Signal,Clear,Daylight,Dry,Non-Fatal Injury,Rear End,Driver,20 to 24,Major,0,North,"Automobile, Station Wagon",Going Ahead,Following too Close,Normal, , , , , , , , ,Yes, , , , , , ,Yes, , , ,31,,,26,,3049
-79.484546,43.736933,80213485,4002496005,2014,2014-07-14T04:00:00.000Z,1453,14,KEELE ST,WHITBURN CRES, ,Major Arterial,North York,43.736933,-79.484546,Intersection,Intersection Related,Traffic Signal,Clear,Daylight,Dry,Non-Fatal Injury,Rear End,Driver,60 to 64,None,0,North,"Automobile, Station Wagon",Stopped,Driving Properly,Normal, , , , , , , , ,Yes, , , , , , ,Yes, , , ,31,,,26,,3050
-79.469249,43.662867,80239094,5000841080,2015,2015-05-20T04:00:00.000Z,1453,14,HIGH PARK AVE,ANNETTE ST, ,Minor Arterial,Toronto and East York,43.662867,-79.469249,Intersection,Intersection Related,Traffic Signal,Clear,Daylight,Dry,Non-Fatal Injury,Pedestrian Collisions,Driver,35 to 39,None,0,North,"Automobile, Station Wagon",Turning Left,Failed to Yield Right of Way,Normal, , , , , , ,Yes, ,Yes, , , , ,Yes, ,Yes, , , ,11,,,90,,3051
-79.469249,43.662867,80239095,5000841080,2015,2015-05-20T04:00:00.000Z,1453,14,HIGH PARK AVE,ANNETTE ST, ,Minor Arterial,Toronto and East York,43.662867,-79.469249,Intersection,Intersection Related,Traffic Signal,Clear,Daylight,Dry,Non-Fatal Injury,Pedestrian Collisions,Passenger,50 to 54,None,0, , , , , , , , , , , ,Yes, ,Yes, , , , ,Yes, ,Yes, , , ,11,,,90,,3052
-79.469249,43.662867,80239096,5000841080,2015,2015-05-20T04:00:00.000Z,1453,14,HIGH PARK AVE,ANNETTE ST, ,Minor Arterial,Toronto and East York,43.662867,-79.469249,Intersection,Intersection Related,Traffic Signal,Clear,Daylight,Dry,Non-Fatal Injury,Pedestrian Collisions,Pedestrian,30 to 34,Major,0,South, , , , ,Vehicle turns left while ped crosses with ROW at inter.,Crossing with right of way,Normal, , , ,Yes, ,Yes, , , , ,Yes, ,Yes, , , ,11,,,90,,3053
-79.408946,43.656211,80252218,5001713235,2015,2015-10-04T04:00:00.000Z,1453,14,COLLEGE ST,MARKHAM ST, ,Major Arterial,Toronto and East York,43.656211,-79.408946,Intersection,At Intersection,Stop Sign,Clear,"Dark, artificial",Dry,Non-Fatal Injury,Cyclist Collisions,Driver,30 to 34,None,0,East,"Automobile, Station Wagon",Going Ahead,Improper Passing,Unknown, , , , , , , ,Yes,Yes, , , , , ,Yes,Yes, , , ,14,,,81,,3054
-79.408946,43.656211,80252219,5001713235,2015,2015-10-04T04:00:00.000Z,1453,14,COLLEGE ST,MARKHAM ST, ,Major Arterial,Toronto and East York,43.656211,-79.408946,Intersection,At Intersection,Stop Sign,Clear,"Dark, artificial",Dry,Non-Fatal Injury,Cyclist Collisions,Cyclist,50 to 54,Major,0,East,Bicycle,Going Ahead, , , , , ,Cyclist and Driver travelling in same direction. One vehicle rear-ended the other.,Driving Properly,Normal, ,Yes,Yes, , , , , ,Yes,Yes, , , ,14,,,81,,3055
-79.596225,43.759448,80485405,4001902313,2014,2014-04-16T04:00:00.000Z,1453,14,STEELES AVE W,GIHON SPRING DR,60 m East of,Major Arterial,Etobicoke York,43.759448,-79.596225,Mid-Block,Non Intersection,No Control,Clear,Daylight,Dry,Non-Fatal Injury,Approaching,Driver,15 to 19,None,0,West,Passenger Van,Going Ahead,Lost control,Normal, , , , , , , , ,Yes, , , , ,Yes,Yes,Yes, , , ,23,,,2,,3056
-79.596225,43.759448,80485406,4001902313,2014,2014-04-16T04:00:00.000Z,1453,14,STEELES AVE W,GIHON SPRING DR,60 m East of,Major Arterial,Etobicoke York,43.759448,-79.596225,Mid-Block,Non Intersection,No Control,Clear,Daylight,Dry,Non-Fatal Injury,Approaching,Driver,40 to 44,Major,0,East,"Automobile, Station Wagon",Going Ahead,Driving Properly,Normal, , , , , , , , ,Yes, , , , ,Yes,Yes,Yes, , , ,23,,,2,,3057
-79.596225,43.759448,80485407,4001902313,2014,2014-04-16T04:00:00.000Z,1453,14,STEELES AVE W,GIHON SPRING DR,60 m East of,Major Arterial,Etobicoke York,43.759448,-79.596225,Mid-Block,Non Intersection,No Control,Clear,Daylight,Dry,Non-Fatal Injury,Approaching,Passenger,15 to 19,Minor,0, , , , , , , , , , , , , ,Yes, , , , ,Yes,Yes,Yes, , , ,23,,,2,,3058
-79.596225,43.759448,80485408,4001902313,2014,2014-04-16T04:00:00.000Z,1453,14,STEELES AVE W,GIHON SPRING DR,60 m East of,Major Arterial,Etobicoke York,43.759448,-79.596225,Mid-Block,Non Intersection,No Control,Clear,Daylight,Dry,Non-Fatal Injury,Approaching,Passenger,15 to 19,Minor,0, , , , , , , , , , , , , ,Yes, , , , ,Yes,Yes,Yes, , , ,23,,,2,,3059
-79.596225,43.759448,80485409,4001902313,2014,2014-04-16T04:00:00.000Z,1453,14,STEELES AVE W,GIHON SPRING DR,60 m East of,Major Arterial,Etobicoke York,43.759448,-79.596225,Mid-Block,Non Intersection,No Control,Clear,Daylight,Dry,Non-Fatal Injury,Approaching,Passenger,15 to 19,None,0, , , , , , , , , , , , , ,Yes, , , , ,Yes,Yes,Yes, , , ,23,,,2,,3060
-79.596225,43.759448,80485410,4001902313,2014,2014-04-16T04:00:00.000Z,1453,14,STEELES AVE W,GIHON SPRING DR,60 m East of,Major Arterial,Etobicoke York,43.759448,-79.596225,Mid-Block,Non Intersection,No Control,Clear,Daylight,Dry,Non-Fatal Injury,Approaching,Passenger,15 to 19,None,0, , , , , , , , , , , , , ,Yes, , , , ,Yes,Yes,Yes, , , ,23,,,2,,3061
-79.596225,43.759448,80485411,4001902313,2014,2014-04-16T04:00:00.000Z,1453,14,STEELES AVE W,GIHON SPRING DR,60 m East of,Major Arterial,Etobicoke York,43.759448,-79.596225,Mid-Block,Non Intersection,No Control,Clear,Daylight,Dry,Non-Fatal Injury,Approaching,Passenger,45 to 49,Minor,0, , , , , , , , , , , , , ,Yes, , , , ,Yes,Yes,Yes, , , ,23,,,2,,3062
-79.31569,43.696845,7470894,1317840,2012,2012-10-01T04:00:00.000Z,1454,14,COSBURN AVE,CEDARVALE AVE, ,Collector,Toronto and East York,43.696845,-79.31569,Intersection,At Intersection,Pedestrian Crossover,Clear,Daylight,Dry,Non-Fatal Injury,Pedestrian Collisions,Driver,65 to 69,None,0,South,"Automobile, Station Wagon",Turning Left,Failed to Yield Right of Way,Inattentive, , , , , , ,Yes, ,Yes, , , , , , ,Yes, , , ,54,,,60,,3063
-79.31569,43.696845,7470895,1317840,2012,2012-10-01T04:00:00.000Z,1454,14,COSBURN AVE,CEDARVALE AVE, ,Collector,Toronto and East York,43.696845,-79.31569,Intersection,At Intersection,Pedestrian Crossover,Clear,Daylight,Dry,Non-Fatal Injury,Pedestrian Collisions,Pedestrian,75 to 79,Major,0,South,Other, , , ,Pedestrian hit a PXO/ped. Mid-block signal,"Crossing, Pedestrian Crossover",Normal, , , ,Yes, ,Yes, , , , , , ,Yes, , , ,54,,,60,,3064
-79.49079,43.648045,6133831,1164773,2010,2010-04-07T04:00:00.000Z,1455,14,2559 BLOOR St W, , ,Major Arterial,Toronto and East York,43.648045,-79.49079,Intersection, ,No Control,Rain,Daylight,Wet,Non-Fatal Injury,Rear End,Driver,35 to 39,None,0,East,"Automobile, Station Wagon",Stopped,Driving Properly,Normal, , , , , , , , ,Yes, , , , ,Yes, ,Yes, , , ,11,,,114,,3065
-79.49079,43.648045,6133832,1164773,2010,2010-04-07T04:00:00.000Z,1455,14,2559 BLOOR St W, , ,Major Arterial,Toronto and East York,43.648045,-79.49079,Intersection, ,No Control,Rain,Daylight,Wet,Non-Fatal Injury,Rear End,Vehicle Owner,unknown, ,0, ,"Automobile, Station Wagon", , , , , , , , , , , ,Yes, , , , ,Yes, ,Yes, , , ,11,,,114,,3066
-79.49079,43.648045,6133833,1164773,2010,2010-04-07T04:00:00.000Z,1455,14,2559 BLOOR St W, , ,Major Arterial,Toronto and East York,43.648045,-79.49079,Intersection, ,No Control,Rain,Daylight,Wet,Non-Fatal Injury,Rear End,Driver,45 to 49,Minimal,0,East,"Automobile, Station Wagon",Stopped,Driving Properly,Normal, , , , , , , , ,Yes, , , , ,Yes, ,Yes, , , ,11,,,114,,3067
-79.49079,43.648045,6133834,1164773,2010,2010-04-07T04:00:00.000Z,1455,14,2559 BLOOR St W, , ,Major Arterial,Toronto and East York,43.648045,-79.49079,Intersection, ,No Control,Rain,Daylight,Wet,Non-Fatal Injury,Rear End,Driver,50 to 54,Major,0,East,"Automobile, Station Wagon",Stopped,Driving Properly,Normal, , , , , , , , ,Yes, , , , ,Yes, ,Yes, , , ,11,,,114,,3068
-79.49079,43.648045,6133835,1164773,2010,2010-04-07T04:00:00.000Z,1455,14,2559 BLOOR St W, , ,Major Arterial,Toronto and East York,43.648045,-79.49079,Intersection, ,No Control,Rain,Daylight,Wet,Non-Fatal Injury,Rear End,Passenger,15 to 19,Minimal,0, ,Other, , , , , , , , , , , ,Yes, , , , ,Yes, ,Yes, , , ,11,,,114,,3069
-79.49079,43.648045,6133836,1164773,2010,2010-04-07T04:00:00.000Z,1455,14,2559 BLOOR St W, , ,Major Arterial,Toronto and East York,43.648045,-79.49079,Intersection, ,No Control,Rain,Daylight,Wet,Non-Fatal Injury,Rear End,Driver,50 to 54,Minor,0,East,"Automobile, Station Wagon",Going Ahead,Following too Close,Normal, , , , , , , , ,Yes, , , , ,Yes, ,Yes, , , ,11,,,114,,3070
-79.308299,43.718005,80900229,8000027863,2018,2018-01-05T05:00:00.000Z,1455,14,100 SUNRISE AVE, ,408 m East of,Collector,Toronto and East York,43.718005,-79.308299,Mid-Block,At/Near Private Drive,No Control,Clear,Daylight,Dry,Non-Fatal Injury,Turning Movement,Driver,20 to 24,Major,0,West,"Automobile, Station Wagon",Going Ahead,Driving Properly,Normal, , , , , , , , ,Yes, , , , , , ,Yes, , , ,54,,,43,,3071
-79.308299,43.718005,80900230,8000027863,2018,2018-01-05T05:00:00.000Z,1455,14,100 SUNRISE AVE, ,408 m East of,Collector,Toronto and East York,43.718005,-79.308299,Mid-Block,At/Near Private Drive,No Control,Clear,Daylight,Dry,Non-Fatal Injury,Turning Movement,Driver,50 to 54,None,0,East,"Automobile, Station Wagon",Turning Left,Failed to Yield Right of Way,Normal, , , , , , , , ,Yes, , , , , , ,Yes, , , ,54,,,43,,3072
-79.508815,43.624903,80950845,8001677447,2018,2018-09-10T04:00:00.000Z,1455,14,THE QUEENSWAY,LOMA RD, ,Major Arterial,Etobicoke York,43.624903,-79.508815,Intersection,At Intersection,Stop Sign,Rain,Daylight,Wet,Non-Fatal Injury,Pedestrian Collisions,Driver,40 to 44,None,0,South,"Automobile, Station Wagon",Turning Left,Failed to Yield Right of Way,Inattentive, , , , , , ,Yes, ,Yes, , , , , , ,Yes, , , ,22,,,16,,3073
-79.508815,43.624903,80950846,8001677447,2018,2018-09-10T04:00:00.000Z,1455,14,THE QUEENSWAY,LOMA RD, ,Major Arterial,Etobicoke York,43.624903,-79.508815,Intersection,At Intersection,Stop Sign,Rain,Daylight,Wet,Non-Fatal Injury,Pedestrian Collisions,Pedestrian,80 to 84,Major,0,North, , , , , ,Crossing without right of way,Inattentive, , , ,Yes, ,Yes, , , , , , ,Yes, , , ,22,,,16,,3074
-79.517047,43.754775,80971887,8001558608,2018,2018-08-23T04:00:00.000Z,1455,14,FIRGROVE CRES,JANE ST,13 m East of,Major Arterial,Etobicoke York,43.754775,-79.517047,Intersection,At Intersection,Traffic Signal,Clear,Daylight,Dry,Non-Fatal Injury,Pedestrian Collisions,Driver,70 to 74,None,0,East,"Automobile, Station Wagon",Turning Left,Failed to Yield Right of Way,Unknown, , , , , , ,Yes, ,Yes, , , , , , ,Yes, , , ,31,,,25,,3075
-79.517047,43.754775,80971888,8001558608,2018,2018-08-23T04:00:00.000Z,1455,14,FIRGROVE CRES,JANE ST,13 m East of,Major Arterial,Etobicoke York,43.754775,-79.517047,Intersection,At Intersection,Traffic Signal,Clear,Daylight,Dry,Non-Fatal Injury,Pedestrian Collisions,Pedestrian,30 to 34,Major,0,East, , , , ,Vehicle turns left while ped crosses with ROW at inter.,Crossing with right of way,Normal, , , ,Yes, ,Yes, , , , , , ,Yes, , , ,31,,,25,,3076
-79.445865,43.71408,80973688,8001963580,2018,2018-10-24T04:00:00.000Z,1455,14,MARLEE AVE,DELL PARK AVE, ,Minor Arterial,North York,43.71408,-79.445865,Intersection,Intersection Related,No Control,Clear,Daylight,Dry,Non-Fatal Injury,Cyclist Collisions,Driver,25 to 29,None,0,North,"Automobile, Station Wagon",Turning Right,Failed to Yield Right of Way,Normal, , , , , , , ,Yes,Yes, , , , , , ,Yes, , , ,13,,,31,,3077
-79.445865,43.71408,80973689,8001963580,2018,2018-10-24T04:00:00.000Z,1455,14,MARLEE AVE,DELL PARK AVE, ,Minor Arterial,North York,43.71408,-79.445865,Intersection,Intersection Related,No Control,Clear,Daylight,Dry,Non-Fatal Injury,Cyclist Collisions,Cyclist,30 to 34,Major,0,North,Bicycle,Going Ahead, , , , , ,"Motorist turns right at non-signal Inter.(stop, yield, no cont.,and dwy) and strikes cyclist.",Driving Properly,Normal, ,Yes,Yes, , , , , , ,Yes, , , ,13,,,31,,3078
-79.29929,43.783545,6685272,1258248,2011,2011-08-08T04:00:00.000Z,1457,14,BIRCHMOUNT RD,BONIS AVE, ,Major Arterial,Scarborough,43.783545,-79.29929,Intersection,At Intersection,Traffic Signal,Clear,Daylight,Dry,Non-Fatal Injury,Cyclist Collisions,Driver,50 to 54,None,0,West,"Automobile, Station Wagon",Turning Left,Failed to Yield Right of Way,Normal, , , , , , , ,Yes,Yes, , , , , , ,Yes, , , ,42,,,118,,3079
-79.29929,43.783545,6685273,1258248,2011,2011-08-08T04:00:00.000Z,1457,14,BIRCHMOUNT RD,BONIS AVE, ,Major Arterial,Scarborough,43.783545,-79.29929,Intersection,At Intersection,Traffic Signal,Clear,Daylight,Dry,Non-Fatal Injury,Cyclist Collisions,Cyclist,60 to 64,Major,0,East,Bicycle,Going Ahead, , , , , ,Motorist turned left across cyclists path.,Other,Normal, ,Yes,Yes, , , , , , ,Yes, , , ,42,,,118,,3080
-79.31349,43.726045,5256271,1112065,2009,2009-05-28T04:00:00.000Z,1500,15,EGLINTON Aven E,BERMONDSEY Road, ,Major Arterial,North York,43.726045,-79.31349,Intersection,At Intersection,Traffic Signal,Rain,Daylight,Wet,Non-Fatal Injury,Rear End,Driver,40 to 44,None,0,East,"Automobile, Station Wagon",Going Ahead,Following too Close,Inattentive, , , , , , , , ,Yes, , , , , , ,Yes, , , ,"33,54",,,43,,3081
-79.31349,43.726045,5256272,1112065,2009,2009-05-28T04:00:00.000Z,1500,15,EGLINTON Aven E,BERMONDSEY Road, ,Major Arterial,North York,43.726045,-79.31349,Intersection,At Intersection,Traffic Signal,Rain,Daylight,Wet,Non-Fatal Injury,Rear End,Driver,50 to 54,Major,0,East,"Automobile, Station Wagon",Stopped,Driving Properly,Normal, , , , , , , , ,Yes, , , , , , ,Yes, , , ,"33,54",,,43,,3082
-79.31349,43.726045,5256273,1112065,2009,2009-05-28T04:00:00.000Z,1500,15,EGLINTON Aven E,BERMONDSEY Road, ,Major Arterial,North York,43.726045,-79.31349,Intersection,At Intersection,Traffic Signal,Rain,Daylight,Wet,Non-Fatal Injury,Rear End,Driver,30 to 34,None,0,East,"Automobile, Station Wagon",Stopped,Driving Properly,Normal, , , , , , , , ,Yes, , , , , , ,Yes, , , ,"33,54",,,43,,3083
-79.29169,43.827245,5429720,1069132,2008,2008-10-18T04:00:00.000Z,1500,15,STEELES AVE E,FENTON RD, ,Major Arterial,Scarborough,43.827245,-79.29169,Intersection,At Intersection,Traffic Signal,Clear,Daylight,Dry,Non-Fatal Injury,Cyclist Collisions,Vehicle Owner,unknown, ,0, ,Other, , , , , , , , , , ,Yes,Yes, , , , , , ,Yes, , , ,42,,,130,,3084
-79.29169,43.827245,5429721,1069132,2008,2008-10-18T04:00:00.000Z,1500,15,STEELES AVE E,FENTON RD, ,Major Arterial,Scarborough,43.827245,-79.29169,Intersection,At Intersection,Traffic Signal,Clear,Daylight,Dry,Non-Fatal Injury,Cyclist Collisions,Driver,45 to 49,None,0,South,"Automobile, Station Wagon",Turning Right,Failed to Yield Right of Way,Inattentive, , , , , , , ,Yes,Yes, , , , , , ,Yes, , , ,42,,,130,,3085
-79.29169,43.827245,5429722,1069132,2008,2008-10-18T04:00:00.000Z,1500,15,STEELES AVE E,FENTON RD, ,Major Arterial,Scarborough,43.827245,-79.29169,Intersection,At Intersection,Traffic Signal,Clear,Daylight,Dry,Non-Fatal Injury,Cyclist Collisions,Cyclist,65 to 69,Major,0,South,Bicycle,Going Ahead, , , , , ,Motorist turning right on red at signalized intersection strikes cyclist.,Driving Properly,Normal, ,Yes,Yes, , , , , , ,Yes, , , ,42,,,130,,3086
-79.452075,43.702281,80943467,8001058392,2018,2018-06-11T04:00:00.000Z,1500,15,DUFFERIN ST,BRIAR HILL AVE, ,Major Arterial,North York,43.702281,-79.452075,Intersection,Intersection Related,Traffic Signal,Clear,Daylight,Dry,Fatal,Pedestrian Collisions,Driver,25 to 29,None,0,Unknown,Pick Up Truck,Unknown,Disobeyed Traffic Control,Unknown, , , , , , ,Yes, ,Yes, , , , , ,Yes,Yes,Yes, , ,13,,,108,,3087
-79.452075,43.702281,80944447,8001058392,2018,2018-06-11T04:00:00.000Z,1500,15,DUFFERIN ST,BRIAR HILL AVE, ,Major Arterial,North York,43.702281,-79.452075,Intersection,Intersection Related,Traffic Signal,Clear,Daylight,Dry,Fatal,Pedestrian Collisions,Pedestrian,50 to 54,Fatal,31,North, , , , ,Unknown,Crossing with right of way, , , , ,Yes, ,Yes, , , , , ,Yes,Yes,Yes, , ,13,,,108,,3088
-79.43129,43.680545,6099928,1149558,2010,2010-01-24T05:00:00.000Z,1503,15,ST CLAIR Aven W,HENDRICK Aven, ,Major Arterial,Toronto and East York,43.680545,-79.43129,Intersection, ,No Control,Rain,Daylight,Wet,Non-Fatal Injury,Turning Movement,Vehicle Owner,unknown, ,0, ,Other, , , , , , , , , , , ,Yes, , ,Yes, , , ,Yes, , , ,13,,,94,,3089
-79.43129,43.680545,6099929,1149558,2010,2010-01-24T05:00:00.000Z,1503,15,ST CLAIR Aven W,HENDRICK Aven, ,Major Arterial,Toronto and East York,43.680545,-79.43129,Intersection, ,No Control,Rain,Daylight,Wet,Non-Fatal Injury,Turning Movement,Driver,45 to 49,None,0,West,Municipal Transit Bus (TTC),Going Ahead,Driving Properly,Normal, , , , , , , , ,Yes, , ,Yes, , , ,Yes, , , ,13,,,94,,3090
-79.43129,43.680545,6099930,1149558,2010,2010-01-24T05:00:00.000Z,1503,15,ST CLAIR Aven W,HENDRICK Aven, ,Major Arterial,Toronto and East York,43.680545,-79.43129,Intersection, ,No Control,Rain,Daylight,Wet,Non-Fatal Injury,Turning Movement,Driver,35 to 39,Major,0,West,"Automobile, Station Wagon",Turning Left,Disobeyed Traffic Control,Fatigue, , , , , , , , ,Yes, , ,Yes, , , ,Yes, , , ,13,,,94,,3091
-79.34569,43.779645,6806449,1270054,2011,2011-12-15T05:00:00.000Z,1503,15,FAIRVIEW MALL DR,GODSTONE RD, ,Minor Arterial,North York,43.779645,-79.34569,Intersection, ,Traffic Signal,Rain,Daylight,Wet,Non-Fatal Injury,Pedestrian Collisions,Pedestrian,75 to 79,Major,0,North,Other, , , ,Vehicle turns left while ped crosses with ROW at inter.,Crossing with right of way,Normal, , , ,Yes, , , ,Yes, , , , ,Yes, , , ,33,,,47,,3092
-79.34569,43.779645,6806450,1270054,2011,2011-12-15T05:00:00.000Z,1503,15,FAIRVIEW MALL DR,GODSTONE RD, ,Minor Arterial,North York,43.779645,-79.34569,Intersection, ,Traffic Signal,Rain,Daylight,Wet,Non-Fatal Injury,Pedestrian Collisions,Vehicle Owner,unknown, ,0, ,Other, , , , , , , , , ,Yes, , , ,Yes, , , , ,Yes, , , ,33,,,47,,3093
-79.34569,43.779645,6806451,1270054,2011,2011-12-15T05:00:00.000Z,1503,15,FAIRVIEW MALL DR,GODSTONE RD, ,Minor Arterial,North York,43.779645,-79.34569,Intersection, ,Traffic Signal,Rain,Daylight,Wet,Non-Fatal Injury,Pedestrian Collisions,Truck Driver,60 to 64,None,0,South,Truck - Open,Turning Left,Failed to Yield Right of Way,Inattentive, , , , , , ,Yes, , , ,Yes, , , , ,Yes, , , ,33,,,47,,3094
-79.438442,43.755385,80774666,7000680975,2017,2017-04-18T04:00:00.000Z,1503,15,SHEPPARD AVE W,BATHURST ST,20 m West of,Major Arterial,North York,43.755385,-79.438442,Intersection,At/Near Private Drive,No Control,Clear,Daylight,Dry,Non-Fatal Injury,Cyclist Collisions,Driver,55 to 59,None,0,North,"Automobile, Station Wagon",Turning Right,Failed to Yield Right of Way,Inattentive, , , , , , , ,Yes,Yes, , , , , , ,Yes, , , ,32,,,38,,3095
-79.438442,43.755385,80774667,7000680975,2017,2017-04-18T04:00:00.000Z,1503,15,SHEPPARD AVE W,BATHURST ST,20 m West of,Major Arterial,North York,43.755385,-79.438442,Intersection,At/Near Private Drive,No Control,Clear,Daylight,Dry,Non-Fatal Injury,Cyclist Collisions,Cyclist,55 to 59,Major,0,East,Bicycle,Going Ahead, , , , , ,"Motorist turns right at non-signal Inter.(stop, yield, no cont.,and dwy) and strikes cyclist.",Driving Properly,Normal, ,Yes,Yes, , , , , , ,Yes, , , ,32,,,38,,3096
-79.51009,43.602445,6806149,1266612,2011,2011-09-24T04:00:00.000Z,1505,15,BIRMINGHAM Stre,ETTA WYLIE Road, ,Collector,Etobicoke York,43.602445,-79.51009,Intersection,At Intersection,No Control,Clear,Daylight,Dry,Non-Fatal Injury,Cyclist Collisions,Driver,60 to 64,None,0,West,"Automobile, Station Wagon",Turning Left,Failed to Yield Right of Way,Inattentive, , , , , , , ,Yes,Yes, , , , , , ,Yes, , , ,22,,,18,,3097
-79.51009,43.602445,6806150,1266612,2011,2011-09-24T04:00:00.000Z,1505,15,BIRMINGHAM Stre,ETTA WYLIE Road, ,Collector,Etobicoke York,43.602445,-79.51009,Intersection,At Intersection,No Control,Clear,Daylight,Dry,Non-Fatal Injury,Cyclist Collisions,Cyclist,50 to 54,Major,0,East,Bicycle,Going Ahead, , , , , ,Motorist turned left across cyclists path.,Driving Properly,Normal, ,Yes,Yes, , , , , , ,Yes, , , ,22,,,18,,3098
-79.39089,43.708245,7402958,1289091,2012,2012-02-12T05:00:00.000Z,1505,15,EGLINTON Ave E,BROWNLOW Ave, ,Major Arterial,Toronto and East York,43.708245,-79.39089,Mid-Block, ,No Control,Clear,Daylight,Wet,Non-Fatal Injury,SMV Other,Vehicle Owner,unknown, ,0, ,Other, , , , , , , , , , , ,Yes, , , , , ,Yes,Yes, , , ,53,,,104,,3099
-79.39089,43.708245,7402959,1289091,2012,2012-02-12T05:00:00.000Z,1505,15,EGLINTON Ave E,BROWNLOW Ave, ,Major Arterial,Toronto and East York,43.708245,-79.39089,Mid-Block, ,No Control,Clear,Daylight,Wet,Non-Fatal Injury,SMV Other,Driver,25 to 29,Major,0,East,"Automobile, Station Wagon",Going Ahead,Lost control,Unknown, , , , , , , , ,Yes, , , , , ,Yes,Yes, , , ,53,,,104,,3100
-79.39089,43.708245,7402960,1289091,2012,2012-02-12T05:00:00.000Z,1505,15,EGLINTON Ave E,BROWNLOW Ave, ,Major Arterial,Toronto and East York,43.708245,-79.39089,Mid-Block, ,No Control,Clear,Daylight,Wet,Non-Fatal Injury,SMV Other,Other Property Owner,unknown, ,0, ,Other, , , , , , , , , , , ,Yes, , , , , ,Yes,Yes, , , ,53,,,104,,3101
-79.35389,43.670445,7559338,1290476,2012,2012-02-20T05:00:00.000Z,1505,15,BROADVIEW AVE,BAIN AVE, ,Minor Arterial,Toronto and East York,43.670445,-79.35389,Intersection, ,No Control,Clear,Daylight,Dry,Non-Fatal Injury,Pedestrian Collisions,Vehicle Owner,unknown, ,0, ,Other, , , , , , , , , ,Yes, ,Yes, , , , , ,Yes,Yes, , , ,55,,,68,,3102
-79.35389,43.670445,7559339,1290476,2012,2012-02-20T05:00:00.000Z,1505,15,BROADVIEW AVE,BAIN AVE, ,Minor Arterial,Toronto and East York,43.670445,-79.35389,Intersection, ,No Control,Clear,Daylight,Dry,Non-Fatal Injury,Pedestrian Collisions,Driver,70 to 74,None,0,North,Taxi,Going Ahead,Driving Properly,Normal, , , , , , ,Yes, ,Yes, , , , , ,Yes,Yes, , , ,55,,,68,,3103