X,Y,Index_,ACCNUM,YEAR,DATE,TIME,Hour,STREET1,STREET2,OFFSET,ROAD_CLASS,District,LATITUDE,LONGITUDE,LOCCOORD,ACCLOC,TRAFFCTL,VISIBILITY,LIGHT,RDSFCOND,ACCLASS,IMPACTYPE,INVTYPE,INVAGE,INJURY,FATAL_NO,INITDIR,VEHTYPE,MANOEUVER,DRIVACT,DRIVCOND,PEDTYPE,PEDACT,PEDCOND,CYCLISTYPE,CYCACT,CYCCOND,PEDESTRIAN,CYCLIST,AUTOMOBILE,MOTORCYCLE,TRUCK,TRSN_CITY_,EMERG_VEH,PASSENGER,SPEEDING,AG_DRIV,REDLIGHT,ALCOHOL,DISABILITY,Division,Ward_Name,Ward_ID,Hood_ID,Hood_Name,ObjectId
-79.282756,43.71617,80198008,3000983486,2013,2013-11-16T05:00:00.000Z,1516,15,FAIRFAX CR,WARDEN AV, ,Major Arterial,Scarborough,43.71617,-79.282756,Intersection,At Intersection,Traffic Signal,Clear,Daylight,Dry,Non-Fatal Injury,Turning Movement,Driver,75 to 79,Major,0,North,"Automobile, Station Wagon",Turning Left,Failed to Yield Right of Way,Normal, , , , , , , , ,Yes, , , , ,Yes,Yes,Yes, , , ,41,,,120,,3401
-79.282756,43.71617,80198009,3000983486,2013,2013-11-16T05:00:00.000Z,1516,15,FAIRFAX CR,WARDEN AV, ,Major Arterial,Scarborough,43.71617,-79.282756,Intersection,At Intersection,Traffic Signal,Clear,Daylight,Dry,Non-Fatal Injury,Turning Movement,Driver,40 to 44,None,0,South,Pick Up Truck,Going Ahead,Driving Properly,Normal, , , , , , , , ,Yes, , , , ,Yes,Yes,Yes, , , ,41,,,120,,3402
-79.282756,43.71617,80198010,3000983486,2013,2013-11-16T05:00:00.000Z,1516,15,FAIRFAX CR,WARDEN AV, ,Major Arterial,Scarborough,43.71617,-79.282756,Intersection,At Intersection,Traffic Signal,Clear,Daylight,Dry,Non-Fatal Injury,Turning Movement,Passenger,60 to 64,None,0, , , , , , , , , , , , , ,Yes, , , , ,Yes,Yes,Yes, , , ,41,,,120,,3403
-79.265682,43.726832,80488400,5001446152,2015,2015-08-22T04:00:00.000Z,1516,15,678 KENNEDY RD, ,4 m South of,Major Arterial,Scarborough,43.726832,-79.265682,Mid-Block,At/Near Private Drive,No Control,Clear,Daylight,Dry,Non-Fatal Injury,Turning Movement,Driver,20 to 24,None,0,North,"Automobile, Station Wagon",Turning Left,Failed to Yield Right of Way,Inattentive, , , , , , , , ,Yes,Yes, , , , , ,Yes, , , ,41,,,124,,3404
-79.265682,43.726832,80488401,5001446152,2015,2015-08-22T04:00:00.000Z,1516,15,678 KENNEDY RD, ,4 m South of,Major Arterial,Scarborough,43.726832,-79.265682,Mid-Block,At/Near Private Drive,No Control,Clear,Daylight,Dry,Non-Fatal Injury,Turning Movement,Motorcycle Driver,30 to 34,Major,0,South,Motorcycle,Going Ahead,Driving Properly,Normal, , , , , , , , ,Yes,Yes, , , , , ,Yes, , , ,41,,,124,,3405
-79.36769,43.678245,5809280,1144189,2009,2009-12-24T05:00:00.000Z,1517,15,BAYVIEW AVE,BAYVIEW S BLOOR E RAMP, ,Major Arterial,Toronto and East York,43.678245,-79.36769,Mid-Block, ,No Control,Drifting Snow,Daylight,Ice,Non-Fatal Injury,Approaching,Passenger,55 to 59,Major,0, ,Other, , , , , , , , , , , ,Yes, , , , ,Yes,Yes,Yes, , , ,53,,,98,,3406
-79.36769,43.678245,5809281,1144189,2009,2009-12-24T05:00:00.000Z,1517,15,BAYVIEW AVE,BAYVIEW S BLOOR E RAMP, ,Major Arterial,Toronto and East York,43.678245,-79.36769,Mid-Block, ,No Control,Drifting Snow,Daylight,Ice,Non-Fatal Injury,Approaching,Passenger,50 to 54,Major,0, ,Other, , , , , , , , , , , ,Yes, , , , ,Yes,Yes,Yes, , , ,53,,,98,,3407
-79.36769,43.678245,5809282,1144189,2009,2009-12-24T05:00:00.000Z,1517,15,BAYVIEW AVE,BAYVIEW S BLOOR E RAMP, ,Major Arterial,Toronto and East York,43.678245,-79.36769,Mid-Block, ,No Control,Drifting Snow,Daylight,Ice,Non-Fatal Injury,Approaching,Driver,60 to 64,Major,0,North,"Automobile, Station Wagon",Going Ahead,Driving Properly,Normal, , , , , , , , ,Yes, , , , ,Yes,Yes,Yes, , , ,53,,,98,,3408
-79.36769,43.678245,5809283,1144189,2009,2009-12-24T05:00:00.000Z,1517,15,BAYVIEW AVE,BAYVIEW S BLOOR E RAMP, ,Major Arterial,Toronto and East York,43.678245,-79.36769,Mid-Block, ,No Control,Drifting Snow,Daylight,Ice,Non-Fatal Injury,Approaching,Driver,20 to 24,Minor,0,South,"Automobile, Station Wagon",Going Ahead,Speed too Fast For Condition,Normal, , , , , , , , ,Yes, , , , ,Yes,Yes,Yes, , , ,53,,,98,,3409
-79.36769,43.678245,5809284,1144189,2009,2009-12-24T05:00:00.000Z,1517,15,BAYVIEW AVE,BAYVIEW S BLOOR E RAMP, ,Major Arterial,Toronto and East York,43.678245,-79.36769,Mid-Block, ,No Control,Drifting Snow,Daylight,Ice,Non-Fatal Injury,Approaching,Driver,25 to 29,Minimal,0,North,"Automobile, Station Wagon",Going Ahead,Driving Properly,Normal, , , , , , , , ,Yes, , , , ,Yes,Yes,Yes, , , ,53,,,98,,3410
-79.593227,43.676417,80245707,5001263243,2015,2015-07-24T04:00:00.000Z,1518,15,RENFORTH DR,SILVER DART DR, ,Major Arterial,Etobicoke York,43.676417,-79.593227,Intersection,Intersection Related,Traffic Signal,Clear,Daylight,Dry,Non-Fatal Injury,Angle,Driver,50 to 54,Minor,0,West,"Automobile, Station Wagon",Going Ahead,Disobeyed Traffic Control,Inattentive, , , , , , , , ,Yes, , , , ,Yes, ,Yes,Yes, , ,23,,,1,,3411
-79.593227,43.676417,80245708,5001263243,2015,2015-07-24T04:00:00.000Z,1518,15,RENFORTH DR,SILVER DART DR, ,Major Arterial,Etobicoke York,43.676417,-79.593227,Intersection,Intersection Related,Traffic Signal,Clear,Daylight,Dry,Non-Fatal Injury,Angle,Driver,75 to 79,Major,0,North,"Automobile, Station Wagon",Going Ahead,Driving Properly,Inattentive, , , , , , , , ,Yes, , , , ,Yes, ,Yes,Yes, , ,23,,,1,,3412
-79.593227,43.676417,80245709,5001263243,2015,2015-07-24T04:00:00.000Z,1518,15,RENFORTH DR,SILVER DART DR, ,Major Arterial,Etobicoke York,43.676417,-79.593227,Intersection,Intersection Related,Traffic Signal,Clear,Daylight,Dry,Non-Fatal Injury,Angle,Driver,45 to 49,None,0,South,"Automobile, Station Wagon",Slowing or Stopping,Driving Properly,Normal, , , , , , , , ,Yes, , , , ,Yes, ,Yes,Yes, , ,23,,,1,,3413
-79.593227,43.676417,80245710,5001263243,2015,2015-07-24T04:00:00.000Z,1518,15,RENFORTH DR,SILVER DART DR, ,Major Arterial,Etobicoke York,43.676417,-79.593227,Intersection,Intersection Related,Traffic Signal,Clear,Daylight,Dry,Non-Fatal Injury,Angle,Passenger,70 to 74,Major,0, , , , , , , , , , , , , ,Yes, , , , ,Yes, ,Yes,Yes, , ,23,,,1,,3414
-79.52879,43.626245,7845040,1367518,2013,2013-07-22T04:00:00.000Z,1519,15,KIPLING AVE,JUTLAND RD, ,Major Arterial,Etobicoke York,43.626245,-79.52879,Intersection,At Intersection,Stop Sign,Clear,Daylight,Dry,Fatal,Turning Movement,Motorcycle Driver,20 to 24,Fatal,23,North,Motorcycle,Going Ahead,Driving Properly,Normal, , , , , , , , ,Yes,Yes, , , , , ,Yes, , , ,22,,,14,,3415
-79.407451,43.675795,80925535,7001296811,2017,2017-07-19T04:00:00.000Z,1548,15,SPADINA RD,MACPHERSON AVE,7 m East of,Minor Arterial,Toronto and East York,43.675795,-79.407451,Intersection,At Intersection,No Control,Clear,Daylight,Dry,Non-Fatal Injury,Turning Movement,Driver,25 to 29,None,0,South,"Automobile, Station Wagon",Going Ahead,Driving Properly,Normal, , , , , , , , ,Yes, , , , , ,Yes,Yes, , , ,"13,53",,,96,,3416
-79.574611,43.728068,80632105,6001416564,2016,2016-08-11T04:00:00.000Z,1603,16,WESTHUMBER BLVD,KIPLING AVE, ,Major Arterial,Etobicoke York,43.728068,-79.574611,Intersection,At Intersection,Traffic Signal,Clear,Daylight,Dry,Non-Fatal Injury,Pedestrian Collisions,Pedestrian,25 to 29,Major,0,Unknown, , , , ,Pedestrian hit on sidewalk or shoulder,On Sidewalk or Shoulder,Normal, , , ,Yes, ,Yes, , , , ,Yes,Yes,Yes, , , ,23,,,4,,3417
-79.407451,43.675795,80925536,7001296811,2017,2017-07-19T04:00:00.000Z,1548,15,SPADINA RD,MACPHERSON AVE,7 m East of,Minor Arterial,Toronto and East York,43.675795,-79.407451,Intersection,At Intersection,No Control,Clear,Daylight,Dry,Non-Fatal Injury,Turning Movement,Driver,10 to 14,Major,0,North,Other,Turning Left,Improper Turn,Normal, , , , , , , , ,Yes, , , , , ,Yes,Yes, , , ,"13,53",,,96,,3418
-79.574611,43.728068,80632106,6001416564,2016,2016-08-11T04:00:00.000Z,1603,16,WESTHUMBER BLVD,KIPLING AVE, ,Major Arterial,Etobicoke York,43.728068,-79.574611,Intersection,At Intersection,Traffic Signal,Clear,Daylight,Dry,Non-Fatal Injury,Pedestrian Collisions,Pedestrian,25 to 29,Minor,0,Unknown, , , , ,Pedestrian hit on sidewalk or shoulder,On Sidewalk or Shoulder,Normal, , , ,Yes, ,Yes, , , , ,Yes,Yes,Yes, , , ,23,,,4,,3419
-79.349178,43.641406,80566372,6001911469,2016,2016-10-27T04:00:00.000Z,1549,15,CHERRY ST,POLSON ST, ,Collector,Toronto and East York,43.641406,-79.349178,Mid-Block,Overpass or Bridge,No Control,Rain,Daylight,Wet,Fatal,SMV Other,Driver,50 to 54,Fatal,66,North,"Automobile, Station Wagon",Going Ahead,Lost control,Unknown, , , , , , , , ,Yes, , , , , ,Yes,Yes, , , ,"00,51",,,70,,3420
-79.28949,43.686245,6681294,1256431,2011,2011-08-03T04:00:00.000Z,1604,16,GERRARD Stre E,SCARBOROUGH Road, ,Minor Arterial,Toronto and East York,43.686245,-79.28949,Intersection,At Intersection,Stop Sign,Clear,Daylight,Dry,Non-Fatal Injury,Turning Movement,Passenger,55 to 59,Minimal,0, ,Other, , , , , , , , , , , ,Yes, , , , ,Yes,Yes,Yes, ,Yes, ,55,,,62,,3421
-79.406795,43.654212,80910053,7000607486,2017,2017-04-06T04:00:00.000Z,1549,15,NASSAU ST,BATHURST ST, ,Major Arterial,Toronto and East York,43.654212,-79.406795,Intersection,At Intersection,Traffic Signal,Rain,Daylight,Wet,Non-Fatal Injury,Pedestrian Collisions,Pedestrian,75 to 79,Major,0,East, , , , ,Vehicle turns left while ped crosses with ROW at inter.,Crossing with right of way,Normal, , , ,Yes, ,Yes, , , , ,Yes, ,Yes, , , ,14,,,78,,3422
-79.32799,43.740245,6671914,1252228,2011,2011-08-30T04:00:00.000Z,1438,14,LAWRENCE AVE E,E OF DVP ON RAMP Aven, ,Major Arterial,North York,43.740245,-79.32799,Mid-Block, ,No Control,Clear,Daylight,Dry,Fatal,Rear End,Vehicle Owner,unknown, ,0, ,Other, , , , , , , , , , , ,Yes, ,Yes,Yes, ,Yes,Yes,Yes, , , ,33,,,43,,3423
-79.28949,43.686245,6681295,1256431,2011,2011-08-03T04:00:00.000Z,1604,16,GERRARD Stre E,SCARBOROUGH Road, ,Minor Arterial,Toronto and East York,43.686245,-79.28949,Intersection,At Intersection,Stop Sign,Clear,Daylight,Dry,Non-Fatal Injury,Turning Movement,Passenger,55 to 59,Minimal,0, ,Other, , , , , , , , , , , ,Yes, , , , ,Yes,Yes,Yes, ,Yes, ,55,,,62,,3424
-79.406795,43.654212,80910054,7000607486,2017,2017-04-06T04:00:00.000Z,1549,15,NASSAU ST,BATHURST ST, ,Major Arterial,Toronto and East York,43.654212,-79.406795,Intersection,At Intersection,Traffic Signal,Rain,Daylight,Wet,Non-Fatal Injury,Pedestrian Collisions,Passenger,40 to 44,None,0, , , , , , , , , , , ,Yes, ,Yes, , , , ,Yes, ,Yes, , , ,14,,,78,,3425
-79.406795,43.654212,80910055,7000607486,2017,2017-04-06T04:00:00.000Z,1549,15,NASSAU ST,BATHURST ST, ,Major Arterial,Toronto and East York,43.654212,-79.406795,Intersection,At Intersection,Traffic Signal,Rain,Daylight,Wet,Non-Fatal Injury,Pedestrian Collisions,Driver,50 to 54,None,0,West,"Automobile, Station Wagon",Turning Left,Failed to Yield Right of Way,Inattentive, , , , , , ,Yes, ,Yes, , , , ,Yes, ,Yes, , , ,14,,,78,,3426
-79.36419,43.671045,6195943,1191508,2010,2010-09-26T04:00:00.000Z,1550,15,ROSEDALE VALLEY RD,BLOOR ST E, ,Minor Arterial,Toronto and East York,43.671045,-79.36419,Mid-Block, ,No Control,Clear,Daylight,Dry,Non-Fatal Injury,SMV Other,Motorcycle Passenger,20 to 24,Major,0, ,Other, , , , , , , , , , , , ,Yes, , , ,Yes, ,Yes, , , ,51,,,71,,3427
-79.36419,43.671045,6195944,1191508,2010,2010-09-26T04:00:00.000Z,1550,15,ROSEDALE VALLEY RD,BLOOR ST E, ,Minor Arterial,Toronto and East York,43.671045,-79.36419,Mid-Block, ,No Control,Clear,Daylight,Dry,Non-Fatal Injury,SMV Other,Motorcycle Driver,35 to 39,Major,0,West,Motorcycle,Overtaking,Improper Passing,Unknown, , , , , , , , , ,Yes, , , ,Yes, ,Yes, , , ,51,,,71,,3428
-79.34827,43.678198,80778165,7000831003,2017,2017-05-11T04:00:00.000Z,1550,15,DANFORTH AVE,FERRIER AVE,2 m West of,Major Arterial,Toronto and East York,43.678198,-79.34827,Intersection,Intersection Related,No Control,Clear,Daylight,Dry,Non-Fatal Injury,Cyclist Collisions,Driver,unknown,None,0,West,"Automobile, Station Wagon",Overtaking,Improper Passing,Inattentive, , , , , , , ,Yes,Yes, , , , , , ,Yes, , , ,"54,55",,,68,,3429
-79.34827,43.678198,80778166,7000831003,2017,2017-05-11T04:00:00.000Z,1550,15,DANFORTH AVE,FERRIER AVE,2 m West of,Major Arterial,Toronto and East York,43.678198,-79.34827,Intersection,Intersection Related,No Control,Clear,Daylight,Dry,Non-Fatal Injury,Cyclist Collisions,Cyclist,20 to 24,Major,0,West,Bicycle,Going Ahead, , , , , ,Cyclist and Driver travelling in same direction. One vehicle sideswipes the other.,Driving Properly,Had Been Drinking, ,Yes,Yes, , , , , , ,Yes, , , ,"54,55",,,68,,3430
-79.35189,43.684845,5396138,1054496,2008,2008-07-28T04:00:00.000Z,1553,15,MORTIMER AVE,LOGAN AVE, ,Minor Arterial,Toronto and East York,43.684845,-79.35189,Intersection,At Intersection,Traffic Signal,Clear,Daylight,Dry,Non-Fatal Injury,Angle,Driver,30 to 34,None,0,West,"Automobile, Station Wagon",Going Ahead,Driving Properly,Normal, , , , , , , , ,Yes,Yes, , , , , ,Yes,Yes, , ,54,,,57,,3431
-79.35189,43.684845,5396139,1054496,2008,2008-07-28T04:00:00.000Z,1553,15,MORTIMER AVE,LOGAN AVE, ,Minor Arterial,Toronto and East York,43.684845,-79.35189,Intersection,At Intersection,Traffic Signal,Clear,Daylight,Dry,Non-Fatal Injury,Angle,Motorcycle Driver,45 to 49,Major,0,North,Motorcycle,Going Ahead,Disobeyed Traffic Control,Inattentive, , , , , , , , ,Yes,Yes, , , , , ,Yes,Yes, , ,54,,,57,,3432
-79.38709,43.649845,7447640,1307961,2012,2012-07-05T04:00:00.000Z,1553,15,RICHMOND St W,SIMCOE St, ,Major Arterial,Toronto and East York,43.649845,-79.38709,Intersection,At Intersection,No Control,Clear,Daylight,Dry,Non-Fatal Injury,Turning Movement,Driver,20 to 24,None,0,West,"Automobile, Station Wagon",Turning Left,Improper Turn,Unknown, , , , , , , , ,Yes, , , , , ,Yes,Yes, , , ,52,,,76,,3433
-79.38709,43.649845,7447641,1307961,2012,2012-07-05T04:00:00.000Z,1553,15,RICHMOND St W,SIMCOE St, ,Major Arterial,Toronto and East York,43.649845,-79.38709,Intersection,At Intersection,No Control,Clear,Daylight,Dry,Non-Fatal Injury,Turning Movement,Driver,45 to 49,Major,0,West,"Automobile, Station Wagon",Going Ahead,Driving Properly,Normal, , , , , , , , ,Yes, , , , , ,Yes,Yes, , , ,52,,,76,,3434
-79.38709,43.649845,7447642,1307961,2012,2012-07-05T04:00:00.000Z,1553,15,RICHMOND St W,SIMCOE St, ,Major Arterial,Toronto and East York,43.649845,-79.38709,Intersection,At Intersection,No Control,Clear,Daylight,Dry,Non-Fatal Injury,Turning Movement,Other Property Owner,unknown, ,0, ,Other, , , , , , , , , , , ,Yes, , , , , ,Yes,Yes, , , ,52,,,76,,3435
-79.52737,43.684085,80975220,8002061586,2018,2018-11-08T05:00:00.000Z,1400,14,LA ROSE  AVE,ROYAL YORK  RD, ,Minor Arterial,Etobicoke York,43.684085,-79.52737,Intersection,At Intersection,Traffic Signal,Clear,"Daylight, artificial",Dry,Non-Fatal Injury,Pedestrian Collisions,Driver,30 to 34,None,0,West,Delivery Van,Turning Left,Failed to Yield Right of Way,Normal, , , , , , ,Yes, ,Yes, , , , , , ,Yes, , , ,23,,,8,,3436
-79.27989,43.762345,5321605,1020755,2008,2008-02-03T05:00:00.000Z,1520,15,KENNEDY RD,BRIGSTOCK RD, ,Major Arterial,Scarborough,43.762345,-79.27989,Mid-Block, ,No Control,Clear,Daylight,Wet,Non-Fatal Injury,Approaching,Driver,50 to 54,Major,0,South,"Automobile, Station Wagon",Going Ahead,Driving Properly,Normal, , , , , , , , ,Yes, , , , ,Yes,Yes,Yes, , , ,41,,,126,,3437
-79.458461,43.666697,80242348,5001050877,2015,2015-06-22T04:00:00.000Z,1554,15,6 CARIBOO AVE, , ,Local,Toronto and East York,43.666697,-79.458461,Mid-Block,At/Near Private Drive,No Control,Clear,Daylight,Dry,Non-Fatal Injury,Pedestrian Collisions,Driver,70 to 74,None,0,North,"Automobile, Station Wagon",Going Ahead,Lost control,Normal, , , , , , ,Yes, ,Yes, , , , , ,Yes,Yes, , , ,11,,,93,,3438
-79.458461,43.666697,80242349,5001050877,2015,2015-06-22T04:00:00.000Z,1554,15,6 CARIBOO AVE, , ,Local,Toronto and East York,43.666697,-79.458461,Mid-Block,At/Near Private Drive,No Control,Clear,Daylight,Dry,Non-Fatal Injury,Pedestrian Collisions,Pedestrian,45 to 49,Major,0,Unknown, , , , ,Pedestrian hit at private driveway,Other,Unknown, , , ,Yes, ,Yes, , , , , ,Yes,Yes, , , ,11,,,93,,3439
-79.18899,43.850945,6606959,1224469,2011,2011-01-20T05:00:00.000Z,1555,15,STEELES AVE E,GORDON MURISON LANE, ,Minor Arterial,Scarborough,43.850945,-79.18899,Mid-Block, ,No Control,Clear,Daylight,Wet,Non-Fatal Injury,Rear End,Passenger,60 to 64,Major,0, ,Other, , , , , , , , , , , ,Yes, , , , ,Yes,Yes,Yes, , , ,42,,,131,,3440
-79.18899,43.850945,6606960,1224469,2011,2011-01-20T05:00:00.000Z,1555,15,STEELES AVE E,GORDON MURISON LANE, ,Minor Arterial,Scarborough,43.850945,-79.18899,Mid-Block, ,No Control,Clear,Daylight,Wet,Non-Fatal Injury,Rear End,Driver,55 to 59,None,0,West,"Automobile, Station Wagon",Going Ahead,Speed too Fast For Condition,Normal, , , , , , , , ,Yes, , , , ,Yes,Yes,Yes, , , ,42,,,131,,3441
-79.18899,43.850945,6606961,1224469,2011,2011-01-20T05:00:00.000Z,1555,15,STEELES AVE E,GORDON MURISON LANE, ,Minor Arterial,Scarborough,43.850945,-79.18899,Mid-Block, ,No Control,Clear,Daylight,Wet,Non-Fatal Injury,Rear End,Driver,50 to 54,None,0,West,"Automobile, Station Wagon",Stopped,Driving Properly,Normal, , , , , , , , ,Yes, , , , ,Yes,Yes,Yes, , , ,42,,,131,,3442
-79.33849,43.699545,6607915,1224926,2011,2011-03-28T04:00:00.000Z,1555,15,DON VALLEY PARKWAY  N,DON MILLS Road, ,Expressway,Toronto and East York,43.699545,-79.33849,Mid-Block, ,No Control,Clear,Daylight,Dry,Non-Fatal Injury,Rear End,Driver,25 to 29,Major,0,North,"Automobile, Station Wagon",Slowing or Stopping,Driving Properly,Normal, , , , , , , , ,Yes, , , , ,Yes,Yes,Yes, , , ,54,,,58,,3443
-79.33849,43.699545,6607916,1224926,2011,2011-03-28T04:00:00.000Z,1555,15,DON VALLEY PARKWAY  N,DON MILLS Road, ,Expressway,Toronto and East York,43.699545,-79.33849,Mid-Block, ,No Control,Clear,Daylight,Dry,Non-Fatal Injury,Rear End,Passenger,20 to 24,Minimal,0, ,Other, , , , , , , , , , , ,Yes, , , , ,Yes,Yes,Yes, , , ,54,,,58,,3444
-79.33849,43.699545,6607917,1224926,2011,2011-03-28T04:00:00.000Z,1555,15,DON VALLEY PARKWAY  N,DON MILLS Road, ,Expressway,Toronto and East York,43.699545,-79.33849,Mid-Block, ,No Control,Clear,Daylight,Dry,Non-Fatal Injury,Rear End,Driver,20 to 24,Minimal,0,North,"Automobile, Station Wagon",Going Ahead,Speed too Fast For Condition,Normal, , , , , , , , ,Yes, , , , ,Yes,Yes,Yes, , , ,54,,,58,,3445
-79.39779,43.635145,7791068,1344553,2013,2013-01-17T05:00:00.000Z,1555,15,2 EIREANN QUAY Quay, , ,Collector,Toronto and East York,43.635145,-79.39779,Mid-Block, ,No Control,Clear,Daylight,Dry,Non-Fatal Injury,Pedestrian Collisions,Driver,35 to 39,None,0,West,"Automobile, Station Wagon",Turning Left,Failed to Yield Right of Way,Normal, , , , , , ,Yes, ,Yes, , , , , , ,Yes, , , ,14,,,77,,3446
-79.39779,43.635145,7791069,1344553,2013,2013-01-17T05:00:00.000Z,1555,15,2 EIREANN QUAY Quay, , ,Collector,Toronto and East York,43.635145,-79.39779,Mid-Block, ,No Control,Clear,Daylight,Dry,Non-Fatal Injury,Pedestrian Collisions,Pedestrian,unknown,Major,0, ,Other, , , ,Pedestrian hit at private driveway,On Sidewalk or Shoulder,Inattentive, , , ,Yes, ,Yes, , , , , , ,Yes, , , ,14,,,77,,3447
-79.514026,43.65351,80206356,4001839598,2014,2014-04-06T04:00:00.000Z,1555,15,ROYAL YORK RD,KINGSGROVE BLVD, ,Minor Arterial,Etobicoke York,43.65351,-79.514026,Intersection,At Intersection,Stop Sign,Clear,Daylight,Dry,Non-Fatal Injury,Turning Movement,Driver,15 to 19,None,0,West,"Automobile, Station Wagon",Turning Left,Failed to Yield Right of Way,Inattentive, , , , , , , , ,Yes,Yes, , , , , ,Yes, , , ,22,,,15,,3448
-79.514026,43.65351,80206357,4001839598,2014,2014-04-06T04:00:00.000Z,1555,15,ROYAL YORK RD,KINGSGROVE BLVD, ,Minor Arterial,Etobicoke York,43.65351,-79.514026,Intersection,At Intersection,Stop Sign,Clear,Daylight,Dry,Non-Fatal Injury,Turning Movement,Motorcycle Driver,40 to 44,Major,0,North,Motorcycle,Going Ahead,Driving Properly,Normal, , , , , , , , ,Yes,Yes, , , , , ,Yes, , , ,22,,,15,,3449
-79.575145,43.632022,80207796,4001988525,2014,2014-04-30T04:00:00.000Z,1555,15,BLOOR ST W,MILL RD, ,Major Arterial,Etobicoke York,43.632022,-79.575145,Intersection,Intersection Related,Traffic Signal,Clear,Daylight,Dry,Non-Fatal Injury,Turning Movement,Driver,20 to 24,None,0,West,"Automobile, Station Wagon",Turning Left,Failed to Yield Right of Way,Normal, , , , , , , , ,Yes, , , , , , ,Yes, , , ,22,,,12,,3450
-79.575145,43.632022,80207797,4001988525,2014,2014-04-30T04:00:00.000Z,1555,15,BLOOR ST W,MILL RD, ,Major Arterial,Etobicoke York,43.632022,-79.575145,Intersection,Intersection Related,Traffic Signal,Clear,Daylight,Dry,Non-Fatal Injury,Turning Movement,Driver,50 to 54,Major,0,East,"Automobile, Station Wagon",Going Ahead,Driving Properly,Normal, , , , , , , , ,Yes, , , , , , ,Yes, , , ,22,,,12,,3451
-79.274471,43.721755,80976487,8002209662,2018,2018-12-01T05:00:00.000Z,1555,15,BIRCHMOUNT  RD,FOXRIDGE DR, ,Minor Arterial,Scarborough,43.721755,-79.274471,Intersection,At Intersection,Traffic Signal,Clear,Daylight,Dry,Non-Fatal Injury,Turning Movement,Driver,15 to 19,Major,0,North,"Automobile, Station Wagon",Going Ahead,Exceeding Speed Limit,Unknown, , , , , , , , ,Yes, , , , ,Yes,Yes,Yes, , , ,41,,,124,,3452
-79.274471,43.721755,80976488,8002209662,2018,2018-12-01T05:00:00.000Z,1555,15,BIRCHMOUNT  RD,FOXRIDGE DR, ,Minor Arterial,Scarborough,43.721755,-79.274471,Intersection,At Intersection,Traffic Signal,Clear,Daylight,Dry,Non-Fatal Injury,Turning Movement,Driver,70 to 74,Minimal,0,South,"Automobile, Station Wagon",Turning Left,Improper Turn,Normal, , , , , , , , ,Yes, , , , ,Yes,Yes,Yes, , , ,41,,,124,,3453
-79.274471,43.721755,80976489,8002209662,2018,2018-12-01T05:00:00.000Z,1555,15,BIRCHMOUNT  RD,FOXRIDGE DR, ,Minor Arterial,Scarborough,43.721755,-79.274471,Intersection,At Intersection,Traffic Signal,Clear,Daylight,Dry,Non-Fatal Injury,Turning Movement,Passenger,15 to 19,Major,0, , , , , , , , , , , , , ,Yes, , , , ,Yes,Yes,Yes, , , ,41,,,124,,3454
-79.274471,43.721755,80976490,8002209662,2018,2018-12-01T05:00:00.000Z,1555,15,BIRCHMOUNT  RD,FOXRIDGE DR, ,Minor Arterial,Scarborough,43.721755,-79.274471,Intersection,At Intersection,Traffic Signal,Clear,Daylight,Dry,Non-Fatal Injury,Turning Movement,Passenger,15 to 19,Minor,0, , , , , , , , , , , , , ,Yes, , , , ,Yes,Yes,Yes, , , ,41,,,124,,3455
-79.274471,43.721755,80976491,8002209662,2018,2018-12-01T05:00:00.000Z,1555,15,BIRCHMOUNT  RD,FOXRIDGE DR, ,Minor Arterial,Scarborough,43.721755,-79.274471,Intersection,At Intersection,Traffic Signal,Clear,Daylight,Dry,Non-Fatal Injury,Turning Movement,Passenger,55 to 59,Major,0, , , , , , , , , , , , , ,Yes, , , , ,Yes,Yes,Yes, , , ,41,,,124,,3456
-79.35139,43.662445,6674466,1253390,2011,2011-09-11T04:00:00.000Z,1556,15,DUNDAS ST E,BROADVIEW AVE, ,Major Arterial,Toronto and East York,43.662445,-79.35139,Intersection,At Intersection,Traffic Signal,Clear,Daylight,Dry,Non-Fatal Injury,Cyclist Collisions,Vehicle Owner,unknown, ,0, ,Other, , , , , , , , , , ,Yes,Yes, , , , , , ,Yes, , , ,55,,,70,,3457
-79.35139,43.662445,6674467,1253390,2011,2011-09-11T04:00:00.000Z,1556,15,DUNDAS ST E,BROADVIEW AVE, ,Major Arterial,Toronto and East York,43.662445,-79.35139,Intersection,At Intersection,Traffic Signal,Clear,Daylight,Dry,Non-Fatal Injury,Cyclist Collisions,Driver,55 to 59,None,0,East,"Automobile, Station Wagon",Going Ahead,Failed to Yield Right of Way,Inattentive, , , , , , , ,Yes,Yes, , , , , , ,Yes, , , ,55,,,70,,3458
-79.35139,43.662445,6674468,1253390,2011,2011-09-11T04:00:00.000Z,1556,15,DUNDAS ST E,BROADVIEW AVE, ,Major Arterial,Toronto and East York,43.662445,-79.35139,Intersection,At Intersection,Traffic Signal,Clear,Daylight,Dry,Non-Fatal Injury,Cyclist Collisions,Cyclist,40 to 44,Major,0,North,Bicycle,Going Ahead, , , , , ,"Motorist without ROW drives into path of cyclist at inter, lnwy, dwy-Driver not turn.",Driving Properly,Normal, ,Yes,Yes, , , , , , ,Yes, , , ,55,,,70,,3459