X,Y,Index_,ACCNUM,YEAR,DATE,TIME,Hour,STREET1,STREET2,OFFSET,ROAD_CLASS,District,LATITUDE,LONGITUDE,LOCCOORD,ACCLOC,TRAFFCTL,VISIBILITY,LIGHT,RDSFCOND,ACCLASS,IMPACTYPE,INVTYPE,INVAGE,INJURY,FATAL_NO,INITDIR,VEHTYPE,MANOEUVER,DRIVACT,DRIVCOND,PEDTYPE,PEDACT,PEDCOND,CYCLISTYPE,CYCACT,CYCCOND,PEDESTRIAN,CYCLIST,AUTOMOBILE,MOTORCYCLE,TRUCK,TRSN_CITY_,EMERG_VEH,PASSENGER,SPEEDING,AG_DRIV,REDLIGHT,ALCOHOL,DISABILITY,Division,Ward_Name,Ward_ID,Hood_ID,Hood_Name,ObjectId
-79.303012,43.794242,80565534,5000666173,2015,2015-04-22T04:00:00.000Z,1402,14,3 RAINIER SQ, ,4 m South of,Local,Scarborough,43.794242,-79.303012,Intersection,Private Driveway,Stop Sign,Clear,Daylight,Dry,Non-Fatal Injury,SMV Other,Passenger,15 to 19,None,0, , , , , , , , , , , , , ,Yes, , , , ,Yes,Yes,Yes, , , ,42,,,117,,3821
-79.303012,43.794242,80565535,5000666173,2015,2015-04-22T04:00:00.000Z,1402,14,3 RAINIER SQ, ,4 m South of,Local,Scarborough,43.794242,-79.303012,Intersection,Private Driveway,Stop Sign,Clear,Daylight,Dry,Non-Fatal Injury,SMV Other,Passenger,15 to 19,None,0, , , , , , , , , , , , , ,Yes, , , , ,Yes,Yes,Yes, , , ,42,,,117,,3822
-79.39479,43.670345,5360108,1038517,2008,2008-05-15T04:00:00.000Z,1403,14,AVENUE RD,YORKVILLE AVE, ,Major Arterial,Toronto and East York,43.670345,-79.39479,Intersection,At Intersection,Traffic Signal,Clear,Daylight,Dry,Non-Fatal Injury,Pedestrian Collisions,Pedestrian,70 to 74,Major,0, ,Other, , , ,Vehicle turns left while ped crosses with ROW at inter.,Crossing with right of way,Normal, , , ,Yes, ,Yes, , , , , , ,Yes, , , ,53,,,95,,3823
-79.39479,43.670345,5360109,1038517,2008,2008-05-15T04:00:00.000Z,1403,14,AVENUE RD,YORKVILLE AVE, ,Major Arterial,Toronto and East York,43.670345,-79.39479,Intersection,At Intersection,Traffic Signal,Clear,Daylight,Dry,Non-Fatal Injury,Pedestrian Collisions,Vehicle Owner,unknown, ,0, ,Other, , , , , , , , , ,Yes, ,Yes, , , , , , ,Yes, , , ,53,,,95,,3824
-79.39479,43.670345,5360110,1038517,2008,2008-05-15T04:00:00.000Z,1403,14,AVENUE RD,YORKVILLE AVE, ,Major Arterial,Toronto and East York,43.670345,-79.39479,Intersection,At Intersection,Traffic Signal,Clear,Daylight,Dry,Non-Fatal Injury,Pedestrian Collisions,Driver,35 to 39,None,0,West,"Automobile, Station Wagon",Turning Left,Failed to Yield Right of Way,Inattentive, , , , , , ,Yes, ,Yes, , , , , , ,Yes, , , ,53,,,95,,3825
-79.528392,43.649054,80722876,6002093548,2016,2016-11-25T05:00:00.000Z,1403,14,DUNDAS ST W,CORDOVA AVE,34 m East of,Major Arterial,Etobicoke York,43.649054,-79.528392,Mid-Block,Intersection Related,No Control,Clear,Daylight,Dry,Non-Fatal Injury,Approaching,Driver,40 to 44,Minor,0,West,"Automobile, Station Wagon",Going Ahead,Lost control,Unknown, , , , , , , , ,Yes, , , , ,Yes,Yes,Yes, , , ,22,,,14,,3826
-79.528392,43.649054,80722877,6002093548,2016,2016-11-25T05:00:00.000Z,1403,14,DUNDAS ST W,CORDOVA AVE,34 m East of,Major Arterial,Etobicoke York,43.649054,-79.528392,Mid-Block,Intersection Related,No Control,Clear,Daylight,Dry,Non-Fatal Injury,Approaching,Driver,85 to 89,Major,0,East,"Automobile, Station Wagon",Going Ahead,Driving Properly,Normal, , , , , , , , ,Yes, , , , ,Yes,Yes,Yes, , , ,22,,,14,,3827
-79.528392,43.649054,80722878,6002093548,2016,2016-11-25T05:00:00.000Z,1403,14,DUNDAS ST W,CORDOVA AVE,34 m East of,Major Arterial,Etobicoke York,43.649054,-79.528392,Mid-Block,Intersection Related,No Control,Clear,Daylight,Dry,Non-Fatal Injury,Approaching,Driver,55 to 59,Minor,0,East,"Automobile, Station Wagon",Going Ahead,Driving Properly,Normal, , , , , , , , ,Yes, , , , ,Yes,Yes,Yes, , , ,22,,,14,,3828
-79.528392,43.649054,80722879,6002093548,2016,2016-11-25T05:00:00.000Z,1403,14,DUNDAS ST W,CORDOVA AVE,34 m East of,Major Arterial,Etobicoke York,43.649054,-79.528392,Mid-Block,Intersection Related,No Control,Clear,Daylight,Dry,Non-Fatal Injury,Approaching,Driver,20 to 24,None,0,East,"Automobile, Station Wagon",Going Ahead,Driving Properly,Normal, , , , , , , , ,Yes, , , , ,Yes,Yes,Yes, , , ,22,,,14,,3829
-79.528392,43.649054,80722880,6002093548,2016,2016-11-25T05:00:00.000Z,1403,14,DUNDAS ST W,CORDOVA AVE,34 m East of,Major Arterial,Etobicoke York,43.649054,-79.528392,Mid-Block,Intersection Related,No Control,Clear,Daylight,Dry,Non-Fatal Injury,Approaching,Passenger,65 to 69,Minor,0, , , , , , , , , , , , , ,Yes, , , , ,Yes,Yes,Yes, , , ,22,,,14,,3830
-79.528392,43.649054,80722881,6002093548,2016,2016-11-25T05:00:00.000Z,1403,14,DUNDAS ST W,CORDOVA AVE,34 m East of,Major Arterial,Etobicoke York,43.649054,-79.528392,Mid-Block,Intersection Related,No Control,Clear,Daylight,Dry,Non-Fatal Injury,Approaching,Passenger,75 to 79,Minor,0, , , , , , , , , , , , , ,Yes, , , , ,Yes,Yes,Yes, , , ,22,,,14,,3831
-79.38309,43.661345,5355240,1036361,2008,2008-04-18T04:00:00.000Z,1405,14,YONGE ST,CARLTON ST, ,Major Arterial,Toronto and East York,43.661345,-79.38309,Intersection,At Intersection,Traffic Signal,Clear,Daylight,Dry,Non-Fatal Injury,Pedestrian Collisions,Vehicle Owner,unknown, ,0, ,Other, , , , , , , , , ,Yes, ,Yes, , , , , , ,Yes, , , ,"51,52",,,75,,3832
-79.38309,43.661345,5355241,1036361,2008,2008-04-18T04:00:00.000Z,1405,14,YONGE ST,CARLTON ST, ,Major Arterial,Toronto and East York,43.661345,-79.38309,Intersection,At Intersection,Traffic Signal,Clear,Daylight,Dry,Non-Fatal Injury,Pedestrian Collisions,Driver,45 to 49,None,0,North,"Automobile, Station Wagon",Slowing or Stopping,Failed to Yield Right of Way,Normal, , , , , , ,Yes, ,Yes, , , , , , ,Yes, , , ,"51,52",,,75,,3833
-79.38309,43.661345,5355242,1036361,2008,2008-04-18T04:00:00.000Z,1405,14,YONGE ST,CARLTON ST, ,Major Arterial,Toronto and East York,43.661345,-79.38309,Intersection,At Intersection,Traffic Signal,Clear,Daylight,Dry,Non-Fatal Injury,Pedestrian Collisions,Pedestrian,20 to 24,Major,0,West,Other, , , ,Vehicle is going straight thru inter.while ped cross with ROW,Crossing with right of way,Normal, , , ,Yes, ,Yes, , , , , , ,Yes, , , ,"51,52",,,75,,3834
-79.40049,43.659045,7820656,1357107,2013,2013-05-20T04:00:00.000Z,1405,14,SPADINA Ave,COLLEGE St, ,Major Arterial,Toronto and East York,43.659045,-79.40049,Intersection,At Intersection,No Control,Clear,Daylight,Dry,Non-Fatal Injury,SMV Other,Motorcycle Driver,25 to 29,Major,0,North,Motorcycle,Turning Right,Lost control,Normal, , , , , , , , , ,Yes, , , , ,Yes,Yes, , , ,"14,52",,,79,,3835
-79.34238,43.664443,80496653,5000653521,2015,2015-04-20T04:00:00.000Z,1405,14,1159 DUNDAS ST E, ,6 m West of,Minor Arterial,Toronto and East York,43.664443,-79.34238,Mid-Block,Non Intersection,No Control,Clear,Daylight,Dry,Fatal,Pedestrian Collisions,Driver,15 to 19,None,0,East,"Automobile, Station Wagon",Going Ahead,Lost control,Inattentive, , , , , , ,Yes, ,Yes, , , , ,Yes,Yes,Yes, , , ,55,,,70,,3836
-79.34238,43.664443,80496654,5000653521,2015,2015-04-20T04:00:00.000Z,1405,14,1159 DUNDAS ST E, ,6 m West of,Minor Arterial,Toronto and East York,43.664443,-79.34238,Mid-Block,Non Intersection,No Control,Clear,Daylight,Dry,Fatal,Pedestrian Collisions,Driver,60 to 64,None,0,East,Pick Up Truck,Going Ahead,Driving Properly,Normal, , , , , , ,Yes, ,Yes, , , , ,Yes,Yes,Yes, , , ,55,,,70,,3837
-79.34238,43.664443,80496655,5000653521,2015,2015-04-20T04:00:00.000Z,1405,14,1159 DUNDAS ST E, ,6 m West of,Minor Arterial,Toronto and East York,43.664443,-79.34238,Mid-Block,Non Intersection,No Control,Clear,Daylight,Dry,Fatal,Pedestrian Collisions,Passenger,15 to 19,None,0, , , , , , , , , , , ,Yes, ,Yes, , , , ,Yes,Yes,Yes, , , ,55,,,70,,3838
-79.34238,43.664443,80496656,5000653521,2015,2015-04-20T04:00:00.000Z,1405,14,1159 DUNDAS ST E, ,6 m West of,Minor Arterial,Toronto and East York,43.664443,-79.34238,Mid-Block,Non Intersection,No Control,Clear,Daylight,Dry,Fatal,Pedestrian Collisions,Pedestrian,30 to 34,Fatal,19,Unknown, , , , ,Pedestrian hit on sidewalk or shoulder,On Sidewalk or Shoulder,Normal, , , ,Yes, ,Yes, , , , ,Yes,Yes,Yes, , , ,55,,,70,,3839
-79.469394,43.722506,80775506,7000452997,2017,2017-03-13T04:00:00.000Z,1405,14,CALEDONIA RD,BRIDGELAND AVE,176 m South of,Minor Arterial,North York,43.722506,-79.469394,Mid-Block,Non Intersection,No Control,Snow,Daylight,Wet,Non-Fatal Injury,Rear End,Driver,30 to 34,None,0,South,"Automobile, Station Wagon",Going Ahead,Speed too Fast For Condition,Inattentive, , , , , , , , ,Yes, , , , , ,Yes,Yes, , , ,32,,,31,,3840
-79.469394,43.722506,80775507,7000452997,2017,2017-03-13T04:00:00.000Z,1405,14,CALEDONIA RD,BRIDGELAND AVE,176 m South of,Minor Arterial,North York,43.722506,-79.469394,Mid-Block,Non Intersection,No Control,Snow,Daylight,Wet,Non-Fatal Injury,Rear End,Driver,40 to 44,Major,0,South,"Automobile, Station Wagon",Slowing or Stopping,Driving Properly,Normal, , , , , , , , ,Yes, , , , , ,Yes,Yes, , , ,32,,,31,,3841
-79.41699,43.679845,7838411,1364796,2013,2013-05-17T04:00:00.000Z,1406,14,BATHURST ST,NINA ST, ,Major Arterial,Toronto and East York,43.679845,-79.41699,Intersection,At Intersection,Traffic Signal,Clear,Daylight,Dry,Non-Fatal Injury,Sideswipe,Driver,20 to 24,None,0,North,"Automobile, Station Wagon",Changing Lanes,Driving Properly,Normal, , , , , , , , ,Yes,Yes, , , , , ,Yes, , , ,13,,,94,,3842
-79.41699,43.679845,7838412,1364796,2013,2013-05-17T04:00:00.000Z,1406,14,BATHURST ST,NINA ST, ,Major Arterial,Toronto and East York,43.679845,-79.41699,Intersection,At Intersection,Traffic Signal,Clear,Daylight,Dry,Non-Fatal Injury,Sideswipe,Vehicle Owner,unknown, ,0, ,Other, , , , , , , , , , , ,Yes,Yes, , , , , ,Yes, , , ,13,,,94,,3843
-79.41699,43.679845,7838413,1364796,2013,2013-05-17T04:00:00.000Z,1406,14,BATHURST ST,NINA ST, ,Major Arterial,Toronto and East York,43.679845,-79.41699,Intersection,At Intersection,Traffic Signal,Clear,Daylight,Dry,Non-Fatal Injury,Sideswipe,Motorcycle Driver,35 to 39,Major,0,North,Motorcycle,Going Ahead,Improper Passing,Normal, , , , , , , , ,Yes,Yes, , , , , ,Yes, , , ,13,,,94,,3844
-79.35089,43.689045,5387108,1050426,2008,2008-07-28T04:00:00.000Z,1407,14,COSBURN AVE,LOGAN AVE, ,Minor Arterial,Toronto and East York,43.689045,-79.35089,Mid-Block, ,No Control,Clear,Daylight,Dry,Non-Fatal Injury,Pedestrian Collisions,Pedestrian,75 to 79,Major,0,South,Other, , , ,Vehicle is reversing and hits pedestrian,Other,Inattentive, , , ,Yes, ,Yes, , , , , , ,Yes, , , ,54,,,57,,3845
-79.35089,43.689045,5387109,1050426,2008,2008-07-28T04:00:00.000Z,1407,14,COSBURN AVE,LOGAN AVE, ,Minor Arterial,Toronto and East York,43.689045,-79.35089,Mid-Block, ,No Control,Clear,Daylight,Dry,Non-Fatal Injury,Pedestrian Collisions,Driver,50 to 54,None,0,South,"Automobile, Station Wagon",Reversing,Failed to Yield Right of Way,Normal, , , , , , ,Yes, ,Yes, , , , , , ,Yes, , , ,54,,,57,,3846
-79.49579,43.610045,7465810,1315724,2012,2012-08-10T04:00:00.000Z,1409,14,HILLSIDE AVE,ROYAL YORK RD, ,Minor Arterial,Etobicoke York,43.610045,-79.49579,Intersection,At Intersection,Stop Sign,Clear,Daylight,Dry,Non-Fatal Injury,Pedestrian Collisions,Driver,65 to 69,None,0,East,"Automobile, Station Wagon",Turning Right,Failed to Yield Right of Way,Inattentive, , , , , , ,Yes, ,Yes, , , , , , ,Yes, , , ,22,,,17,,3847
-79.49579,43.610045,7465811,1315724,2012,2012-08-10T04:00:00.000Z,1409,14,HILLSIDE AVE,ROYAL YORK RD, ,Minor Arterial,Etobicoke York,43.610045,-79.49579,Intersection,At Intersection,Stop Sign,Clear,Daylight,Dry,Non-Fatal Injury,Pedestrian Collisions,Pedestrian,75 to 79,Major,0,South,Other, , , ,Vehicle turns right while ped crosses with ROW at inter.,Crossing with right of way,Normal, , , ,Yes, ,Yes, , , , , , ,Yes, , , ,22,,,17,,3848
-79.498409,43.650046,7779291,1337952,2013,2013-01-25T05:00:00.000Z,1409,14,BLOOR ST W,OLD MILL TER, ,Major Arterial,Etobicoke York,43.650046,-79.498409,Intersection,At Intersection,Stop Sign,Snow,Daylight,Loose Snow,Non-Fatal Injury,Rear End,Driver,45 to 49,Major,0,East,"Automobile, Station Wagon",Going Ahead, , , , , , , , , , ,Yes, , , , ,Yes, ,Yes, , , ,22,,,16,,3849
-79.498409,43.650046,7779292,1337952,2013,2013-01-25T05:00:00.000Z,1409,14,BLOOR ST W,OLD MILL TER, ,Major Arterial,Etobicoke York,43.650046,-79.498409,Intersection,At Intersection,Stop Sign,Snow,Daylight,Loose Snow,Non-Fatal Injury,Rear End,Passenger,unknown,Minimal,0, ,Other, , , , , , , , , , , ,Yes, , , , ,Yes, ,Yes, , , ,22,,,16,,3850
-79.498409,43.650046,7779293,1337952,2013,2013-01-25T05:00:00.000Z,1409,14,BLOOR ST W,OLD MILL TER, ,Major Arterial,Etobicoke York,43.650046,-79.498409,Intersection,At Intersection,Stop Sign,Snow,Daylight,Loose Snow,Non-Fatal Injury,Rear End,Driver,35 to 39,None,0,East,"Automobile, Station Wagon",Going Ahead,Following too Close, , , , , , , , , ,Yes, , , , ,Yes, ,Yes, , , ,22,,,16,,3851
-79.498409,43.650046,7779294,1337952,2013,2013-01-25T05:00:00.000Z,1409,14,BLOOR ST W,OLD MILL TER, ,Major Arterial,Etobicoke York,43.650046,-79.498409,Intersection,At Intersection,Stop Sign,Snow,Daylight,Loose Snow,Non-Fatal Injury,Rear End,Vehicle Owner,unknown, ,0, ,Other, , , , , , , , , , , ,Yes, , , , ,Yes, ,Yes, , , ,22,,,16,,3852
-79.498409,43.650046,7779295,1337952,2013,2013-01-25T05:00:00.000Z,1409,14,BLOOR ST W,OLD MILL TER, ,Major Arterial,Etobicoke York,43.650046,-79.498409,Intersection,At Intersection,Stop Sign,Snow,Daylight,Loose Snow,Non-Fatal Injury,Rear End,Driver,60 to 64,None,0,East,Other,Slowing or Stopping, , , , , , , , , , ,Yes, , , , ,Yes, ,Yes, , , ,22,,,16,,3853
-79.298351,43.754336,80630884,4002482864,2014,2014-07-12T04:00:00.000Z,1409,14,WARDEN AVE,TOWER DR, ,Major Arterial,Scarborough,43.754336,-79.298351,Intersection,At Intersection,Traffic Signal,Clear,Daylight,Dry,Non-Fatal Injury,Pedestrian Collisions,Driver,50 to 54,None,0,North,"Automobile, Station Wagon",Going Ahead,Disobeyed Traffic Control,Inattentive, , , , , , ,Yes, ,Yes, , , , , , ,Yes,Yes, , ,41,,,119,,3854
-79.298351,43.754336,80630885,4002482864,2014,2014-07-12T04:00:00.000Z,1409,14,WARDEN AVE,TOWER DR, ,Major Arterial,Scarborough,43.754336,-79.298351,Intersection,At Intersection,Traffic Signal,Clear,Daylight,Dry,Non-Fatal Injury,Pedestrian Collisions,Pedestrian,25 to 29,Major,0,Unknown, , , , ,Vehicle is going straight thru inter.while ped cross with ROW,Crossing with right of way,Normal, , , ,Yes, ,Yes, , , , , , ,Yes,Yes, , ,41,,,119,,3855
-79.483188,43.693354,80632026,5000998310,2015,2015-06-14T04:00:00.000Z,1409,14,TRETHEWEY DR,CLEARVIEW HTS,5 m West of,Minor Arterial,Etobicoke York,43.693354,-79.483188,Intersection,At Intersection,No Control,Rain,Daylight,Wet,Non-Fatal Injury,Approaching,Driver,50 to 54,None,0,West,"Automobile, Station Wagon",Going Ahead,Speed too Fast For Condition,Inattentive, , , , , , , , ,Yes, , , , ,Yes,Yes,Yes, , , ,12,,,112,,3856
-79.483188,43.693354,80632027,5000998310,2015,2015-06-14T04:00:00.000Z,1409,14,TRETHEWEY DR,CLEARVIEW HTS,5 m West of,Minor Arterial,Etobicoke York,43.693354,-79.483188,Intersection,At Intersection,No Control,Rain,Daylight,Wet,Non-Fatal Injury,Approaching,Driver,25 to 29,Major,0,East,"Automobile, Station Wagon",Going Ahead,Driving Properly,Normal, , , , , , , , ,Yes, , , , ,Yes,Yes,Yes, , , ,12,,,112,,3857
-79.483188,43.693354,80632028,5000998310,2015,2015-06-14T04:00:00.000Z,1409,14,TRETHEWEY DR,CLEARVIEW HTS,5 m West of,Minor Arterial,Etobicoke York,43.693354,-79.483188,Intersection,At Intersection,No Control,Rain,Daylight,Wet,Non-Fatal Injury,Approaching,Passenger,20 to 24,Minor,0, , , , , , , , , , , , , ,Yes, , , , ,Yes,Yes,Yes, , , ,12,,,112,,3858
-79.46049,43.688945,6166514,1179238,2010,2010-05-30T04:00:00.000Z,1410,14,CALEDONIA RD,KITCHENER AVE, ,Minor Arterial,Toronto and East York,43.688945,-79.46049,Intersection,At Intersection,Traffic Signal,Clear,Daylight,Dry,Non-Fatal Injury,Pedestrian Collisions,Pedestrian,15 to 19,Minor,0,East,Other, , , ,Vehicle turns left while ped crosses with ROW at inter.,Crossing with right of way,Normal, , , ,Yes, ,Yes, , , , , , ,Yes, , , ,13,,,109,,3859
-79.46049,43.688945,6166515,1179238,2010,2010-05-30T04:00:00.000Z,1410,14,CALEDONIA RD,KITCHENER AVE, ,Minor Arterial,Toronto and East York,43.688945,-79.46049,Intersection,At Intersection,Traffic Signal,Clear,Daylight,Dry,Non-Fatal Injury,Pedestrian Collisions,Driver,50 to 54,Major,0,West,"Automobile, Station Wagon",Turning Left,Failed to Yield Right of Way,Normal, , , , , , ,Yes, ,Yes, , , , , , ,Yes, , , ,13,,,109,,3860
-79.49889,43.617445,6255486,1203098,2010,2010-11-01T04:00:00.000Z,1410,14,ROYAL YORK RD,NEWCASTLE ST, ,Minor Arterial,Etobicoke York,43.617445,-79.49889,Intersection, ,Traffic Signal,Clear,Daylight,Dry,Non-Fatal Injury,Pedestrian Collisions,Driver,85 to 89,None,0,West,"Automobile, Station Wagon",Turning Left,Failed to Yield Right of Way,Normal, , , , , , ,Yes, ,Yes, , , , , , ,Yes, , , ,22,,,17,,3861
-79.49889,43.617445,6255487,1203098,2010,2010-11-01T04:00:00.000Z,1410,14,ROYAL YORK RD,NEWCASTLE ST, ,Minor Arterial,Etobicoke York,43.617445,-79.49889,Intersection, ,Traffic Signal,Clear,Daylight,Dry,Non-Fatal Injury,Pedestrian Collisions,Pedestrian,65 to 69,Major,0,East,Other, , , ,Vehicle turns left while ped crosses with ROW at inter.,Crossing with right of way,Normal, , , ,Yes, ,Yes, , , , , , ,Yes, , , ,22,,,17,,3862
-79.55599,43.716945,7497456,1329108,2012,2012-08-24T04:00:00.000Z,1410,14,ISLINGTON AVE,BERGAMOT AVE, ,Major Arterial,Etobicoke York,43.716945,-79.55599,Intersection,At Intersection,Traffic Signal,Clear,Daylight,Dry,Non-Fatal Injury,Angle,Passenger,85 to 89,Major,0, ,Other, , , , , , , , , , , ,Yes, , , , ,Yes, ,Yes, , , ,23,,,4,,3863
-79.55599,43.716945,7497457,1329108,2012,2012-08-24T04:00:00.000Z,1410,14,ISLINGTON AVE,BERGAMOT AVE, ,Major Arterial,Etobicoke York,43.716945,-79.55599,Intersection,At Intersection,Traffic Signal,Clear,Daylight,Dry,Non-Fatal Injury,Angle,Driver,50 to 54,Minor,0,North,"Automobile, Station Wagon",Going Ahead,Failed to Yield Right of Way,Normal, , , , , , , , ,Yes, , , , ,Yes, ,Yes, , , ,23,,,4,,3864
-79.55599,43.716945,7497458,1329108,2012,2012-08-24T04:00:00.000Z,1410,14,ISLINGTON AVE,BERGAMOT AVE, ,Major Arterial,Etobicoke York,43.716945,-79.55599,Intersection,At Intersection,Traffic Signal,Clear,Daylight,Dry,Non-Fatal Injury,Angle,Vehicle Owner,unknown, ,0, ,Other, , , , , , , , , , , ,Yes, , , , ,Yes, ,Yes, , , ,23,,,4,,3865
-79.55599,43.716945,7497459,1329108,2012,2012-08-24T04:00:00.000Z,1410,14,ISLINGTON AVE,BERGAMOT AVE, ,Major Arterial,Etobicoke York,43.716945,-79.55599,Intersection,At Intersection,Traffic Signal,Clear,Daylight,Dry,Non-Fatal Injury,Angle,Driver,60 to 64,Minimal,0,West,"Automobile, Station Wagon",Going Ahead,Driving Properly,Normal, , , , , , , , ,Yes, , , , ,Yes, ,Yes, , , ,23,,,4,,3866
-79.293659,43.703456,80203227,4001558896,2014,2014-02-19T05:00:00.000Z,1410,14,VICTORIA PARK AVE,ST BEDES RD, ,Major Arterial,Scarborough,43.703456,-79.293659,Intersection,Intersection Related,Stop Sign,Rain,Daylight,Wet,Non-Fatal Injury,Turning Movement,Driver,80 to 84,Major,0,West,"Automobile, Station Wagon",Turning Left,Failed to Yield Right of Way,Inattentive, , , , , , , , ,Yes, , , , , , ,Yes, , , ,"54,41",,,120,,3867
-79.293659,43.703456,80203228,4001558896,2014,2014-02-19T05:00:00.000Z,1410,14,VICTORIA PARK AVE,ST BEDES RD, ,Major Arterial,Scarborough,43.703456,-79.293659,Intersection,Intersection Related,Stop Sign,Rain,Daylight,Wet,Non-Fatal Injury,Turning Movement,Driver,60 to 64,Minor,0,North,"Automobile, Station Wagon",Going Ahead,Driving Properly,Normal, , , , , , , , ,Yes, , , , , , ,Yes, , , ,"54,41",,,120,,3868
-79.425647,43.661971,80225387,4003521992,2014,2014-12-20T05:00:00.000Z,1410,14,OSSINGTON AVE,BLOOR ST W,15 m South of,Major Arterial,Toronto and East York,43.661971,-79.425647,Intersection,Non Intersection,No Control,Clear,Daylight,Dry,Non-Fatal Injury,Cyclist Collisions,Driver,55 to 59,None,0,South,"Automobile, Station Wagon",Overtaking,Improper Passing,Inattentive, , , , , , , ,Yes,Yes, , , , ,Yes, ,Yes, , , ,14,,,80,,3869
-79.425647,43.661971,80225388,4003521992,2014,2014-12-20T05:00:00.000Z,1410,14,OSSINGTON AVE,BLOOR ST W,15 m South of,Major Arterial,Toronto and East York,43.661971,-79.425647,Intersection,Non Intersection,No Control,Clear,Daylight,Dry,Non-Fatal Injury,Cyclist Collisions,Cyclist,25 to 29,Major,0,South,Bicycle,Going Ahead, , , , , ,Cyclist and Driver travelling in same direction. One vehicle sideswipes the other.,Driving Properly,Normal, ,Yes,Yes, , , , ,Yes, ,Yes, , , ,14,,,80,,3870
-79.425647,43.661971,80225389,4003521992,2014,2014-12-20T05:00:00.000Z,1410,14,OSSINGTON AVE,BLOOR ST W,15 m South of,Major Arterial,Toronto and East York,43.661971,-79.425647,Intersection,Non Intersection,No Control,Clear,Daylight,Dry,Non-Fatal Injury,Cyclist Collisions,Passenger,55 to 59,None,0, , , , , , , , , , , , ,Yes,Yes, , , , ,Yes, ,Yes, , , ,14,,,80,,3871
-79.290637,43.735335,80485685,4003073382,2014,2014-10-09T04:00:00.000Z,1410,14,WARDEN AVE,MARBLE ARCH CRES, ,Major Arterial,Scarborough,43.735335,-79.290637,Intersection,Non Intersection,Traffic Signal,Clear,Daylight,Dry,Fatal,Cyclist Collisions,Driver,45 to 49,None,0,North,"Automobile, Station Wagon",Going Ahead,Disobeyed Traffic Control,Inattentive, , , , , , , ,Yes,Yes, , , , , , ,Yes,Yes, , ,41,,,119,,3872
-79.290637,43.735335,80485686,4003073382,2014,2014-10-09T04:00:00.000Z,1410,14,WARDEN AVE,MARBLE ARCH CRES, ,Major Arterial,Scarborough,43.735335,-79.290637,Intersection,Non Intersection,Traffic Signal,Clear,Daylight,Dry,Fatal,Cyclist Collisions,Cyclist,60 to 64,Fatal,32,East,Bicycle,Going Ahead, , , , , ,"Motorist without ROW drives into path of cyclist at inter, lnwy, dwy-Driver not turn.",Driving Properly,Normal, ,Yes,Yes, , , , , , ,Yes,Yes, , ,41,,,119,,3873
-79.387477,43.650599,80949251,8001518550,2018,2018-08-17T04:00:00.000Z,1410,14,QUEEN  ST W,SIMCOE  ST,12 m East of,Major Arterial,Toronto and East York,43.650599,-79.387477,Intersection,Intersection Related,No Control,Clear,Daylight,Wet,Non-Fatal Injury,SMV Other,Motorcycle Driver,50 to 54,Major,0,West,Motorcycle,Going Ahead,Following too Close,Normal, , , , , , , , , ,Yes, , , , , ,Yes, , , ,52,,,77,,3874
-79.420062,43.73585,80937665,8000027630,2018,2018-01-05T05:00:00.000Z,1412,14,AVENUE RD,DUNBLAINE AVE, ,Major Arterial,North York,43.73585,-79.420062,Intersection,At Intersection,Traffic Controller,Clear,Daylight,Dry,Non-Fatal Injury,Pedestrian Collisions,Driver,25 to 29,None,0,West,"Automobile, Station Wagon",Turning Left,Failed to Yield Right of Way,Unknown, , , , , , ,Yes, ,Yes, , , , , , ,Yes, , , ,32,,,39,,3875
-79.420062,43.73585,80937666,8000027630,2018,2018-01-05T05:00:00.000Z,1412,14,AVENUE RD,DUNBLAINE AVE, ,Major Arterial,North York,43.73585,-79.420062,Intersection,At Intersection,Traffic Controller,Clear,Daylight,Dry,Non-Fatal Injury,Pedestrian Collisions,Pedestrian,30 to 34,Major,0,East, , , , ,Vehicle turns left while ped crosses with ROW at inter.,Crossing with right of way,Normal, , , ,Yes, ,Yes, , , , , , ,Yes, , , ,32,,,39,,3876
-79.420062,43.73585,80937667,8000027630,2018,2018-01-05T05:00:00.000Z,1412,14,AVENUE RD,DUNBLAINE AVE, ,Major Arterial,North York,43.73585,-79.420062,Intersection,At Intersection,Traffic Controller,Clear,Daylight,Dry,Non-Fatal Injury,Pedestrian Collisions,Pedestrian,25 to 29,Minimal,0,East, , , , ,Vehicle turns left while ped crosses with ROW at inter.,Crossing with right of way,Normal, , , ,Yes, ,Yes, , , , , , ,Yes, , , ,32,,,39,,3877
-79.34349,43.764945,5860573,1129523,2009,2009-09-14T04:00:00.000Z,1413,14,150 GRAYDON HALL DR, , ,Collector,North York,43.764945,-79.34349,Mid-Block, ,No Control,Clear,Daylight,Dry,Non-Fatal Injury,Turning Movement,Motorcycle Driver,30 to 34,Major,0,West,Motorcycle,Going Ahead,Exceeding Speed Limit,Had Been Drinking, , , , , , , , ,Yes,Yes, , , , ,Yes,Yes, , , ,33,,,45,,3878
-79.34349,43.764945,5860574,1129523,2009,2009-09-14T04:00:00.000Z,1413,14,150 GRAYDON HALL DR, , ,Collector,North York,43.764945,-79.34349,Mid-Block, ,No Control,Clear,Daylight,Dry,Non-Fatal Injury,Turning Movement,Driver,20 to 24,None,0,East,"Automobile, Station Wagon",Turning Left,Driving Properly,Normal, , , , , , , , ,Yes,Yes, , , , ,Yes,Yes, , , ,33,,,45,,3879