X,Y,Index_,ACCNUM,YEAR,DATE,TIME,Hour,STREET1,STREET2,OFFSET,ROAD_CLASS,District,LATITUDE,LONGITUDE,LOCCOORD,ACCLOC,TRAFFCTL,VISIBILITY,LIGHT,RDSFCOND,ACCLASS,IMPACTYPE,INVTYPE,INVAGE,INJURY,FATAL_NO,INITDIR,VEHTYPE,MANOEUVER,DRIVACT,DRIVCOND,PEDTYPE,PEDACT,PEDCOND,CYCLISTYPE,CYCACT,CYCCOND,PEDESTRIAN,CYCLIST,AUTOMOBILE,MOTORCYCLE,TRUCK,TRSN_CITY_,EMERG_VEH,PASSENGER,SPEEDING,AG_DRIV,REDLIGHT,ALCOHOL,DISABILITY,Division,Ward_Name,Ward_ID,Hood_ID,Hood_Name,ObjectId
-79.294872,43.794787,7495976,1328489,2012,2012-10-22T04:00:00.000Z,1525,15,851 HUNTINGWOOD DR, , ,Minor Arterial,Scarborough,43.794787,-79.294872,Intersection,At Intersection,No Control,Clear,Daylight,Dry,Non-Fatal Injury,Rear End,Driver,55 to 59,Minimal,0,East,"Automobile, Station Wagon",Going Ahead,Following too Close,Inattentive, , , , , , , , ,Yes, , , , , , ,Yes, , , ,42,,,118,,3940
-79.294872,43.794787,7495977,1328489,2012,2012-10-22T04:00:00.000Z,1525,15,851 HUNTINGWOOD DR, , ,Minor Arterial,Scarborough,43.794787,-79.294872,Intersection,At Intersection,No Control,Clear,Daylight,Dry,Non-Fatal Injury,Rear End,Driver,45 to 49,Minimal,0,East,"Automobile, Station Wagon",Stopped,Driving Properly,Normal, , , , , , , , ,Yes, , , , , , ,Yes, , , ,42,,,118,,3941
-79.294872,43.794787,7495978,1328489,2012,2012-10-22T04:00:00.000Z,1525,15,851 HUNTINGWOOD DR, , ,Minor Arterial,Scarborough,43.794787,-79.294872,Intersection,At Intersection,No Control,Clear,Daylight,Dry,Non-Fatal Injury,Rear End,Driver,50 to 54,Major,0,East,"Automobile, Station Wagon",Stopped,Driving Properly,Normal, , , , , , , , ,Yes, , , , , , ,Yes, , , ,42,,,118,,3942
-79.53199,43.645245,7558569,1148504,2009,2009-12-22T05:00:00.000Z,1525,15,DUNDAS ST W,ROYALAVON CRES, ,Major Arterial,Etobicoke York,43.645245,-79.53199,Intersection,At Intersection,Traffic Signal,Clear,Daylight,Dry,Non-Fatal Injury,Pedestrian Collisions,Vehicle Owner,unknown, ,0, ,Other, , , , , , , , , ,Yes, ,Yes, , , , , , ,Yes,Yes, , ,22,,,14,,3943
-79.53199,43.645245,7558570,1148504,2009,2009-12-22T05:00:00.000Z,1525,15,DUNDAS ST W,ROYALAVON CRES, ,Major Arterial,Etobicoke York,43.645245,-79.53199,Intersection,At Intersection,Traffic Signal,Clear,Daylight,Dry,Non-Fatal Injury,Pedestrian Collisions,Driver,15 to 19,None,0,West,"Automobile, Station Wagon",Going Ahead,Disobeyed Traffic Control,Inattentive, , , , , , ,Yes, ,Yes, , , , , , ,Yes,Yes, , ,22,,,14,,3944
-79.53199,43.645245,7558571,1148504,2009,2009-12-22T05:00:00.000Z,1525,15,DUNDAS ST W,ROYALAVON CRES, ,Major Arterial,Etobicoke York,43.645245,-79.53199,Intersection,At Intersection,Traffic Signal,Clear,Daylight,Dry,Non-Fatal Injury,Pedestrian Collisions,Pedestrian,20 to 24,Major,0,Unknown,Other, , , ,Vehicle is going straight thru inter.while ped cross with ROW,Crossing with right of way,Normal, , , ,Yes, ,Yes, , , , , , ,Yes,Yes, , ,22,,,14,,3945
-79.359233,43.663695,80486151,5001107596,2015,2015-07-01T04:00:00.000Z,1525,15,GERRARD ST E,RIVER ST, ,Minor Arterial,Toronto and East York,43.663695,-79.359233,Intersection,At Intersection,Traffic Signal,Clear,Daylight,Dry,Non-Fatal Injury,Turning Movement,Driver,30 to 34,None,0,South,"Automobile, Station Wagon",Turning Left,Disobeyed Traffic Control,Inattentive, , , , , , , , ,Yes,Yes, , , ,Yes, ,Yes,Yes, , ,51,,,72,,3946
-79.359233,43.663695,80486152,5001107596,2015,2015-07-01T04:00:00.000Z,1525,15,GERRARD ST E,RIVER ST, ,Minor Arterial,Toronto and East York,43.663695,-79.359233,Intersection,At Intersection,Traffic Signal,Clear,Daylight,Dry,Non-Fatal Injury,Turning Movement,Motorcycle Driver,45 to 49,Major,0,North,Motorcycle,Going Ahead,Failed to Yield Right of Way,Normal, , , , , , , , ,Yes,Yes, , , ,Yes, ,Yes,Yes, , ,51,,,72,,3947
-79.359233,43.663695,80486153,5001107596,2015,2015-07-01T04:00:00.000Z,1525,15,GERRARD ST E,RIVER ST, ,Minor Arterial,Toronto and East York,43.663695,-79.359233,Intersection,At Intersection,Traffic Signal,Clear,Daylight,Dry,Non-Fatal Injury,Turning Movement,Passenger,15 to 19,Major,0, , , , , , , , , , , , , ,Yes,Yes, , , ,Yes, ,Yes,Yes, , ,51,,,72,,3948
-79.303851,43.741286,80543542,6000970728,2016,2016-06-04T04:00:00.000Z,1525,15,PHARMACY AVE,JANET BLVD,37 m South of,Minor Arterial,Scarborough,43.741286,-79.303851,Mid-Block,Non Intersection,No Control,Clear,Daylight,Dry,Non-Fatal Injury,Pedestrian Collisions,Driver,30 to 34,None,0,North,"Automobile, Station Wagon",Going Ahead,Driving Properly,Normal, , , , , , ,Yes, ,Yes, , , , , ,Yes,Yes, , , ,41,,,119,,3949
-79.303851,43.741286,80543543,6000970728,2016,2016-06-04T04:00:00.000Z,1525,15,PHARMACY AVE,JANET BLVD,37 m South of,Minor Arterial,Scarborough,43.741286,-79.303851,Mid-Block,Non Intersection,No Control,Clear,Daylight,Dry,Non-Fatal Injury,Pedestrian Collisions,Pedestrian,25 to 29,Major,0,East, , , , ,Pedestrian hit at mid-block,Running onto Roadway,Inattentive, , , ,Yes, ,Yes, , , , , ,Yes,Yes, , , ,41,,,119,,3950
-79.22684,43.842215,80788468,7001526213,2017,2017-08-23T04:00:00.000Z,1525,15,STEELES AVE E,NINTH LINE,84 m West of,Minor Arterial,Scarborough,43.842215,-79.22684,Mid-Block,Non Intersection,No Control,Clear,Daylight,Dry,Non-Fatal Injury,Rear End,Driver,35 to 39,Major,0,East,"Automobile, Station Wagon",Going Ahead,Following too Close,Inattentive, , , , , , , , ,Yes, , , , , , ,Yes, , , ,42,,,131,,3951
-79.22684,43.842215,80788469,7001526213,2017,2017-08-23T04:00:00.000Z,1525,15,STEELES AVE E,NINTH LINE,84 m West of,Minor Arterial,Scarborough,43.842215,-79.22684,Mid-Block,Non Intersection,No Control,Clear,Daylight,Dry,Non-Fatal Injury,Rear End,Driver,40 to 44,None,0,East,"Automobile, Station Wagon",Slowing or Stopping,Driving Properly,Normal, , , , , , , , ,Yes, , , , , , ,Yes, , , ,42,,,131,,3952
-79.553142,43.676662,80942505,8000409848,2018,2018-03-05T05:00:00.000Z,1525,15,EGLINTON AVE W,KIPLING AVE,192 m West of,Major Arterial,Etobicoke York,43.676662,-79.553142,Mid-Block,Non Intersection,No Control,Clear,Daylight,Dry,Non-Fatal Injury,Approaching,Driver,25 to 29,None,0,East,"Automobile, Station Wagon",Going Ahead,Driving Properly,Normal, , , , , , , , ,Yes, , , , , ,Yes,Yes, , , ,"23,22",,,10,,3953
-79.553142,43.676662,80942506,8000409848,2018,2018-03-05T05:00:00.000Z,1525,15,EGLINTON AVE W,KIPLING AVE,192 m West of,Major Arterial,Etobicoke York,43.676662,-79.553142,Mid-Block,Non Intersection,No Control,Clear,Daylight,Dry,Non-Fatal Injury,Approaching,Driver,60 to 64,Minor,0,East,"Automobile, Station Wagon",Going Ahead,Driving Properly,Normal, , , , , , , , ,Yes, , , , , ,Yes,Yes, , , ,"23,22",,,10,,3954
-79.553142,43.676662,80942507,8000409848,2018,2018-03-05T05:00:00.000Z,1525,15,EGLINTON AVE W,KIPLING AVE,192 m West of,Major Arterial,Etobicoke York,43.676662,-79.553142,Mid-Block,Non Intersection,No Control,Clear,Daylight,Dry,Non-Fatal Injury,Approaching,Driver,55 to 59,Major,0,East,Passenger Van,Going Ahead,Driving Properly,Normal, , , , , , , , ,Yes, , , , , ,Yes,Yes, , , ,"23,22",,,10,,3955
-79.553142,43.676662,80942508,8000409848,2018,2018-03-05T05:00:00.000Z,1525,15,EGLINTON AVE W,KIPLING AVE,192 m West of,Major Arterial,Etobicoke York,43.676662,-79.553142,Mid-Block,Non Intersection,No Control,Clear,Daylight,Dry,Non-Fatal Injury,Approaching,Driver,20 to 24,Major,0,West,"Automobile, Station Wagon",Going Ahead,Lost control,Inattentive, , , , , , , , ,Yes, , , , , ,Yes,Yes, , , ,"23,22",,,10,,3956
-79.45249,43.703845,5208710,1090872,2009,2009-01-18T05:00:00.000Z,1528,15,DUFFERIN ST,WINGOLD AVE, ,Major Arterial,North York,43.703845,-79.45249,Intersection, ,Traffic Signal,Snow,Daylight,Slush,Non-Fatal Injury,Angle,Vehicle Owner,unknown, ,0, ,Other, , , , , , , , , , , ,Yes, , ,Yes, , , ,Yes,Yes, , ,13,,,31,,3957
-79.45249,43.703845,5208711,1090872,2009,2009-01-18T05:00:00.000Z,1528,15,DUFFERIN ST,WINGOLD AVE, ,Major Arterial,North York,43.703845,-79.45249,Intersection, ,Traffic Signal,Snow,Daylight,Slush,Non-Fatal Injury,Angle,Driver,45 to 49,None,0,South,Municipal Transit Bus (TTC),Going Ahead,Driving Properly,Normal, , , , , , , , ,Yes, , ,Yes, , , ,Yes,Yes, , ,13,,,31,,3958
-79.45249,43.703845,5208712,1090872,2009,2009-01-18T05:00:00.000Z,1528,15,DUFFERIN ST,WINGOLD AVE, ,Major Arterial,North York,43.703845,-79.45249,Intersection, ,Traffic Signal,Snow,Daylight,Slush,Non-Fatal Injury,Angle,Driver,45 to 49,Major,0,East,"Automobile, Station Wagon",Going Ahead,Disobeyed Traffic Control,Inattentive, , , , , , , , ,Yes, , ,Yes, , , ,Yes,Yes, , ,13,,,31,,3959
-79.56839,43.752245,7663027,1293309,2012,2012-05-09T04:00:00.000Z,1528,15,ISLINGTON AVE,MILADY RD, ,Major Arterial,Etobicoke York,43.752245,-79.56839,Intersection,At Intersection,Traffic Signal,Other,Daylight,Other,Non-Fatal Injury,Turning Movement,Vehicle Owner,unknown, ,0, ,Other, , , , , , , , , , , ,Yes, ,Yes, , ,Yes, ,Yes,Yes, , ,31,,,21,,3960
-79.56839,43.752245,7663028,1293309,2012,2012-05-09T04:00:00.000Z,1528,15,ISLINGTON AVE,MILADY RD, ,Major Arterial,Etobicoke York,43.752245,-79.56839,Intersection,At Intersection,Traffic Signal,Other,Daylight,Other,Non-Fatal Injury,Turning Movement,Truck Driver,25 to 29,None,0,North,Truck - Open,Going Ahead,Disobeyed Traffic Control,Normal, , , , , , , , ,Yes, ,Yes, , ,Yes, ,Yes,Yes, , ,31,,,21,,3961
-79.56839,43.752245,7663029,1293309,2012,2012-05-09T04:00:00.000Z,1528,15,ISLINGTON AVE,MILADY RD, ,Major Arterial,Etobicoke York,43.752245,-79.56839,Intersection,At Intersection,Traffic Signal,Other,Daylight,Other,Non-Fatal Injury,Turning Movement,Passenger,10 to 14,Major,0, ,Other, , , , , , , , , , , ,Yes, ,Yes, , ,Yes, ,Yes,Yes, , ,31,,,21,,3962
-79.56839,43.752245,7663030,1293309,2012,2012-05-09T04:00:00.000Z,1528,15,ISLINGTON AVE,MILADY RD, ,Major Arterial,Etobicoke York,43.752245,-79.56839,Intersection,At Intersection,Traffic Signal,Other,Daylight,Other,Non-Fatal Injury,Turning Movement,Vehicle Owner,unknown, ,0, ,Other, , , , , , , , , , , ,Yes, ,Yes, , ,Yes, ,Yes,Yes, , ,31,,,21,,3963
-79.56839,43.752245,7663031,1293309,2012,2012-05-09T04:00:00.000Z,1528,15,ISLINGTON AVE,MILADY RD, ,Major Arterial,Etobicoke York,43.752245,-79.56839,Intersection,At Intersection,Traffic Signal,Other,Daylight,Other,Non-Fatal Injury,Turning Movement,Driver,20 to 24,Minor,0,West,"Automobile, Station Wagon",Turning Left,Driving Properly,Normal, , , , , , , , ,Yes, ,Yes, , ,Yes, ,Yes,Yes, , ,31,,,21,,3964
-79.492831,43.66952,80148474,4001361731,2014,2014-01-17T05:00:00.000Z,1528,15,JANE ST,PRITCHARD AVE, ,Major Arterial,Etobicoke York,43.66952,-79.492831,Intersection,At Intersection,Traffic Signal,Clear,Daylight,Dry,Non-Fatal Injury,Pedestrian Collisions,Driver,20 to 24,None,0,South,"Automobile, Station Wagon",Turning Left,Driving Properly,Normal, , , , , , ,Yes, ,Yes, , , , ,Yes, ,Yes,Yes, , ,12,,,111,,3965
-79.492831,43.66952,80148475,4001361731,2014,2014-01-17T05:00:00.000Z,1528,15,JANE ST,PRITCHARD AVE, ,Major Arterial,Etobicoke York,43.66952,-79.492831,Intersection,At Intersection,Traffic Signal,Clear,Daylight,Dry,Non-Fatal Injury,Pedestrian Collisions,Driver,65 to 69,None,0,North,"Automobile, Station Wagon",Going Ahead,Disobeyed Traffic Control,Normal, , , , , , ,Yes, ,Yes, , , , ,Yes, ,Yes,Yes, , ,12,,,111,,3966
-79.492831,43.66952,80148476,4001361731,2014,2014-01-17T05:00:00.000Z,1528,15,JANE ST,PRITCHARD AVE, ,Major Arterial,Etobicoke York,43.66952,-79.492831,Intersection,At Intersection,Traffic Signal,Clear,Daylight,Dry,Non-Fatal Injury,Pedestrian Collisions,Passenger,25 to 29,None,0, , , , , , , , , , , ,Yes, ,Yes, , , , ,Yes, ,Yes,Yes, , ,12,,,111,,3967
-79.492831,43.66952,80148477,4001361731,2014,2014-01-17T05:00:00.000Z,1528,15,JANE ST,PRITCHARD AVE, ,Major Arterial,Etobicoke York,43.66952,-79.492831,Intersection,At Intersection,Traffic Signal,Clear,Daylight,Dry,Non-Fatal Injury,Pedestrian Collisions,Passenger,60 to 64,Minor,0, , , , , , , , , , , ,Yes, ,Yes, , , , ,Yes, ,Yes,Yes, , ,12,,,111,,3968
-79.492831,43.66952,80148478,4001361731,2014,2014-01-17T05:00:00.000Z,1528,15,JANE ST,PRITCHARD AVE, ,Major Arterial,Etobicoke York,43.66952,-79.492831,Intersection,At Intersection,Traffic Signal,Clear,Daylight,Dry,Non-Fatal Injury,Pedestrian Collisions,Pedestrian,45 to 49,Major,0, , , , , ,Pedestrian hit on sidewalk or shoulder,On Sidewalk or Shoulder,Normal, , , ,Yes, ,Yes, , , , ,Yes, ,Yes,Yes, , ,12,,,111,,3969
-79.476039,43.681712,80204277,4001645257,2014,2014-03-05T05:00:00.000Z,1528,15,ROGERS RD,WESTON RD, ,Minor Arterial,Etobicoke York,43.681712,-79.476039,Mid-Block,Non Intersection,No Control,Clear,Daylight,Dry,Non-Fatal Injury,Turning Movement,Driver,40 to 44,None,0,West,"Automobile, Station Wagon",Making U Turn,Improper Turn,Inattentive, , , , , , , , ,Yes, , , , ,Yes, ,Yes, , , ,12,,,110,,3970
-79.476039,43.681712,80204278,4001645257,2014,2014-03-05T05:00:00.000Z,1528,15,ROGERS RD,WESTON RD, ,Minor Arterial,Etobicoke York,43.681712,-79.476039,Mid-Block,Non Intersection,No Control,Clear,Daylight,Dry,Non-Fatal Injury,Turning Movement,Driver,25 to 29,Minimal,0,West,"Automobile, Station Wagon",Going Ahead,Driving Properly,Normal, , , , , , , , ,Yes, , , , ,Yes, ,Yes, , , ,12,,,110,,3971
-79.476039,43.681712,80204279,4001645257,2014,2014-03-05T05:00:00.000Z,1528,15,ROGERS RD,WESTON RD, ,Minor Arterial,Etobicoke York,43.681712,-79.476039,Mid-Block,Non Intersection,No Control,Clear,Daylight,Dry,Non-Fatal Injury,Turning Movement,Passenger,20 to 24,Major,0, , , , , , , , , , , , , ,Yes, , , , ,Yes, ,Yes, , , ,12,,,110,,3972
-79.270885,43.687686,80790892,7003241293,2017,2017-12-21T05:00:00.000Z,1528,15,KINGSTON RD,WARDEN AVE, ,Major Arterial,Scarborough,43.687686,-79.270885,Intersection,At Intersection,Traffic Signal,Other,Daylight,Other,Fatal,Pedestrian Collisions,Pedestrian,40 to 44,Fatal,62,South, , , , ,Vehicle is going straight thru inter.while ped cross with ROW,Crossing with right of way,Unknown, , , ,Yes, ,Yes, , , , , ,Yes,Yes,Yes,Yes, ,41,,,122,,3973
-79.270885,43.687686,80790893,7003241293,2017,2017-12-21T05:00:00.000Z,1528,15,KINGSTON RD,WARDEN AVE, ,Major Arterial,Scarborough,43.687686,-79.270885,Intersection,At Intersection,Traffic Signal,Other,Daylight,Other,Fatal,Pedestrian Collisions,Driver,25 to 29,None,0,West,Passenger Van,Going Ahead,Disobeyed Traffic Control,"Ability Impaired, Alcohol", , , , , , ,Yes, ,Yes, , , , , ,Yes,Yes,Yes,Yes, ,41,,,122,,3974
-79.28419,43.719545,7775925,1336078,2013,2013-01-18T05:00:00.000Z,1529,15,WARDEN AVE,HYMUS RD, ,Major Arterial,Scarborough,43.719545,-79.28419,Intersection, ,No Control,Clear,Daylight,Dry,Non-Fatal Injury,Approaching,Passenger,50 to 54,Major,0, ,Other, , , , , , , , , , , ,Yes, , , , ,Yes,Yes,Yes, , , ,41,,,120,,3975
-79.28419,43.719545,7775926,1336078,2013,2013-01-18T05:00:00.000Z,1529,15,WARDEN AVE,HYMUS RD, ,Major Arterial,Scarborough,43.719545,-79.28419,Intersection, ,No Control,Clear,Daylight,Dry,Non-Fatal Injury,Approaching,Passenger,50 to 54,Minor,0, ,Other, , , , , , , , , , , ,Yes, , , , ,Yes,Yes,Yes, , , ,41,,,120,,3976
-79.28419,43.719545,7775927,1336078,2013,2013-01-18T05:00:00.000Z,1529,15,WARDEN AVE,HYMUS RD, ,Major Arterial,Scarborough,43.719545,-79.28419,Intersection, ,No Control,Clear,Daylight,Dry,Non-Fatal Injury,Approaching,Passenger,75 to 79,Major,0, ,Other, , , , , , , , , , , ,Yes, , , , ,Yes,Yes,Yes, , , ,41,,,120,,3977
-79.28419,43.719545,7775928,1336078,2013,2013-01-18T05:00:00.000Z,1529,15,WARDEN AVE,HYMUS RD, ,Major Arterial,Scarborough,43.719545,-79.28419,Intersection, ,No Control,Clear,Daylight,Dry,Non-Fatal Injury,Approaching,Driver,80 to 84,Minor,0,South,"Automobile, Station Wagon",Going Ahead,Driving Properly,Normal, , , , , , , , ,Yes, , , , ,Yes,Yes,Yes, , , ,41,,,120,,3978
-79.28419,43.719545,7775929,1336078,2013,2013-01-18T05:00:00.000Z,1529,15,WARDEN AVE,HYMUS RD, ,Major Arterial,Scarborough,43.719545,-79.28419,Intersection, ,No Control,Clear,Daylight,Dry,Non-Fatal Injury,Approaching,Vehicle Owner,unknown, ,0, ,Other, , , , , , , , , , , ,Yes, , , , ,Yes,Yes,Yes, , , ,41,,,120,,3979
-79.28419,43.719545,7775930,1336078,2013,2013-01-18T05:00:00.000Z,1529,15,WARDEN AVE,HYMUS RD, ,Major Arterial,Scarborough,43.719545,-79.28419,Intersection, ,No Control,Clear,Daylight,Dry,Non-Fatal Injury,Approaching,Driver,15 to 19,Minimal,0,North,"Automobile, Station Wagon",Changing Lanes,Lost control,Inattentive, , , , , , , , ,Yes, , , , ,Yes,Yes,Yes, , , ,41,,,120,,3980
-79.42889,43.681045,5302655,1132522,2009,2009-09-27T04:00:00.000Z,1530,15,ST CLAIR AVE W,ARLINGTON AVE, ,Major Arterial,Toronto and East York,43.681045,-79.42889,Intersection,At Intersection,Traffic Signal,Clear,Daylight,Dry,Non-Fatal Injury,Rear End,Passenger,55 to 59,Major,0, ,Other, , , , , , , , , , , ,Yes, , , , ,Yes, ,Yes, , , ,13,,,94,,3981
-79.42889,43.681045,5302656,1132522,2009,2009-09-27T04:00:00.000Z,1530,15,ST CLAIR AVE W,ARLINGTON AVE, ,Major Arterial,Toronto and East York,43.681045,-79.42889,Intersection,At Intersection,Traffic Signal,Clear,Daylight,Dry,Non-Fatal Injury,Rear End,Driver,55 to 59,Minimal,0,East,"Automobile, Station Wagon",Stopped,Driving Properly,Normal, , , , , , , , ,Yes, , , , ,Yes, ,Yes, , , ,13,,,94,,3982
-79.42889,43.681045,5302657,1132522,2009,2009-09-27T04:00:00.000Z,1530,15,ST CLAIR AVE W,ARLINGTON AVE, ,Major Arterial,Toronto and East York,43.681045,-79.42889,Intersection,At Intersection,Traffic Signal,Clear,Daylight,Dry,Non-Fatal Injury,Rear End,Vehicle Owner,unknown, ,0, ,Other, , , , , , , , , , , ,Yes, , , , ,Yes, ,Yes, , , ,13,,,94,,3983
-79.42889,43.681045,5302658,1132522,2009,2009-09-27T04:00:00.000Z,1530,15,ST CLAIR AVE W,ARLINGTON AVE, ,Major Arterial,Toronto and East York,43.681045,-79.42889,Intersection,At Intersection,Traffic Signal,Clear,Daylight,Dry,Non-Fatal Injury,Rear End,Passenger,20 to 24,Major,0, ,Other, , , , , , , , , , , ,Yes, , , , ,Yes, ,Yes, , , ,13,,,94,,3984
-79.42889,43.681045,5302659,1132522,2009,2009-09-27T04:00:00.000Z,1530,15,ST CLAIR AVE W,ARLINGTON AVE, ,Major Arterial,Toronto and East York,43.681045,-79.42889,Intersection,At Intersection,Traffic Signal,Clear,Daylight,Dry,Non-Fatal Injury,Rear End,Driver,20 to 24,Minimal,0,East,"Automobile, Station Wagon",Stopped,Driving Properly,Normal, , , , , , , , ,Yes, , , , ,Yes, ,Yes, , , ,13,,,94,,3985
-79.42889,43.681045,5302660,1132522,2009,2009-09-27T04:00:00.000Z,1530,15,ST CLAIR AVE W,ARLINGTON AVE, ,Major Arterial,Toronto and East York,43.681045,-79.42889,Intersection,At Intersection,Traffic Signal,Clear,Daylight,Dry,Non-Fatal Injury,Rear End,Driver,25 to 29,None,0,East,"Automobile, Station Wagon",Going Ahead,Following too Close,Normal, , , , , , , , ,Yes, , , , ,Yes, ,Yes, , , ,13,,,94,,3986
-79.53559,43.726445,5329696,1024623,2008,2008-02-29T05:00:00.000Z,1530,15,WESTON RD,STARVIEW LANE, ,Major Arterial,Etobicoke York,43.726445,-79.53559,Intersection, ,No Control,Snow,Daylight,Slush,Fatal,Approaching,Truck Driver,50 to 54,None,0,South,Truck - Open,Going Ahead,Driving Properly,Normal, , , , , , , , ,Yes, ,Yes, , ,Yes,Yes,Yes, , , ,31,,,23,,3987
-79.53559,43.726445,5329697,1024623,2008,2008-02-29T05:00:00.000Z,1530,15,WESTON RD,STARVIEW LANE, ,Major Arterial,Etobicoke York,43.726445,-79.53559,Intersection, ,No Control,Snow,Daylight,Slush,Fatal,Approaching,Passenger,30 to 34,Fatal,10, ,Other, , , , , , , , , , , ,Yes, ,Yes, , ,Yes,Yes,Yes, , , ,31,,,23,,3988
-79.53559,43.726445,5329698,1024623,2008,2008-02-29T05:00:00.000Z,1530,15,WESTON RD,STARVIEW LANE, ,Major Arterial,Etobicoke York,43.726445,-79.53559,Intersection, ,No Control,Snow,Daylight,Slush,Fatal,Approaching,Driver,55 to 59,Fatal,9,North,"Automobile, Station Wagon",Going Ahead,Speed too Fast For Condition,Normal, , , , , , , , ,Yes, ,Yes, , ,Yes,Yes,Yes, , , ,31,,,23,,3989
-79.48319,43.731145,6158736,1175820,2010,2010-05-19T04:00:00.000Z,1530,15,WANDLE AVE,KEELE ST, ,Major Arterial,North York,43.731145,-79.48319,Intersection,At Intersection,No Control,Clear,Daylight,Dry,Non-Fatal Injury,Pedestrian Collisions,Driver,35 to 39,None,0,East,"Automobile, Station Wagon",Going Ahead,Driving Properly,Unknown, , , , , , ,Yes, ,Yes, , , , , , ,Yes, , , ,31,,,26,,3990
-79.48319,43.731145,6158737,1175820,2010,2010-05-19T04:00:00.000Z,1530,15,WANDLE AVE,KEELE ST, ,Major Arterial,North York,43.731145,-79.48319,Intersection,At Intersection,No Control,Clear,Daylight,Dry,Non-Fatal Injury,Pedestrian Collisions,Driver,55 to 59,Minimal,0,North,"Automobile, Station Wagon",Turning Left,Failed to Yield Right of Way,Normal, , , , , , ,Yes, ,Yes, , , , , , ,Yes, , , ,31,,,26,,3991
-79.48319,43.731145,6158738,1175820,2010,2010-05-19T04:00:00.000Z,1530,15,WANDLE AVE,KEELE ST, ,Major Arterial,North York,43.731145,-79.48319,Intersection,At Intersection,No Control,Clear,Daylight,Dry,Non-Fatal Injury,Pedestrian Collisions,Vehicle Owner,unknown, ,0, ,Other, , , , , , , , , ,Yes, ,Yes, , , , , , ,Yes, , , ,31,,,26,,3992
-79.48319,43.731145,6158739,1175820,2010,2010-05-19T04:00:00.000Z,1530,15,WANDLE AVE,KEELE ST, ,Major Arterial,North York,43.731145,-79.48319,Intersection,At Intersection,No Control,Clear,Daylight,Dry,Non-Fatal Injury,Pedestrian Collisions,Driver,20 to 24,None,0,South,"Automobile, Station Wagon",Stopped,Driving Properly,Normal, , , , , , ,Yes, ,Yes, , , , , , ,Yes, , , ,31,,,26,,3993
-79.48319,43.731145,6158740,1175820,2010,2010-05-19T04:00:00.000Z,1530,15,WANDLE AVE,KEELE ST, ,Major Arterial,North York,43.731145,-79.48319,Intersection,At Intersection,No Control,Clear,Daylight,Dry,Non-Fatal Injury,Pedestrian Collisions,Pedestrian,35 to 39,Major,0,South,Other, , , ,Vehicle turns left while ped crosses with ROW at inter.,Crossing with right of way,Normal, , , ,Yes, ,Yes, , , , , , ,Yes, , , ,31,,,26,,3994
-79.38789,43.708845,6166118,1179068,2010,2010-07-06T04:00:00.000Z,1530,15,EGLINTON Aven E,RAWLINSON Aven, ,Major Arterial,North York,43.708845,-79.38789,Intersection,At Intersection,Stop Sign,Clear,Daylight,Dry,Non-Fatal Injury,Cyclist Collisions,Driver,unknown,None,0,South,"Automobile, Station Wagon",Turning Left,Failed to Yield Right of Way,Normal, , , , , , , ,Yes,Yes, , , , , , ,Yes, , , ,53,,,99,,3995
-79.38789,43.708845,6166119,1179068,2010,2010-07-06T04:00:00.000Z,1530,15,EGLINTON Aven E,RAWLINSON Aven, ,Major Arterial,North York,43.708845,-79.38789,Intersection,At Intersection,Stop Sign,Clear,Daylight,Dry,Non-Fatal Injury,Cyclist Collisions,Cyclist,30 to 34,Major,0,East,Bicycle,Slowing or Stopping, , , , , ,Motorist turned left across cyclists path.,Driving Properly,Normal, ,Yes,Yes, , , , , , ,Yes, , , ,53,,,99,,3996
-79.41309,43.782345,6685782,1258447,2011,2011-08-11T04:00:00.000Z,1530,15,BISHOP Aven,KENNETH Aven, ,Collector,North York,43.782345,-79.41309,Intersection,At Intersection,No Control,Clear,Daylight,Dry,Non-Fatal Injury,Pedestrian Collisions,Driver,50 to 54,None,0,West,"Automobile, Station Wagon",Turning Left,Failed to Yield Right of Way,Inattentive, , , , , , ,Yes, ,Yes, , , , , , ,Yes, , , ,32,,,50,,3997
-79.41309,43.782345,6685783,1258447,2011,2011-08-11T04:00:00.000Z,1530,15,BISHOP Aven,KENNETH Aven, ,Collector,North York,43.782345,-79.41309,Intersection,At Intersection,No Control,Clear,Daylight,Dry,Non-Fatal Injury,Pedestrian Collisions,Pedestrian,55 to 59,Major,0,East,Other, , , ,Vehicle turns left while ped crosses with ROW at inter.,Crossing with right of way,Normal, , , ,Yes, ,Yes, , , , , , ,Yes, , , ,32,,,50,,3998
-79.44399,43.680145,7542092,1300754,2012,2012-04-30T04:00:00.000Z,1530,15,DUFFERIN ST,ASCOT AVE, ,Major Arterial,Toronto and East York,43.680145,-79.44399,Intersection,At Intersection,Traffic Signal,Rain,Daylight,Wet,Non-Fatal Injury,Pedestrian Collisions,Vehicle Owner,unknown, ,0, ,Other, , , , , , , , , ,Yes, ,Yes, , , , , , ,Yes, , , ,13,,,92,,3999
-79.44399,43.680145,7542093,1300754,2012,2012-04-30T04:00:00.000Z,1530,15,DUFFERIN ST,ASCOT AVE, ,Major Arterial,Toronto and East York,43.680145,-79.44399,Intersection,At Intersection,Traffic Signal,Rain,Daylight,Wet,Non-Fatal Injury,Pedestrian Collisions,Driver,20 to 24,None,0,East,"Automobile, Station Wagon",Turning Left,Failed to Yield Right of Way,Inattentive, , , , , , ,Yes, ,Yes, , , , , , ,Yes, , , ,13,,,92,,4000